entry_time,exit_time,type,direction,sell_strike,buy_strike,opt_type,expiry,spot_entry,spot_exit,sell_entry,buy_entry,entry_credit,sell_exit,buy_exit,exit_debit,pnl_per_unit,gross_pnl,brokerage,net_pnl,exit_reason,stt,exchange_txn,gst,stamp_duty
2024-10-03 09:30:00,2024-10-03 11:00:00,BULL_PUT,BULLISH,25600,25100,PE,2024-10-10,25588.15,25505.15,152.92125,39.280499999999996,113.64075,191.17524999999998,46.04875,145.12649999999996,-31.485749999999967,-10232.868749999989,220.68,-10453.548749999989,Reversal,65.65,49.55,23.34,2
2024-10-03 11:00:00,2024-10-04 09:30:00,BEAR_CALL,BEARISH,25500,26000,CE,2024-10-10,25505.15,25130.5,212.21824999999998,35.2205,176.99775,72.065,9.11125,62.95375,114.044,37064.299999999996,213.57,36850.729999999996,Reversal,73.03,38.16,21.28,1
2024-10-04 09:30:00,2024-10-04 14:00:00,BULL_PUT,BULLISH,25150,24650,PE,2024-10-10,25130.5,25045.6,164.5935,62.42249999999999,102.17100000000002,228.37499999999997,74.7024,153.6726,-51.50159999999997,-16738.01999999999,248.69,-16986.70999999999,Reversal,78.96000000000001,61.14,25.43,3
2024-10-04 14:00:00,2024-10-07 09:30:00,BEAR_CALL,BEARISH,25050,25550,CE,2024-10-10,25045.6,25077.8,221.1325,41.76725,179.36525,210.96774999999997,31.07675,179.89099999999996,-0.5257499999999595,-170.86874999998685,248.62,-419.48874999998685,Reversal,83.21,58.32,24.93,2
2024-10-07 09:30:00,2024-10-07 11:00:00,BULL_PUT,BULLISH,25100,24600,PE,2024-10-10,25077.8,24896.9,163.85475,43.18825,120.6665,289.5795,85.892,203.6875,-83.021,-26981.825,259.24,-27241.065000000002,Reversal,82.4,67.13,26.51,3
2024-10-07 11:00:00,2024-10-08 09:15:00,BEAR_CALL,BEARISH,24900,25400,CE,2024-10-10,24896.9,24819.0,201.87574999999998,35.565599999999996,166.31015,152.24999999999997,21.52225,130.72774999999996,35.582400000000035,11564.280000000012,225.39,11338.890000000012,Reversal,73.71,47.55,22.979999999999997,1
2024-10-09 09:30:00,2024-10-09 12:30:00,BULL_PUT,BULLISH,25050,24550,PE,2024-10-10,25055.45,25136.7,143.36675,19.17335,124.1934,67.9035,5.4174999999999995,62.486,61.7074,20054.905,176.85,19878.055,Reversal,49.089999999999996,27.349999999999998,19.340000000000003,1
2024-10-09 12:30:00,2024-10-10 11:00:00,BEAR_CALL,BEARISH,25150,25650,CE,2024-10-10,25136.7,25072.0,88.30525,4.00925,84.296,18.01625,0.4925,17.52375,66.77225000000001,21700.981250000004,138.99,21561.991250000003,Reversal,29.3,12.92,16.73,0
2024-10-10 11:00:00,2024-10-10 12:30:00,BULL_PUT,BULLISH,25050,24550,PE,2024-10-17,25072.0,25041.9,137.4075,29.79025,107.61725,153.36649999999997,32.505,120.86149999999998,-13.24424999999998,-4304.381249999993,199.69,-4504.071249999993,Reversal,56.06,40.760000000000005,21.759999999999998,1
2024-10-10 12:30:00,2024-10-11 14:00:00,BEAR_CALL,BEARISH,25050,25550,CE,2024-10-17,25041.9,24967.7,183.8995,25.730249999999998,158.16924999999998,118.6535,9.20975,109.44375,48.72549999999998,15835.787499999995,205.33999999999997,15630.447499999995,Reversal,63.72,39.07,21.45,1
2024-10-11 14:00:00,2024-10-14 14:00:00,BULL_PUT,BULLISH,24950,24450,PE,2024-10-17,24967.7,25129.4,119.72675,20.299999999999997,99.42675,47.501999999999995,5.86075,41.64124999999999,57.785500000000006,18780.287500000002,162.38,18617.9075,Reversal,41.43,22.44,18.450000000000003,0
2024-10-14 14:00:00,2024-10-15 09:30:00,BEAR_CALL,BEARISH,25150,25650,CE,2024-10-17,25129.4,25176.2,109.97525,5.074999999999999,104.90025,114.33975,3.4967499999999996,110.84299999999999,-5.9427499999999895,-1931.3937499999965,164.65,-2096.0437499999966,Reversal,37.44,26.89,19.25,1
2024-10-15 09:30:00,2024-10-15 11:00:00,BULL_PUT,BULLISH,25200,24700,PE,2024-10-17,25176.2,25078.25,108.547,7.4094999999999995,101.1375,188.73924999999997,14.0855,174.65374999999997,-73.51624999999997,-23892.78124999999,180.27999999999997,-24073.061249999988,Reversal,40.46,36.69,21.02,2
2024-10-15 11:00:00,2024-10-15 12:30:00,BEAR_CALL,BEARISH,25100,25600,CE,2024-10-17,25078.25,25058.1,88.10825,3.654,84.45425,79.37299999999999,3.39825,75.97474999999999,8.479500000000016,2755.837500000005,149.46,2606.377500000005,Reversal,30.19,20.17,18.04,1
2024-10-15 12:30:00,2024-10-15 14:00:00,BULL_PUT,BULLISH,25050,24550,PE,2024-10-17,25058.1,25038.3,100.9625,6.242249999999999,94.72025000000001,117.48624999999998,6.64875,110.83749999999998,-16.11724999999997,-5238.106249999991,162.5,-5400.606249999991,Reversal,35.5,26.700000000000003,19.21,1
2024-10-15 14:00:00,2024-10-16 09:30:00,BEAR_CALL,BEARISH,25050,25550,CE,2024-10-17,25038.3,25016.75,82.88775000000001,3.6032499999999996,79.28450000000001,74.8055,2.41325,72.39224999999999,6.892250000000018,2239.981250000006,145.94,2094.041250000006,Reversal,28.150000000000002,18.92,17.82,1
2024-10-16 09:30:00,2024-10-16 11:00:00,BULL_PUT,BULLISH,25000,24500,PE,2024-10-17,25016.75,25031.75,69.49175,2.32435,67.1674,60.69699999999999,2.6102499999999997,58.08674999999999,9.080650000000013,2951.211250000004,137.67000000000002,2813.541250000004,Reversal,23.79,15.620000000000001,17.22,1
2024-10-16 11:00:00,2024-10-16 14:00:00,BEAR_CALL,BEARISH,25050,25550,CE,2024-10-17,25031.75,24969.1,73.82575,2.5780999999999996,71.24765,41.614999999999995,1.97,39.644999999999996,31.602649999999997,10270.86125,135.87,10134.99125,Reversal,25.009999999999998,13.919999999999998,16.92,0
2024-10-16 14:00:00,2024-10-17 09:15:00,BULL_PUT,BULLISH,24950,24450,PE,2024-10-17,24969.1,24959.9,66.14275,2.5374999999999996,63.605250000000005,38.41775,0.5417500000000001,37.876,25.729250000000008,8362.006250000002,131.16,8230.846250000002,Reversal,22.0,12.469999999999999,16.65,0
2024-10-21 14:00:00,2024-10-22 09:15:00,BULL_PUT,BULLISH,24850,24350,PE,2024-10-24,24854.3,24739.45,114.851,13.448749999999999,101.40225,166.05399999999997,17.336000000000002,148.71799999999996,-47.315749999999966,-15377.618749999989,182.51,-15560.128749999989,Reversal,43.62,35.910000000000004,20.89,2
2024-10-23 11:00:00,2024-10-23 14:00:00,BULL_PUT,BULLISH,24550,24050,PE,2024-10-24,24532.8,24530.2,93.2795,9.693249999999999,83.58625,95.56224999999999,4.8265,90.73575,-7.149499999999989,-2323.5874999999965,155.54,-2479.1274999999964,Reversal,32.370000000000005,23.479999999999997,18.63,1
2024-10-23 14:00:00,2024-10-24 11:00:00,BEAR_CALL,BEARISH,24550,25050,CE,2024-10-24,24530.2,24405.6,67.52175,2.03,65.49175,3.8569999999999993,0.64025,3.2167499999999993,62.275,20239.375,127.14000000000001,20112.235,Reversal,22.490000000000002,8.66,15.96,0
2024-10-24 11:00:00,2024-10-24 12:30:00,BULL_PUT,BULLISH,24400,23900,PE,2024-10-31,24405.6,24402.2,139.56465,31.921749999999996,107.6429,139.9685,27.826249999999998,112.14225,-4.499350000000007,-1462.2887500000022,196.99,-1659.2787500000022,Reversal,55.23,39.18,21.47,1
2024-10-24 12:30:00,2024-10-25 09:15:00,BEAR_CALL,BEARISH,24400,24900,CE,2024-10-31,24402.2,24414.6,181.1415,23.040499999999998,158.101,172.0425,21.22675,150.81574999999998,7.285250000000019,2367.706250000006,217.51,2150.1962500000063,Reversal,66.77000000000001,45.92,22.689999999999998,2
2024-10-25 11:00:00,2024-10-28 09:15:00,BEAR_CALL,BEARISH,24150,24650,CE,2024-10-31,24155.15,24211.8,184.63825,26.4915,158.14675,201.83274999999998,18.2225,183.61024999999998,-25.463499999999982,-8275.637499999993,222.21,-8497.847499999993,Reversal,66.93,49.760000000000005,23.380000000000003,2
2024-10-28 14:00:00,2024-10-29 12:30:00,BEAR_CALL,BEARISH,24400,24900,CE,2024-10-31,24416.25,24274.65,120.61325000000001,6.394499999999999,114.21875000000001,61.102999999999994,2.5019,58.601099999999995,55.61765000000002,18075.736250000005,162.19,17913.546250000007,Reversal,40.629999999999995,22.11,18.39,1
2024-10-29 12:30:00,2024-10-30 14:00:00,BULL_PUT,BULLISH,24250,23750,PE,2024-10-31,24274.65,24365.4,88.99475,8.77975,80.215,37.4535,2.0094,35.4441,44.770900000000005,14550.542500000001,143.27,14407.272500000001,Reversal,30.02,15.93,17.27,0
2024-10-30 14:00:00,2024-10-31 14:00:00,BEAR_CALL,BEARISH,24350,24850,CE,2024-10-31,24365.4,24206.6,92.68849999999999,1.9792499999999997,90.70925,1.6239999999999999,0.5417500000000001,1.0822499999999997,89.627,29128.774999999998,138.57999999999998,28990.194999999996,Reversal,30.759999999999998,11.34,16.439999999999998,0
2024-10-31 14:00:00,2024-11-04 11:00:00,BULL_PUT,BULLISH,24200,23700,PE,2024-11-07,24206.6,23884.6,197.394,62.42249999999999,134.97150000000002,435.23199999999997,150.80349999999999,284.4285,-149.45699999999997,-48573.52499999999,329.58000000000004,-48903.10499999999,Reversal,114.88999999999999,97.42999999999999,31.99,5
2024-11-04 11:00:00,2024-11-04 12:30:00,BEAR_CALL,BEARISH,23900,24400,CE,2024-11-07,23884.6,23885.65,194.88225,39.43275,155.4495,199.2445,35.46,163.78449999999998,-8.33499999999998,-2708.874999999993,236.49,-2945.3649999999934,Reversal,76.0,54.15,24.17,2
2024-11-04 12:30:00,2024-11-04 14:00:00,BULL_PUT,BULLISH,23900,23400,PE,2024-11-07,23885.65,23914.5,224.4815,66.06635,158.41515,207.92274999999998,53.8795,154.04324999999997,4.371900000000039,1420.8675000000128,264.74,1156.1275000000128,Reversal,91.85,63.8,25.92,3
2024-11-04 14:00:00,2024-11-05 09:15:00,BEAR_CALL,BEARISH,23900,24400,CE,2024-11-07,23914.5,23990.95,209.3125,41.00599999999999,168.3065,229.49149999999997,37.9225,191.56899999999996,-23.26249999999996,-7560.312499999987,248.68,-7808.992499999988,Reversal,81.57000000000001,59.75,25.19,2
2024-11-05 12:30:00,2024-11-05 14:00:00,BEAR_CALL,BEARISH,23900,24400,CE,2024-11-07,23879.35,24124.9,184.44125,28.419999999999998,156.02125,298.15624999999994,55.652499999999996,242.50374999999994,-86.48249999999993,-28106.812499999978,253.89,-28360.702499999978,Reversal,79.22,65.3,26.189999999999998,3
2024-11-05 14:00:00,2024-11-06 11:00:00,BULL_PUT,BULLISH,24100,23600,PE,2024-11-07,24124.9,24361.2,166.071,32.77435,133.29665,31.261999999999997,6.05775,25.204249999999995,108.0924,35130.03,183.69,34946.34,Reversal,56.8,27.47,19.36,0
2024-11-06 11:00:00,2024-11-06 12:30:00,BEAR_CALL,BEARISH,24350,24850,CE,2024-11-07,24361.2,24426.5,106.52775,6.191499999999999,100.33624999999999,130.732,6.6979999999999995,124.034,-23.697750000000013,-7701.768750000005,166.89999999999998,-7868.668750000004,Reversal,37.36,28.85,19.61,1
2024-11-06 12:30:00,2024-11-07 09:15:00,BULL_PUT,BULLISH,24450,23950,PE,2024-11-07,24426.5,24493.9,117.75675,9.074099999999998,108.68265,82.21499999999999,1.576,80.639,28.04365,9114.18625,163.62,8950.56625,Reversal,39.370000000000005,24.38,18.8,1
2024-11-08 14:00:00,2024-11-11 09:30:00,BULL_PUT,BULLISH,24150,23650,PE,2024-11-14,24151.6,24099.15,133.31975,20.909,112.41075000000001,160.92825,19.59165,141.33659999999998,-28.92584999999997,-9400.90124999999,192.53,-9593.43124999999,Reversal,50.45,38.61,21.369999999999997,2
2024-11-11 09:30:00,2024-11-11 11:00:00,BEAR_CALL,BEARISH,24100,24600,CE,2024-11-14,24099.15,24264.75,140.855,12.02775,128.82725,235.48,22.064,213.416,-84.58875,-27491.34375,206.07,-27697.41375,Reversal,53.76,47.26,22.93,2
2024-11-11 11:00:00,2024-11-11 12:30:00,BULL_PUT,BULLISH,24250,23750,PE,2024-11-14,24264.75,24229.0,115.39275,12.332249999999998,103.0605,132.14284999999998,12.608,119.53484999999998,-16.474349999999973,-5354.1637499999915,174.84,-5529.003749999992,Reversal,42.230000000000004,31.44,20.08,1
2024-11-11 12:30:00,2024-11-12 09:15:00,BEAR_CALL,BEARISH,24250,24750,CE,2024-11-14,24229.0,24122.1,114.26,7.05425,107.20575000000001,98.91175,4.6295,94.28225,12.923500000000004,4200.137500000002,165.39,4034.7475000000018,Reversal,39.230000000000004,26.0,19.09,1
2024-11-12 09:30:00,2024-11-14 10:15:00,BEAR_CALL,BEARISH,24150,24650,CE,2024-11-14,24173.5,23616.9,130.4534,6.648249999999999,123.80514999999998,0.8,0.3,0.5,123.30514999999998,40074.173749999994,156.68,39917.493749999994,Expiry book profit,43.14,16.18,17.32,0
2024-11-14 11:00:00,2024-11-14 14:00:00,BULL_PUT,BULLISH,23550,23050,PE,2024-11-21,23554.1,23532.05,136.521,27.303499999999996,109.21749999999999,144.0691,25.85625,118.21284999999999,-8.995350000000002,-2923.4887500000004,194.57,-3118.0587500000006,Reversal,53.58,38.53,21.36,1
2024-11-14 14:00:00,2024-11-18 09:15:00,BEAR_CALL,BEARISH,23550,24050,CE,2024-11-21,23532.05,23559.6,144.64724999999999,17.864,126.78324999999998,165.59725,17.089750000000002,148.5075,-21.724250000000012,-7060.381250000004,196.89,-7257.271250000004,Reversal,53.37,39.83,21.590000000000003,2
2024-11-18 11:00:00,2024-11-18 12:30:00,BEAR_CALL,BEARISH,23400,23900,CE,2024-11-21,23413.5,23542.5,131.74375,9.18575,122.558,248.01524999999998,23.049,224.96624999999997,-102.40824999999997,-33282.68124999999,203.57,-33486.25124999999,Reversal,51.08,47.41,22.96,2
2024-11-18 12:30:00,2024-11-18 14:00:00,BULL_PUT,BULLISH,23550,23050,PE,2024-11-21,23542.5,23492.4,113.37349999999999,12.991999999999999,100.38149999999999,148.1291,15.21825,132.91084999999998,-32.529349999999994,-10572.038749999998,177.35,-10749.388749999998,Reversal,42.42999999999999,33.41,20.43,1
2024-11-18 14:00:00,2024-11-19 09:30:00,BEAR_CALL,BEARISH,23500,24000,CE,2024-11-21,23492.4,23663.85,121.79525000000001,6.648249999999999,115.147,204.92849999999999,9.1605,195.76799999999997,-80.62099999999997,-26201.82499999999,186.25,-26388.07499999999,Reversal,43.21,39.42,21.509999999999998,2
2024-11-19 09:30:00,2024-11-21 09:15:00,BULL_PUT,BULLISH,23650,23150,PE,2024-11-21,23663.85,23468.7,106.4785,8.88125,97.59725,323.379,32.25875,291.12025,-193.523,-62894.975,207.14999999999998,-63102.125,Reversal,45.77,54.06,24.16,3
2024-11-21 12:30:00,2024-11-25 12:30:00,BULL_PUT,BULLISH,23350,22850,PE,2024-11-28,23352.0,24282.65,167.15449999999998,46.588499999999996,120.56599999999999,10.089099999999998,4.3340000000000005,5.755099999999998,114.81089999999999,37313.542499999996,182.4,37131.142499999994,Reversal,56.58,26.56,19.189999999999998,0
2024-11-25 12:30:00,2024-11-26 09:15:00,BEAR_CALL,BEARISH,24300,24800,CE,2024-11-28,24282.65,24250.8,138.49099999999999,15.275749999999999,123.21524999999998,123.42399999999998,9.259,114.16499999999998,9.050250000000005,2941.331250000002,183.32999999999998,2758.001250000002,Reversal,48.760000000000005,33.1,20.369999999999997,1
2024-11-26 11:00:00,2024-11-27 09:15:00,BEAR_CALL,BEARISH,24200,24700,CE,2024-11-28,24219.05,24192.95,125.14425,7.713999999999999,117.43025,102.81949999999999,3.79225,99.02725,18.403000000000006,5980.975000000002,170.71,5810.265000000002,Reversal,42.54,27.69,19.4,1
2024-11-29 11:00:00,2024-11-29 12:30:00,BULL_PUT,BULLISH,24150,23650,PE,2024-12-05,24130.0,24109.5,178.7775,46.63925,132.13825,170.317,33.687000000000005,136.63,-4.491749999999996,-1459.8187499999988,225.19,-1685.0087499999988,Reversal,70.11,49.59,23.35,2
2024-11-29 12:30:00,2024-11-29 14:00:00,BEAR_CALL,BEARISH,24100,24600,CE,2024-12-05,24109.5,24144.9,196.7045,27.45575,169.24875,234.16049999999996,28.959,205.20149999999995,-35.95274999999995,-11684.643749999985,237.38,-11922.023749999984,Reversal,74.45,56.21,24.549999999999997,2
2024-11-29 14:00:00,2024-12-02 09:15:00,BULL_PUT,BULLISH,24150,23650,PE,2024-12-05,24144.9,24123.65,129.626,25.983999999999998,103.64200000000001,188.13025,36.3465,151.78375,-48.14174999999999,-15646.068749999997,203.01,-15849.078749999997,Reversal,54.760000000000005,43.81,22.310000000000002,2
2024-12-02 11:00:00,2024-12-04 09:30:00,BULL_PUT,BULLISH,24100,23600,PE,2024-12-05,24112.5,24516.3,132.9159,23.243499999999997,109.6724,25.679499999999997,2.955,22.7245,86.9479,28258.0675,164.66,28093.4075,Reversal,44.83,21.5,18.28,0
2024-12-04 09:30:00,2024-12-04 14:00:00,BEAR_CALL,BEARISH,24500,25000,CE,2024-12-05,24516.3,24531.8,124.06075,4.5675,119.49325,120.58199999999998,2.955,117.62699999999998,1.8662500000000222,606.5312500000072,171.76,434.77125000000717,Reversal,41.9,29.12,19.66,1
2024-12-04 14:00:00,2024-12-05 09:15:00,BULL_PUT,BULLISH,24550,24050,PE,2024-12-05,24531.8,24461.55,129.4684,13.296499999999998,116.17190000000001,150.98125,12.9035,138.07774999999998,-21.905849999999973,-7119.401249999991,184.25,-7303.651249999991,Reversal,46.98,35.38,20.78,1
2024-12-05 12:30:00,2024-12-06 09:15:00,BULL_PUT,BULLISH,24600,24100,PE,2024-12-12,24608.1,24701.55,227.535,83.33149999999999,144.20350000000002,194.88,61.07,133.81,10.393500000000017,3377.8875000000057,270.12,3107.767500000006,Reversal,95.22999999999999,65.47999999999999,26.22,3
2024-12-06 11:00:00,2024-12-06 12:30:00,BULL_PUT,BULLISH,24700,24200,PE,2024-12-12,24712.3,24710.8,186.90375,45.065999999999995,141.83775,184.0195,40.43425,143.58525,-1.7475000000000023,-567.9375000000007,233.79000000000002,-801.7275000000006,Reversal,75.01,52.72,23.91,2
2024-12-06 12:30:00,2024-12-09 09:15:00,BEAR_CALL,BEARISH,24700,25200,CE,2024-12-12,24710.8,24669.0,197.04925,36.946,160.10325,161.2835,22.999750000000002,138.28375,21.819500000000005,7091.3375000000015,226.21,6865.127500000001,Reversal,72.61,48.34,23.130000000000003,2
2024-12-09 09:30:00,2024-12-09 12:30:00,BEAR_CALL,BEARISH,24650,25150,CE,2024-12-12,24662.75,24661.8,176.6105,28.014,148.5965,152.7575,19.74925,133.00825,15.588249999999988,5066.181249999996,211.76,4854.421249999996,Reversal,64.79,43.58,22.259999999999998,1
2024-12-09 12:30:00,2024-12-09 14:00:00,BULL_PUT,BULLISH,24650,24150,PE,2024-12-12,24661.8,24627.4,154.251,23.345,130.906,170.57075,23.39375,147.177,-16.270999999999987,-5288.074999999995,205.75,-5493.824999999995,Reversal,58.62,42.89,22.14,2
2024-12-09 14:00:00,2024-12-10 09:30:00,BEAR_CALL,BEARISH,24650,25150,CE,2024-12-12,24627.4,24596.0,133.71375,18.067,115.64675,114.898,11.57375,103.32424999999999,12.322500000000005,4004.812500000002,181.39,3823.422500000002,Reversal,47.94,32.16,20.200000000000003,1
2024-12-10 09:30:00,2024-12-10 11:00:00,BULL_PUT,BULLISH,24600,24100,PE,2024-12-12,24596.0,24639.3,127.1635,13.347249999999999,113.81625,106.2705,8.471,97.7995,16.016750000000002,5205.44375,175.07999999999998,5030.36375,Reversal,44.75,29.509999999999998,19.72,1
2024-12-10 11:00:00,2024-12-11 09:15:00,BEAR_CALL,BEARISH,24650,25150,CE,2024-12-12,24639.3,24620.5,112.9795,10.20075,102.77875,85.00625,5.66375,79.3425,23.43625,7616.78125,163.81,7452.97125,Reversal,39.15,24.740000000000002,18.87,1
2024-12-13 12:30:00,2024-12-16 11:00:00,BULL_PUT,BULLISH,24600,24100,PE,2024-12-19,24584.2,24653.75,182.96375,43.137499999999996,139.82625000000002,141.84625,22.01475,119.8315,19.99475000000001,6498.2937500000035,216.38,6281.913750000003,Reversal,67.63,45.08,22.54,1
2024-12-16 11:00:00,2024-12-16 14:00:00,BEAR_CALL,BEARISH,24650,25150,CE,2024-12-19,24653.75,24658.5,172.52275,26.034749999999995,146.488,181.32975,22.655,158.67475,-12.18674999999999,-3960.6937499999967,215.79000000000002,-4176.483749999997,Reversal,64.39,46.480000000000004,22.79,2
2024-12-16 14:00:00,2024-12-17 09:30:00,BULL_PUT,BULLISH,24650,24150,PE,2024-12-19,24658.5,24591.9,137.9,19.640249999999998,118.25975000000001,191.68274999999997,28.368,163.31474999999998,-45.054999999999964,-14642.874999999989,202.76999999999998,-14845.64499999999,Reversal,54.86,43.53,22.259999999999998,2
2024-12-17 09:30:00,2024-12-19 09:30:00,BEAR_CALL,BEARISH,24600,25100,CE,2024-12-19,24591.9,23885.7,153.06900000000002,20.959749999999996,132.10925000000003,5.633249999999999,3.0535,2.5797499999999993,129.52950000000004,42097.087500000016,171.15,41925.937500000015,Reversal,51.519999999999996,21.33,18.25,0
2024-12-26 14:00:00,2024-12-27 12:30:00,BULL_PUT,BULLISH,23750,23250,PE,2025-01-02,23740.2,23837.55,156.71349999999998,32.73374999999999,123.97975,101.85524999999998,14.8735,86.98174999999998,36.99800000000002,12024.350000000006,193.94,11830.410000000005,Reversal,56.620000000000005,35.43,20.799999999999997,1
2024-12-27 14:00:00,2024-12-30 09:15:00,BULL_PUT,BULLISH,23850,23350,PE,2025-01-02,23856.45,23832.45,109.729,15.427999999999997,94.301,157.325,19.9955,137.3295,-43.028499999999994,-13984.262499999999,180.45999999999998,-14164.722499999998,Reversal,42.800000000000004,34.86,20.689999999999998,2
2024-12-30 11:00:00,2024-12-30 14:00:00,BULL_PUT,BULLISH,23800,23300,PE,2025-01-02,23803.7,23665.85,111.25575,10.149999999999999,101.10575,222.99549999999996,30.6335,192.36199999999997,-91.25624999999997,-29658.28124999999,194.29,-29852.57124999999,Reversal,46.82,43.16,22.189999999999998,2
2024-12-31 11:00:00,2025-01-01 09:15:00,BULL_PUT,BULLISH,23550,23050,PE,2025-01-02,23571.75,23668.8,105.198,12.02775,93.17025,80.591,7.5352500000000004,73.05574999999999,20.114500000000007,6537.212500000002,160.7,6376.512500000003,Reversal,37.2,23.75,18.68,1
2025-01-01 09:30:00,2025-01-01 12:30:00,BULL_PUT,BULLISH,23650,23150,PE,2025-01-02,23640.85,23748.9,111.35425,9.896249999999998,101.458,85.05699999999999,6.944249999999999,78.11274999999999,23.345250000000007,7587.206250000002,163.62,7423.586250000002,Reversal,39.03,24.67,18.85,1
2025-01-01 14:00:00,2025-01-02 09:15:00,BULL_PUT,BULLISH,23800,23300,PE,2025-01-02,23785.4,23758.7,104.16375,10.251499999999998,93.91225,112.41125,4.767399999999999,107.64385,-13.7316,-4462.77,162.96,-4625.7300000000005,Reversal,35.94,26.73,19.22,1
2025-01-02 11:00:00,2025-01-03 11:00:00,BULL_PUT,BULLISH,23950,23450,PE,2025-01-09,23932.75,24011.6,213.79425,67.3351,146.45915000000002,139.46099999999998,20.685,118.77599999999998,27.68315000000004,8997.023750000013,234.12,8762.903750000012,Reversal,77.37,51.01,23.61,2
2025-01-03 11:00:00,2025-01-03 12:30:00,BEAR_CALL,BEARISH,24000,24500,CE,2025-01-09,24011.6,24059.1,168.5335,27.45575,141.07775,179.452,23.64,155.812,-14.734250000000003,-4788.631250000001,214.32999999999998,-5002.961250000001,Reversal,63.41,46.07,22.72,2
2025-01-03 12:30:00,2025-01-06 09:15:00,BULL_PUT,BULLISH,24050,23550,PE,2025-01-09,24059.1,23990.15,156.27025,23.345,132.92525,168.43924999999996,22.9505,145.48874999999995,-12.563499999999948,-4083.137499999983,206.22,-4289.357499999983,Reversal,59.13,42.83,22.130000000000003,2
2025-01-07 09:30:00,2025-01-07 12:30:00,BULL_PUT,BULLISH,23750,23250,PE,2025-01-09,23756.65,23720.4,142.48025,28.064749999999997,114.41550000000001,145.84535,19.4045,126.44085,-12.025349999999989,-3908.2387499999963,194.68,-4102.918749999996,Reversal,53.41,38.769999999999996,21.4,1
2025-01-07 12:30:00,2025-01-07 14:00:00,BEAR_CALL,BEARISH,23700,24200,CE,2025-01-09,23720.4,23689.15,137.9,11.266499999999999,126.63350000000001,127.17949999999999,9.40675,117.77274999999999,8.860750000000024,2879.743750000008,183.07999999999998,2696.663750000008,Reversal,48.6,33.019999999999996,20.36,1
2025-01-07 14:00:00,2025-01-08 09:15:00,BULL_PUT,BULLISH,23700,23200,PE,2025-01-09,23689.15,23694.6,122.928,13.042749999999998,109.88525,124.43899999999998,8.3134,116.12559999999998,-6.240349999999978,-2028.113749999993,175.42,-2203.533749999993,Reversal,43.300000000000004,31.020000000000003,20.0,1
2025-01-08 14:00:00,2025-01-09 11:00:00,BULL_PUT,BULLISH,23650,23150,PE,2025-01-09,23666.3,23544.15,67.56115,4.15135,63.4098,134.42659999999998,2.0094,132.41719999999998,-69.00739999999999,-22427.404999999995,146.66,-22574.064999999995,Reversal,22.95,23.92,18.71,1
2025-01-09 11:00:00,2025-01-10 09:30:00,BEAR_CALL,BEARISH,23550,24050,CE,2025-01-16,23544.15,23518.8,192.41975,34.15474999999999,158.265,182.80149999999998,24.67425,158.12724999999998,0.13775000000001114,44.76875000000362,227.35,-182.58124999999637,Reversal,71.63,50.13,23.450000000000003,2
2025-01-10 09:30:00,2025-01-10 11:00:00,BULL_PUT,BULLISH,23500,23000,PE,2025-01-16,23518.8,23460.45,156.1225,34.51,121.61250000000001,171.28124999999997,38.415,132.86624999999998,-11.253749999999968,-3657.4687499999895,215.28,-3872.7487499999897,Reversal,64.19,46.22,22.740000000000002,2
2025-01-10 11:00:00,2025-01-10 12:30:00,BEAR_CALL,BEARISH,23450,23950,CE,2025-01-16,23460.45,23510.45,219.261,35.47425,183.78674999999998,219.1385,32.209500000000006,186.92899999999997,-3.14224999999999,-1021.2312499999967,248.54000000000002,-1269.7712499999968,Reversal,82.97,58.45,24.950000000000003,2
2025-01-10 12:30:00,2025-01-10 14:00:00,BULL_PUT,BULLISH,23500,23000,PE,2025-01-16,23510.45,23515.6,149.27675000000002,33.64724999999999,115.62950000000004,146.86034999999998,29.156000000000002,117.70434999999998,-2.074849999999941,-674.3262499999809,203.32,-877.6462499999809,Reversal,58.87,41.459999999999994,21.880000000000003,1
2025-01-10 14:00:00,2025-01-13 11:00:00,BEAR_CALL,BEARISH,23500,24000,CE,2025-01-16,23515.6,23295.65,183.35775,25.730249999999998,157.6275,74.4401,8.3725,66.0676,91.5599,29756.9675,198.73000000000002,29558.2375,Reversal,63.26,33.870000000000005,20.52,1
2025-01-13 11:00:00,2025-01-13 12:30:00,BULL_PUT,BULLISH,23300,22800,PE,2025-01-16,23295.65,23224.8,147.6515,29.993249999999996,117.65825000000001,173.56499999999997,27.383,146.18199999999996,-28.52374999999995,-9270.218749999984,205.84,-9476.058749999984,Reversal,57.76,43.68,22.28,2
2025-01-13 12:30:00,2025-01-14 11:00:00,BEAR_CALL,BEARISH,23200,23700,CE,2025-01-16,23224.8,23214.85,159.5109,19.17335,140.33755,131.63535,8.668000000000001,122.96734999999998,17.37020000000001,5645.315000000003,194.52,5450.795000000003,Reversal,55.49,36.87,21.060000000000002,1
2025-01-14 11:00:00,2025-01-14 12:30:00,BULL_PUT,BULLISH,23200,22700,PE,2025-01-16,23214.85,23172.4,75.7465,12.738249999999999,63.00825,95.56224999999999,12.411,83.15124999999999,-20.142999999999994,-6546.474999999998,151.29,-6697.764999999998,Reversal,29.08,22.66,18.490000000000002,1
2025-01-14 12:30:00,2025-01-15 09:15:00,BEAR_CALL,BEARISH,23150,23650,CE,2025-01-16,23172.4,23206.85,124.40549999999999,8.67825,115.72724999999998,153.265,6.304,146.96099999999998,-31.23375,-10150.96875,178.46,-10329.42875,Reversal,43.129999999999995,33.75,20.490000000000002,1
2025-01-15 12:30:00,2025-01-16 09:15:00,BEAR_CALL,BEARISH,23200,23700,CE,2025-01-16,23222.9,23228.1,77.96275,2.8419999999999996,75.12075,130.17374999999998,2.5019,127.67184999999998,-52.55109999999998,-17079.10749999999,151.01,-17230.11749999999,Reversal,26.549999999999997,24.560000000000002,18.84,1
2025-01-16 11:00:00,2025-01-16 12:30:00,BEAR_CALL,BEARISH,23300,23800,CE,2025-01-23,23289.75,23299.45,180.50125,27.912499999999998,152.58875,196.40249999999997,27.826249999999998,168.57625,-15.987499999999983,-5195.9374999999945,224.24,-5420.177499999994,Reversal,68.74000000000001,49.95,23.41,2
2025-01-16 12:30:00,2025-01-17 09:15:00,BULL_PUT,BULLISH,23300,22800,PE,2025-01-23,23299.45,23350.8,153.7585,35.525,118.23349999999999,210.96774999999997,48.11725,162.85049999999995,-44.61699999999996,-14500.524999999987,224.19,-14724.714999999987,Reversal,66.61,51.71,23.73,2
2025-01-17 09:30:00,2025-01-17 11:00:00,BULL_PUT,BULLISH,23200,22700,PE,2025-01-23,23220.7,23107.65,144.15474999999998,30.652999999999995,113.50174999999999,224.67024999999998,53.8795,170.79074999999997,-57.28899999999999,-18618.924999999996,223.59,-18842.514999999996,Reversal,65.34,52.269999999999996,23.83,2
2025-01-17 11:00:00,2025-01-17 12:30:00,BEAR_CALL,BEARISH,23100,23600,CE,2025-01-23,23107.65,23211.1,198.8715,32.074,166.7975,298.76525,64.3205,234.44475,-67.64724999999999,-21985.356249999997,265.29999999999995,-22250.656249999996,Reversal,86.84,68.49000000000001,26.77,3
2025-01-17 12:30:00,2025-01-17 14:00:00,BULL_PUT,BULLISH,23200,22700,PE,2025-01-23,23211.1,23191.85,176.118,48.16175,127.95625,168.896,32.84975,136.04625,-8.08999999999999,-2629.2499999999964,223.56,-2852.8099999999963,Reversal,68.95,49.2,23.28,2
2025-01-17 14:00:00,2025-01-20 09:15:00,BEAR_CALL,BEARISH,23200,23700,CE,2025-01-23,23191.85,23203.1,186.80525,28.014,158.79125,201.78199999999998,22.31025,179.47175,-20.680499999999995,-6721.1624999999985,225.34,-6946.502499999999,Reversal,69.0,50.66,23.55,2
2025-01-20 09:30:00,2025-01-20 11:00:00,BEAR_CALL,BEARISH,23200,23700,CE,2025-01-23,23209.25,23270.8,187.98725,24.410749999999997,163.57649999999998,207.66899999999998,19.55225,188.11674999999997,-24.540249999999986,-7975.581249999996,224.91,-8200.491249999995,Reversal,68.48,50.74,23.560000000000002,2
2025-01-20 11:00:00,2025-01-21 09:30:00,BULL_PUT,BULLISH,23250,22750,PE,2025-01-23,23270.8,23413.8,125.883,21.010499999999997,104.8725,74.34875,9.89925,64.4495,40.423,13137.475,171.88,12965.595000000001,Reversal,44.800000000000004,26.769999999999996,19.240000000000002,1
2025-01-21 09:30:00,2025-01-21 12:30:00,BEAR_CALL,BEARISH,23400,23900,CE,2025-01-23,23413.8,23138.55,138.44175,9.693249999999999,128.7485,65.61975,4.8265,60.79324999999999,67.95525,22085.456250000003,172.67,21912.786250000005,Reversal,47.27,25.36,18.98,1
2025-01-21 12:30:00,2025-01-22 09:15:00,BULL_PUT,BULLISH,23150,22650,PE,2025-01-23,23138.55,23053.05,160.40725,25.628749999999997,134.7785,137.9385,12.95275,124.98575000000001,9.792749999999998,3182.6437499999993,198.67000000000002,2983.973749999999,Reversal,57.2,38.93,21.43,1
2025-01-22 11:00:00,2025-01-22 12:30:00,BULL_PUT,BULLISH,23100,22600,PE,2025-01-23,23095.5,23013.4,75.89425,6.242249999999999,69.652,119.31324999999998,8.3725,110.94074999999998,-41.28874999999998,-13418.843749999993,151.79000000000002,-13570.633749999994,Reversal,27.799999999999997,24.17,18.759999999999998,1
2025-01-22 12:30:00,2025-01-23 09:15:00,BEAR_CALL,BEARISH,23000,23500,CE,2025-01-23,23013.4,23161.75,99.43575,4.9735,94.46225,132.2545,2.758,129.4965,-35.03425,-11386.13125,161.76,-11547.89125,Reversal,33.72,27.59,19.380000000000003,1
2025-01-24 11:00:00,2025-01-24 14:00:00,BULL_PUT,BULLISH,23200,22700,PE,2025-01-30,23221.2,23175.25,160.40725,33.28185,127.12540000000001,172.347,30.28875,142.05825000000002,-14.932850000000002,-4853.17625,213.45999999999998,-5066.6362500000005,Reversal,62.92,45.75,22.66,2
2025-01-24 14:00:00,2025-01-27 12:30:00,BEAR_CALL,BEARISH,23200,23700,CE,2025-01-30,23175.25,22936.25,167.69625,23.243499999999997,144.45274999999998,63.488249999999994,7.04275,56.445499999999996,88.00724999999998,28602.356249999993,188.96999999999997,28413.386249999992,Reversal,57.65,30.35,19.880000000000003,1
2025-01-27 12:30:00,2025-01-27 14:00:00,BULL_PUT,BULLISH,22950,22450,PE,2025-01-30,22936.25,22860.35,170.1095,29.840999999999994,140.26850000000002,212.18574999999998,35.80475,176.38099999999997,-36.112499999999955,-11736.562499999985,225.49,-11962.052499999985,Reversal,67.94,51.68,23.73,2
2025-01-27 14:00:00,2025-01-28 12:30:00,BEAR_CALL,BEARISH,22850,23350,CE,2025-01-30,22860.35,23008.7,157.84625,23.80175,134.0445,251.92299999999997,29.79625,222.12674999999996,-88.08224999999996,-28626.731249999986,221.45,-28848.181249999987,Reversal,61.91,53.36,24.03,2
2025-01-28 12:30:00,2025-01-29 09:15:00,BULL_PUT,BULLISH,23000,22500,PE,2025-01-30,23008.7,22976.3,125.63674999999999,17.00125,108.6355,123.88074999999999,11.3275,112.55324999999999,-3.917749999999998,-1273.2687499999993,178.56,-1451.8287499999992,Reversal,45.190000000000005,32.08,20.19,1
2025-01-29 11:00:00,2025-01-30 09:15:00,BULL_PUT,BULLISH,23100,22600,PE,2025-01-30,23122.85,23176.2,145.7209,19.487999999999996,126.2329,134.99499999999998,11.130500000000001,123.86449999999998,2.3684000000000225,769.7300000000073,189.71,580.0200000000073,Reversal,51.75,35.96,20.89,1
2025-01-30 09:30:00,2025-01-30 12:30:00,BULL_PUT,BULLISH,23150,22650,PE,2025-02-06,23169.45,23273.15,303.76415,140.07,163.69414999999998,258.825,110.07375,148.75124999999997,14.942900000000009,4856.442500000003,345.06,4511.382500000002,Reversal,136.55,93.9,31.34,3
2025-01-30 12:30:00,2025-01-31 09:15:00,BEAR_CALL,BEARISH,23250,23750,CE,2025-02-06,23273.15,23297.95,381.2935,162.39999999999998,218.89350000000002,373.41849999999994,140.70725,232.71124999999995,-13.817749999999933,-4490.768749999978,417.17999999999995,-4907.948749999979,Reversal,172.24,122.16,36.45,6
2025-02-01 12:30:00,2025-02-01 14:00:00,BEAR_CALL,BEARISH,23450,23950,CE,2025-02-06,23449.45,23495.25,198.182,45.928749999999994,152.25324999999998,200.361,34.475,165.886,-13.632750000000016,-4430.643750000005,238.58999999999997,-4669.233750000005,Reversal,76.77,55.3,24.38,2
2025-02-01 14:00:00,2025-02-03 09:15:00,BULL_PUT,BULLISH,23500,23000,PE,2025-02-06,23495.25,23495.3,156.418,30.043999999999997,126.37400000000001,245.93449999999999,48.70825,197.22625,-70.85224999999998,-23026.981249999993,229.69,-23256.671249999992,Reversal,67.68,55.45,24.41,2
2025-02-03 11:00:00,2025-02-03 12:30:00,BULL_PUT,BULLISH,23300,22800,PE,2025-02-06,23317.55,23288.6,96.28375,14.159249999999998,82.1245,106.981,14.72575,92.25524999999999,-10.130749999999992,-3292.4937499999974,163.74,-3456.2337499999976,Reversal,36.63,26.8,19.240000000000002,1
2025-02-03 12:30:00,2025-02-03 14:00:00,BEAR_CALL,BEARISH,23300,23800,CE,2025-02-06,23288.6,23325.55,130.36475,10.342849999999999,120.02189999999999,148.29149999999998,11.7215,136.57,-16.548100000000005,-5378.1325000000015,183.34,-5561.472500000002,Reversal,46.879999999999995,34.7,20.66,1
2025-02-03 14:00:00,2025-02-04 11:00:00,BULL_PUT,BULLISH,23350,22850,PE,2025-02-06,23325.55,23466.55,112.93025,15.732499999999998,97.19775,90.28425,11.82,78.46424999999999,18.733500000000006,6088.387500000003,168.14,5920.247500000002,Reversal,41.16,26.689999999999998,19.21,1
2025-02-04 11:00:00,2025-02-04 12:30:00,BEAR_CALL,BEARISH,23450,23950,CE,2025-02-06,23466.55,23577.6,154.39875,14.7175,139.68125,219.646,18.518,201.128,-61.44674999999998,-19970.193749999995,208.99,-20179.183749999997,Reversal,57.05,46.93,22.869999999999997,2
2025-02-04 12:30:00,2025-02-05 11:00:00,BULL_PUT,BULLISH,23600,23100,PE,2025-02-06,23577.6,23756.85,141.98775,22.127,119.86075000000001,25.425749999999997,2.9057500000000003,22.519999999999996,97.34075000000001,31635.743750000005,168.71,31467.033750000006,Reversal,47.81,22.39,18.44,0
2025-02-05 11:00:00,2025-02-05 14:00:00,BEAR_CALL,BEARISH,23750,24250,CE,2025-02-06,23756.85,23770.7,62.9415,2.639,60.302499999999995,68.05574999999999,2.0685000000000002,65.98724999999999,-5.684749999999994,-1847.543749999998,135.39,-1982.9337499999979,Reversal,21.45,15.66,17.23,1
2025-02-05 14:00:00,2025-02-06 09:15:00,BULL_PUT,BULLISH,23750,23250,PE,2025-02-06,23770.7,23686.75,72.7915,3.8569999999999993,68.9345,96.98324999999998,2.21625,94.76699999999998,-25.832499999999982,-8395.562499999995,144.14,-8539.702499999994,Reversal,24.75,20.259999999999998,18.060000000000002,1
2025-02-07 11:00:00,2025-02-10 09:15:00,BEAR_CALL,BEARISH,23600,24100,CE,2025-02-13,23613.2,23563.15,193.65099999999998,26.186999999999998,167.464,118.19675,12.46025,105.73649999999999,61.727500000000006,20061.437500000004,211.44,19849.997500000005,Reversal,68.01,40.59,21.73,1
2025-02-10 11:00:00,2025-02-11 09:15:00,BEAR_CALL,BEARISH,23400,23900,CE,2025-02-13,23395.3,23376.05,155.9255,19.132749999999998,136.79275,129.2095,12.411,116.79849999999999,19.994250000000022,6498.131250000008,194.26999999999998,6303.861250000007,Reversal,55.540000000000006,36.61,21.009999999999998,1
2025-02-11 11:00:00,2025-02-12 09:15:00,BEAR_CALL,BEARISH,23250,23750,CE,2025-02-13,23272.45,23070.5,136.11715,12.738249999999999,123.37890000000002,47.958749999999995,2.758,45.20074999999999,78.17815000000002,25407.898750000004,167.65,25240.248750000002,Reversal,45.81999999999999,23.19,18.58,0
2025-02-12 11:00:00,2025-02-12 12:30:00,BEAR_CALL,BEARISH,22900,23400,CE,2025-02-13,22923.05,23016.8,114.65400000000001,7.510999999999999,107.14300000000001,234.46499999999997,19.94625,214.51874999999998,-107.37574999999997,-34897.11874999999,192.06,-35089.178749999985,Reversal,44.41,43.31,22.22,2
2025-02-12 12:30:00,2025-02-13 14:00:00,BULL_PUT,BULLISH,23000,22500,PE,2025-02-13,23016.8,23077.9,78.1105,6.4959999999999996,71.6145,11.621749999999999,0.197,11.42475,60.189750000000004,19561.66875,133.53,19428.138750000002,Reversal,25.84,11.25,16.43,0
2025-02-13 14:00:00,2025-02-20 15:29:00,BEAR_CALL,BEARISH,23100,23600,CE,2025-02-20,23077.9,0.0,195.3255,32.885999999999996,162.4395,0.05,0.05,0.0,162.4395,52792.8375,190.42999999999998,52602.4075,Expiry settlement,64.49000000000001,26.650000000000002,19.21,0
2025-03-17 12:30:00,2025-03-19 12:30:00,BULL_PUT,BULLISH,22500,22000,PE,2025-03-20,22482.4,22901.3,121.20425,10.149999999999999,111.05425,8.06925,1.1228999999999998,6.946350000000001,104.1079,33835.0675,154.19,33680.877499999995,Reversal,40.36,16.41,17.36,0
2025-03-19 12:30:00,2025-03-19 14:00:00,BEAR_CALL,BEARISH,22900,23400,CE,2025-03-20,22901.3,22913.1,87.12325,1.4209999999999998,85.70224999999999,95.25774999999999,1.4775,93.78024999999998,-8.077999999999989,-2625.3499999999963,149.93,-2775.279999999996,Reversal,29.24,21.39,18.259999999999998,1
2025-03-19 14:00:00,2025-03-20 09:15:00,BULL_PUT,BULLISH,22900,22400,PE,2025-03-20,22913.1,22911.8,68.95,3.9584999999999995,64.9915,31.566499999999998,1.6744999999999999,29.892,35.099500000000006,11407.337500000001,132.27,11275.067500000001,Reversal,23.3,12.32,16.62,0
2025-03-20 12:30:00,2025-03-21 09:15:00,BULL_PUT,BULLISH,23100,22600,PE,2025-03-27,23080.4,23165.7,135.19125,23.8525,111.33875,97.99824999999998,13.2975,84.70074999999999,26.63800000000002,8657.350000000006,181.39,8475.960000000006,Reversal,49.0,31.27,20.04,1
2025-03-21 11:00:00,2025-03-21 14:00:00,BULL_PUT,BULLISH,23350,22850,PE,2025-03-27,23339.2,23319.2,130.611,18.11775,112.49324999999999,128.499,15.710749999999999,112.78824999999999,-0.2950000000000017,-95.87500000000055,183.70999999999998,-279.58500000000055,Reversal,48.27,33.83,20.509999999999998,1
2025-03-21 14:00:00,2025-03-24 09:15:00,BEAR_CALL,BEARISH,23300,23800,CE,2025-03-27,23319.2,23355.65,163.904,15.833999999999998,148.07,247.91374999999996,24.7235,223.19024999999996,-75.12024999999997,-24414.081249999992,220.31,-24634.391249999993,Reversal,62.239999999999995,52.120000000000005,23.8,2
2025-03-25 14:00:00,2025-03-26 09:15:00,BULL_PUT,BULLISH,23750,23250,PE,2025-03-27,23733.1,23605.95,101.652,11.21575,90.43625,137.02499999999998,11.9185,125.10649999999998,-34.67024999999998,-11267.831249999994,168.58999999999997,-11436.421249999994,Reversal,37.47,30.18,19.85,1
2025-03-27 11:00:00,2025-03-28 09:15:00,BULL_PUT,BULLISH,23600,23100,PE,2025-04-03,23576.3,23601.05,132.4234,31.667999999999996,100.7554,134.8935,24.231,110.6625,-9.9071,-3219.8075,191.24,-3411.0474999999997,Reversal,51.69,37.32,21.130000000000003,1
2025-03-28 11:00:00,2025-03-28 14:00:00,BULL_PUT,BULLISH,23600,23100,PE,2025-04-03,23623.95,23473.25,110.714,19.234249999999996,91.47975,203.40599999999998,28.220249999999997,175.18574999999998,-83.70599999999999,-27204.449999999997,191.49,-27395.94,Reversal,45.84,41.62,21.91,2
2025-03-28 14:00:00,2025-04-01 09:15:00,BEAR_CALL,BEARISH,23450,23950,CE,2025-04-03,23473.25,23495.15,137.10215,15.174249999999997,121.9279,107.996,6.993499999999999,101.0025,20.925399999999996,6800.754999999999,179.51999999999998,6621.234999999999,Reversal,47.550000000000004,30.91,19.98,1
2025-04-01 09:30:00,2025-04-02 09:15:00,BEAR_CALL,BEARISH,23450,23950,CE,2025-04-03,23471.45,23179.7,124.0115,8.82035,115.19115,22.4315,2.21625,20.21525,94.9759,30867.1675,157.77,30709.3975,Reversal,41.65,18.349999999999998,17.72,0
2025-04-02 12:30:00,2025-04-02 14:00:00,BEAR_CALL,BEARISH,23300,23800,CE,2025-04-03,23278.8,23287.65,65.09865,2.5780999999999996,62.52055000000001,58.87,2.11775,56.75225,5.768300000000011,1874.6975000000034,135.18,1739.5175000000033,Reversal,22.18,14.870000000000001,17.08,1
2025-04-02 14:00:00,2025-04-03 12:30:00,BULL_PUT,BULLISH,23300,22800,PE,2025-04-03,23287.65,23266.5,75.5495,6.445249999999999,69.10425,46.537749999999996,1.2805,45.25725,23.846999999999994,7750.274999999998,137.54000000000002,7612.734999999998,Reversal,25.35,15.030000000000001,17.11,0
2025-04-03 12:30:00,2025-04-07 09:30:00,BEAR_CALL,BEARISH,23250,23750,CE,2025-04-09,23266.5,22041.85,163.31300000000002,17.00125,146.31175000000002,9.743999999999998,3.4967499999999996,6.247249999999998,140.0645,45520.9625,176.18,45344.7825,Reversal,55.04,22.599999999999998,18.47,0
2025-04-07 09:30:00,2025-04-07 12:30:00,BULL_PUT,BULLISH,22050,21550,PE,2025-04-09,22041.85,21846.15,230.19449999999998,141.64325,88.55124999999998,426.35074999999995,217.24175,209.10899999999995,-120.55774999999997,-39181.26874999999,385.57,-39566.83874999999,Reversal,147.63,117.07,35.53,5
2025-04-07 12:30:00,2025-04-07 14:00:00,BEAR_CALL,BEARISH,21850,22350,CE,2025-04-09,21846.15,21985.0,330.17199999999997,112.51274999999998,217.65925,386.30899999999997,120.02225,266.28675,-48.6275,-15803.9375,377.55,-16181.4875,Reversal,148.54,109.53,34.17,5
2025-04-07 14:00:00,2025-04-08 11:00:00,BULL_PUT,BULLISH,22000,21500,PE,2025-04-09,21985.0,22374.4,305.9804,164.27774999999997,141.70265,84.448,38.07025,46.37774999999999,95.32490000000001,30980.592500000006,292.13,30688.462500000005,Reversal,113.52,68.63,26.79,3
2025-04-08 11:00:00,2025-04-08 12:30:00,BEAR_CALL,BEARISH,22350,22850,CE,2025-04-09,22374.4,22583.85,206.60375,26.999,179.60475,356.265,53.2885,302.9765,-123.37174999999999,-40095.81875,270.78999999999996,-40366.60875,Reversal,85.75,74.07,27.770000000000003,3
2025-04-08 12:30:00,2025-04-08 14:00:00,BULL_PUT,BULLISH,22600,22100,PE,2025-04-09,22583.85,22546.4,168.87824999999998,67.9035,100.97474999999999,194.82924999999997,64.41900000000001,130.41024999999996,-29.435499999999976,-9566.537499999993,242.11,-9808.647499999994,Reversal,76.98,57.239999999999995,24.73,3
2025-04-08 14:00:00,2025-04-09 12:30:00,BEAR_CALL,BEARISH,22550,23050,CE,2025-04-09,22546.4,22421.0,194.68525,29.232,165.45325,3.6032499999999996,1.0342500000000001,2.5689999999999995,162.88425,52937.381250000006,190.55,52746.83125,Reversal,64.58,26.68,19.22,0
2025-04-09 12:30:00,2025-04-09 14:00:00,BULL_PUT,BULLISH,22400,21900,PE,2025-04-17,22421.0,22398.65,273.38675,137.21785,136.1689,281.155,135.48675,145.66824999999997,-9.499349999999964,-3087.2887499999883,346.35,-3433.6387499999882,Reversal,134.9,95.53,31.64,4
2025-04-09 14:00:00,2025-04-11 09:30:00,BEAR_CALL,BEARISH,22400,22900,CE,2025-04-17,22398.65,22762.15,300.1295,86.681,213.44850000000002,522.7249999999999,186.4605,336.2644999999999,-122.81599999999986,-39915.19999999995,410.49,-40325.68999999995,Reversal,160.55,126.38,37.21,6
2025-04-11 09:30:00,2025-04-11 11:00:00,BULL_PUT,BULLISH,22750,22250,PE,2025-04-17,22762.15,22806.35,199.31475,73.9935,125.32125,177.32049999999998,57.918,119.40249999999997,5.918750000000031,1923.5937500000102,251.77999999999997,1671.8137500000103,Reversal,84.87,58.74,25.009999999999998,3
2025-04-11 11:00:00,2025-04-11 12:30:00,BEAR_CALL,BEARISH,22800,23300,CE,2025-04-17,22806.35,22906.05,252.751,67.396,185.35500000000002,282.52524999999997,66.57615,215.9491,-30.59409999999997,-9943.08249999999,295.15999999999997,-10238.24249999999,Reversal,105.37,77.25,28.34,4
2025-04-11 12:30:00,2025-04-11 14:00:00,BULL_PUT,BULLISH,22900,22400,PE,2025-04-17,22906.05,22834.75,195.67025,67.49749999999999,128.17275,267.65549999999996,99.78049999999999,167.87499999999997,-39.702249999999964,-12903.231249999988,281.98,-13185.211249999988,Reversal,97.48,72.77,27.54,4
2025-04-11 14:00:00,2025-04-15 09:15:00,BEAR_CALL,BEARISH,22850,23350,CE,2025-04-17,22834.75,22844.5,224.13675,59.732749999999996,164.404,482.63249999999994,129.37975,353.25274999999993,-188.84874999999994,-61375.84374999998,339.1,-61714.94374999998,Reversal,116.64,103.13999999999999,33.02,6
2025-04-15 11:00:00,2025-04-15 12:30:00,BEAR_CALL,BEARISH,23300,23800,CE,2025-04-17,23309.55,23337.35,116.5255,11.4695,105.056,131.8485,11.376750000000001,120.47175,-15.415750000000003,-5010.118750000001,174.63,-5184.748750000001,Reversal,42.2,31.299999999999997,20.05,1
2025-04-15 12:30:00,2025-04-15 14:00:00,BULL_PUT,BULLISH,23350,22850,PE,2025-04-17,23337.35,23325.75,114.90025,19.031249999999996,95.869,117.28324999999998,15.4645,101.81874999999998,-5.94974999999998,-1933.6687499999937,174.85,-2108.518749999994,Reversal,43.01,30.79,19.96,1
2025-04-15 14:00:00,2025-04-16 09:30:00,BEAR_CALL,BEARISH,23350,23850,CE,2025-04-17,23325.75,23334.2,85.892,8.5666,77.3254,45.3705,3.00425,42.36625,34.95915,11361.723750000001,143.32999999999998,11218.393750000001,Reversal,29.33,16.549999999999997,17.39,0
2025-04-16 09:30:00,2025-04-16 11:00:00,BULL_PUT,BULLISH,23350,22850,PE,2025-04-17,23334.2,23287.65,89.83200000000001,4.61825,85.21375,151.17409999999998,10.037149999999999,141.13694999999998,-55.92319999999998,-18175.039999999994,163.17000000000002,-18338.209999999992,Reversal,32.95,29.439999999999998,19.72,1
2025-04-16 11:00:00,2025-04-16 12:30:00,BEAR_CALL,BEARISH,23300,23800,CE,2025-04-17,23287.65,23348.6,57.57325,3.5524999999999998,54.02075,85.61524999999999,3.546,82.06924999999998,-28.048499999999983,-9115.762499999995,136.05,-9251.812499999995,Reversal,20.17,17.310000000000002,17.52,1
2025-04-16 12:30:00,2025-04-16 14:00:00,BULL_PUT,BULLISH,23350,22850,PE,2025-04-17,23348.6,23380.7,91.605,6.09,85.515,65.11225,5.319,59.79325,25.72175,8359.56875,150.41,8209.15875,Reversal,31.990000000000002,19.46,17.91,1
2025-04-16 14:00:00,2025-04-17 09:15:00,BEAR_CALL,BEARISH,23400,23900,CE,2025-04-17,23380.7,23433.3,83.67575000000001,4.9735,78.70225,31.211249999999996,1.379,29.832249999999995,48.87000000000001,15882.750000000004,139.14,15743.610000000004,Reversal,28.07,14.09,16.94,0
2025-04-21 14:00:00,2025-04-22 11:00:00,BEAR_CALL,BEARISH,24150,24650,CE,2025-04-24,24150.05,24228.1,135.339,16.635849999999998,118.70315,150.41285,12.805,137.60784999999998,-18.90469999999999,-6144.027499999997,187.32,-6331.347499999997,Reversal,48.879999999999995,36.370000000000005,20.97,1
2025-04-22 11:00:00,2025-04-22 12:30:00,BULL_PUT,BULLISH,24250,23750,PE,2025-04-24,24228.1,24192.65,106.97099999999999,14.46375,92.50724999999998,131.69625,15.31675,116.3795,-23.872250000000008,-7758.481250000003,172.39,-7930.871250000003,Reversal,40.349999999999994,30.97,19.990000000000002,1
2025-04-22 12:30:00,2025-04-23 12:30:00,BEAR_CALL,BEARISH,24200,24700,CE,2025-04-24,24192.65,24209.05,91.3095,7.916999999999999,83.3925,79.6775,5.4174999999999995,74.25999999999999,9.132500000000007,2968.0625000000023,152.53,2815.532500000002,Reversal,31.919999999999998,21.299999999999997,18.24,1
2025-04-23 12:30:00,2025-04-24 12:30:00,BULL_PUT,BULLISH,24200,23700,PE,2025-04-24,24209.05,24257.25,56.342,6.8004999999999995,49.5415,5.328749999999999,1.32975,3.9989999999999997,45.5425,14801.312499999998,123.07,14678.242499999998,Reversal,19.03,8.14,15.87,0
2025-04-24 12:30:00,2025-04-25 14:00:00,BEAR_CALL,BEARISH,24250,24750,CE,2025-04-30,24257.25,24147.75,210.59300000000002,43.035999999999994,167.55700000000002,137.9791,23.837,114.14209999999999,53.41490000000003,17359.84250000001,229.63,17130.21250000001,Reversal,77.35000000000001,48.06999999999999,23.08,1
2025-04-25 14:00:00,2025-04-28 09:15:00,BULL_PUT,BULLISH,24150,23650,PE,2025-04-30,24147.75,23991.65,170.15875,51.76499999999999,118.39375000000001,159.40574999999998,35.9919,123.41384999999998,-5.020099999999971,-1631.5324999999905,221.45,-1852.9824999999905,Reversal,68.02,48.19,23.1,2
2025-04-28 11:00:00,2025-04-28 14:00:00,BULL_PUT,BULLISH,24300,23800,PE,2025-04-30,24276.9,24332.0,118.1015,26.999,91.1025,88.508,22.90125,65.60674999999999,25.495750000000015,8286.118750000005,177.03,8109.088750000005,Reversal,46.53,29.67,19.75,1
2025-04-28 14:00:00,2025-04-29 14:00:00,BEAR_CALL,BEARISH,24350,24850,CE,2025-04-30,24332.0,24358.25,107.26650000000001,6.648249999999999,100.61825,57.39824999999999,2.8565,54.54174999999999,46.07650000000001,14974.862500000003,155.63,14819.232500000004,Reversal,36.33,20.19,18.049999999999997,1
2025-04-29 14:00:00,2025-04-30 09:15:00,BULL_PUT,BULLISH,24350,23850,PE,2025-04-30,24358.25,24325.45,59.297000000000004,9.540999999999999,49.75600000000001,103.07324999999999,3.743,99.33024999999999,-49.574249999999985,-16111.631249999995,140.1,-16251.731249999995,Reversal,20.81,20.21,18.05,1
2025-04-30 12:30:00,2025-04-30 14:00:00,BULL_PUT,BULLISH,24350,23850,PE,2025-05-08,24349.7,24347.1,221.231,88.508,132.723,226.4465,89.241,137.20549999999997,-4.482499999999959,-1456.8124999999868,285.3,-1742.1124999999868,Reversal,102.45,72.22,27.439999999999998,3
2025-04-30 14:00:00,2025-05-02 09:15:00,BEAR_CALL,BEARISH,24350,24850,CE,2025-05-08,24347.1,24246.25,231.1795,46.537749999999996,184.64175,270.54825,52.599,217.94925,-33.307500000000005,-10824.937500000002,273.08,-11098.017500000002,Reversal,93.64,69.35,26.92,3
2025-05-02 09:30:00,2025-05-02 11:00:00,BEAR_CALL,BEARISH,24500,25000,CE,2025-05-08,24487.6,24432.0,221.77275,34.29685,187.4759,168.33774999999997,24.37875,143.95899999999997,43.51690000000002,14142.992500000008,239.05,13903.942500000008,Reversal,81.21000000000001,51.91,23.77,2
2025-05-02 11:00:00,2025-05-02 12:30:00,BULL_PUT,BULLISH,24450,23950,PE,2025-05-08,24432.0,24242.75,171.93175000000002,52.779999999999994,119.15175000000002,310.59,101.79974999999999,208.79025,-89.63849999999996,-29132.51249999999,275.61,-29408.12249999999,Reversal,90.32,73.43,27.65,4
2025-05-02 12:30:00,2025-05-02 14:00:00,BEAR_CALL,BEARISH,24250,24750,CE,2025-05-08,24242.75,24378.8,196.5075,35.931,160.5765,257.9115,42.60125,215.31025,-54.733749999999986,-17788.468749999996,248.02999999999997,-18036.498749999995,Reversal,78.9,61.46000000000001,25.5,2
2025-05-02 14:00:00,2025-05-05 09:30:00,BULL_PUT,BULLISH,24400,23900,PE,2025-05-08,24378.8,24443.15,182.56975,60.84925,121.7205,122.86574999999999,28.81125,94.05449999999999,27.66600000000001,8991.450000000004,220.2,8771.250000000004,Reversal,69.75,45.69,22.64,2
2025-05-05 09:30:00,2025-05-05 11:00:00,BEAR_CALL,BEARISH,24450,24950,CE,2025-05-08,24443.15,24471.1,132.2855,15.833999999999998,116.45150000000001,145.551,12.46025,133.09074999999999,-16.639249999999976,-5407.756249999992,184.95999999999998,-5592.716249999992,Reversal,47.76,35.33,20.77,1
2025-05-05 11:00:00,2025-05-05 12:30:00,BULL_PUT,BULLISH,24450,23950,PE,2025-05-08,24471.1,24457.35,102.44,27.557249999999996,74.88275,110.17824999999999,24.1325,86.04575,-11.162999999999997,-3627.974999999999,173.26,-3801.2349999999988,Reversal,41.76,30.5,19.9,1
2025-05-05 12:30:00,2025-05-05 14:00:00,BEAR_CALL,BEARISH,24450,24950,CE,2025-05-08,24457.35,24482.6,106.33075,8.4245,97.90625,119.61774999999999,8.274000000000001,111.34374999999999,-13.437499999999986,-4367.187499999995,166.34,-4533.527499999996,Reversal,37.809999999999995,28.0,19.45,1
2025-05-05 14:00:00,2025-05-06 09:15:00,BULL_PUT,BULLISH,24500,24000,PE,2025-05-08,24482.6,24459.5,110.96025,24.30925,86.65100000000001,120.22675,18.46875,101.758,-15.106999999999985,-4909.774999999995,175.51999999999998,-5085.294999999995,Reversal,42.7,31.61,20.11,1
2025-05-06 12:30:00,2025-05-07 09:30:00,BULL_PUT,BULLISH,24400,23900,PE,2025-05-08,24393.45,24427.2,68.05365,15.021999999999998,53.031650000000006,90.335,24.57575,65.75925,-12.727599999999988,-4136.469999999997,152.99,-4289.459999999996,Reversal,30.56,22.85,18.53,1
2025-05-07 09:30:00,2025-05-07 12:30:00,BEAR_CALL,BEARISH,24450,24950,CE,2025-05-08,24427.2,24387.35,72.54525000000001,3.8062499999999995,68.739,33.698,2.31475,31.38325,37.35575,12140.61875,134.53,12006.088749999999,Reversal,24.700000000000003,13.05,16.75,0
2025-05-07 12:30:00,2025-05-07 14:00:00,BULL_PUT,BULLISH,24400,23900,PE,2025-05-08,24387.35,24371.25,80.4745,15.174249999999997,65.30025,88.508,14.430250000000001,74.07775,-8.77749999999999,-2852.6874999999964,153.83999999999997,-3006.5274999999965,Reversal,31.310000000000002,22.92,18.53,1
2025-05-07 14:00:00,2025-05-08 09:15:00,BEAR_CALL,BEARISH,24350,24850,CE,2025-05-08,24371.25,24409.3,59.149249999999995,3.1464999999999996,56.00274999999999,84.85399999999998,1.8715,82.98249999999999,-26.979749999999996,-8768.418749999999,135.84,-8904.258749999999,Reversal,20.14,17.16,17.5,1
2025-05-08 14:00:00,2025-05-09 12:30:00,BEAR_CALL,BEARISH,24350,24850,CE,2025-05-15,24330.4,24036.4,224.53074999999998,41.716499999999996,182.81425,89.92899999999999,12.1155,77.81349999999999,105.00075,34125.24375,224.04000000000002,33901.20375,Reversal,78.08,42.72,22.11,1
2025-05-09 12:30:00,2025-05-09 14:00:00,BULL_PUT,BULLISH,24050,23550,PE,2025-05-15,24036.4,23980.75,257.7154,125.25099999999999,132.4644,285.215,134.551,150.664,-18.199599999999975,-5914.869999999992,337.5,-6252.369999999992,Reversal,129.43,92.68,31.130000000000003,4
2025-05-09 14:00:00,2025-05-12 09:15:00,BEAR_CALL,BEARISH,24000,24500,CE,2025-05-15,23980.75,24038.65,212.76,42.98525,169.77474999999998,535.514,145.47465,390.03935,-220.26460000000003,-71585.99500000001,345.16999999999996,-71931.16500000001,Reversal,118.2,107.81,33.86,5
2025-05-13 11:00:00,2025-05-13 12:30:00,BEAR_CALL,BEARISH,24750,25250,CE,2025-05-15,24759.5,24712.75,190.302,38.163999999999994,152.138,159.50725,25.46225,134.045,18.093000000000018,5880.225000000006,224.13,5656.095000000006,Reversal,71.19,47.78,23.02,2
2025-05-13 12:30:00,2025-05-13 14:00:00,BULL_PUT,BULLISH,24700,24200,PE,2025-05-15,24712.75,24585.75,164.5935,28.26775,136.32575,232.02899999999997,39.9319,192.09709999999995,-55.771349999999956,-18125.688749999987,227.3,-18352.988749999986,Reversal,67.49000000000001,53.59,24.07,2
2025-05-13 14:00:00,2025-05-14 11:00:00,BEAR_CALL,BEARISH,24600,25100,CE,2025-05-15,24585.75,24684.6,147.8485,25.171999999999997,122.6765,151.1335,9.85,141.2835,-18.607,-6047.275,193.05,-6240.325,Reversal,52.03,38.55,21.36,1
2025-05-14 11:00:00,2025-05-14 12:30:00,BULL_PUT,BULLISH,24700,24200,PE,2025-05-15,24684.6,24662.25,113.02875,7.815499999999999,105.21325,124.79424999999999,9.01275,115.7815,-10.568249999999992,-3434.6812499999974,170.44,-3605.1212499999974,Reversal,40.26,29.39,19.7,1
2025-05-14 12:30:00,2025-05-15 09:15:00,BEAR_CALL,BEARISH,24650,25150,CE,2025-05-15,24662.25,24685.75,96.2345,5.024249999999999,91.21025,68.09635,2.11775,65.9786,25.231650000000002,8200.286250000001,151.34,8048.946250000001,Reversal,32.45,19.85,17.98,1
2025-05-15 12:30:00,2025-05-15 14:00:00,BEAR_CALL,BEARISH,24650,25150,CE,2025-05-22,24635.55,25076.65,226.15599999999998,60.18949999999999,165.9665,494.15274999999997,159.0775,335.07525,-169.10875,-54960.34374999999,355.57,-55315.91374999999,Reversal,127.11000000000001,108.23,33.93,6
2025-05-15 14:00:00,2025-05-16 09:15:00,BULL_PUT,BULLISH,25100,24600,PE,2025-05-22,25076.65,25035.3,245.659,88.76174999999999,156.89724999999999,232.28274999999996,67.8074,164.47534999999996,-7.578099999999978,-2462.882499999993,287.53,-2750.412499999993,Reversal,103.43,73.28,27.62,3
2025-05-16 14:00:00,2025-05-19 11:00:00,BULL_PUT,BULLISH,25000,24500,PE,2025-05-22,25014.2,25034.8,158.0334,38.31625,119.71715,151.08274999999998,29.69775,121.38499999999998,-1.667849999999973,-542.0512499999912,208.89,-750.9412499999912,Reversal,61.94,43.56,22.259999999999998,1
2025-05-19 11:00:00,2025-05-21 11:00:00,BEAR_CALL,BEARISH,25050,25550,CE,2025-05-22,25034.8,24914.8,157.25525,26.694499999999998,130.56074999999998,75.66824999999999,5.76225,69.90599999999999,60.65474999999999,19712.793749999997,185.57999999999998,19527.213749999995,Reversal,53.79,30.75,19.96,1
2025-05-21 11:00:00,2025-05-21 12:30:00,BULL_PUT,BULLISH,24900,24400,PE,2025-05-22,24914.8,24743.05,112.487,11.367999999999999,101.119,206.50174999999996,21.374499999999998,185.12724999999995,-84.00824999999995,-27302.681249999983,188.47,-27491.151249999984,Reversal,44.169999999999995,40.480000000000004,21.700000000000003,2
2025-05-21 12:30:00,2025-05-22 09:15:00,BEAR_CALL,BEARISH,24750,25250,CE,2025-05-22,24743.05,24800.95,123.86375,12.839749999999999,111.024,79.26135,5.6145000000000005,73.64684999999999,37.377150000000015,12147.573750000005,168.48000000000002,11979.093750000005,Reversal,42.72,25.66,19.03,1
2025-05-22 11:00:00,2025-05-23 09:15:00,BEAR_CALL,BEARISH,24600,25100,CE,2025-05-29,24605.15,24637.0,231.03175000000002,60.03724999999999,170.99450000000002,241.26549999999997,51.417,189.84849999999997,-18.853999999999957,-6127.549999999986,270.34000000000003,-6397.889999999986,Reversal,93.19,67.38999999999999,26.560000000000002,3
2025-05-23 12:30:00,2025-05-26 12:30:00,BEAR_CALL,BEARISH,24850,25350,CE,2025-05-29,24869.5,25007.4,251.8645,60.49399999999999,191.3705,321.95799999999997,78.8,243.15799999999996,-51.787499999999966,-16830.93749999999,304.85,-17135.787499999988,Reversal,109.1,82.28,29.25,4
2025-05-26 12:30:00,2025-05-27 11:00:00,BULL_PUT,BULLISH,25000,24500,PE,2025-05-29,25007.4,24779.7,187.00225,51.967999999999996,135.03425000000001,320.8415,78.94775,241.89375,-106.8595,-34729.3375,272.23,-35001.567500000005,Reversal,87.75,73.59,27.68,3
2025-05-27 11:00:00,2025-05-27 12:30:00,BEAR_CALL,BEARISH,24800,25300,CE,2025-05-29,24779.7,24856.3,199.01925,45.31974999999999,153.6995,260.9565,66.98,193.9765,-40.27699999999999,-13090.024999999996,263.28999999999996,-13353.314999999995,Reversal,87.77000000000001,66.03,26.32,3
2025-05-27 12:30:00,2025-05-27 14:00:00,BULL_PUT,BULLISH,24850,24350,PE,2025-05-29,24856.3,24764.35,202.4175,47.8065,154.611,227.2585,41.8625,185.39600000000002,-30.785000000000025,-10005.125000000007,247.92,-10253.045000000007,Reversal,80.60000000000001,59.93000000000001,25.22,2
2025-05-27 14:00:00,2025-05-28 09:15:00,BEAR_CALL,BEARISH,24750,25250,CE,2025-05-29,24764.35,24837.7,225.81125,59.479,166.33225,238.72799999999995,53.19,185.53799999999995,-19.205749999999966,-6241.868749999989,268.31,-6510.178749999989,Reversal,92.06,66.63,26.43,3
2025-05-28 11:00:00,2025-05-29 14:00:00,BEAR_CALL,BEARISH,24800,25300,CE,2025-05-29,24781.65,24745.7,155.236,28.5215,126.71449999999999,15.681749999999997,0.6895,14.992249999999997,111.72224999999999,36309.73125,173.42000000000002,36136.31125,Reversal,51.449999999999996,23.3,18.61,0
2025-05-29 14:00:00,2025-05-30 11:00:00,BULL_PUT,BULLISH,24750,24250,PE,2025-06-05,24745.7,24751.25,190.15425000000002,43.94949999999999,146.20475000000002,193.7635,43.537,150.2265,-4.021749999999969,-1307.06874999999,237.92000000000002,-1544.98874999999,Reversal,77.11,54.44,24.23,2
2025-05-30 11:00:00,2025-05-30 14:00:00,BEAR_CALL,BEARISH,24750,25250,CE,2025-06-05,24751.25,24788.95,241.4235,66.381,175.0425,251.87224999999998,61.710249999999995,190.16199999999998,-15.119499999999988,-4913.837499999996,282.32,-5196.157499999996,Reversal,100.02,71.74000000000001,27.35,3
2025-05-30 14:00:00,2025-06-02 09:15:00,BULL_PUT,BULLISH,24800,24300,PE,2025-06-05,24788.95,24736.65,192.61675,43.137499999999996,149.47925,333.88424999999995,96.62849999999999,237.25574999999998,-87.77649999999997,-28527.362499999992,283.72,-28811.082499999993,Reversal,95.42999999999999,76.8,28.26,3
2025-06-02 11:00:00,2025-06-03 11:00:00,BULL_PUT,BULLISH,24600,24100,PE,2025-06-05,24616.7,24637.7,198.773,44.101749999999996,154.67125,176.35625,29.156000000000002,147.20024999999998,7.471000000000004,2428.075000000001,232.9,2195.175000000001,Reversal,75.2,51.8,23.75,2
2025-06-03 11:00:00,2025-06-04 11:00:00,BEAR_CALL,BEARISH,24650,25150,CE,2025-06-05,24637.7,24589.0,204.486,47.451249999999995,157.03475,71.35449999999999,6.84575,64.50874999999999,92.52600000000001,30070.950000000004,210.45000000000002,29860.500000000004,Reversal,69.73,38.29,21.310000000000002,1
2025-06-04 11:00:00,2025-06-05 09:30:00,BULL_PUT,BULLISH,24600,24100,PE,2025-06-05,24589.0,24715.5,88.256,3.5524999999999998,84.7035,25.374999999999996,1.0835000000000001,24.291499999999996,60.412000000000006,19633.9,140.17000000000002,19493.730000000003,Reversal,29.48,13.76,16.880000000000003,0
2025-06-05 09:30:00,2025-06-05 12:30:00,BEAR_CALL,BEARISH,24700,25200,CE,2025-06-12,24715.5,24822.1,213.89275,50.800749999999994,163.092,305.76874999999995,75.451,230.31774999999996,-67.22574999999995,-21848.368749999983,281.01,-22129.37874999998,Reversal,95.46,74.48,27.85,3
2025-06-05 12:30:00,2025-06-05 14:00:00,BULL_PUT,BULLISH,24800,24300,PE,2025-06-12,24822.1,24732.6,155.5315,37.707249999999995,117.82425,204.87774999999996,45.359249999999996,159.51849999999996,-41.694249999999954,-13550.631249999986,223.21,-13773.841249999985,Reversal,66.29,51.15,23.64,2
2025-06-05 14:00:00,2025-06-06 09:15:00,BEAR_CALL,BEARISH,24750,25250,CE,2025-06-12,24732.6,24761.1,211.381,47.34974999999999,164.03125,190.97224999999997,33.44075,157.53149999999997,6.499750000000034,2112.418750000011,243.21999999999997,1869.1987500000112,Reversal,80.78,55.82,24.48,2
2025-06-06 14:00:00,2025-06-09 09:15:00,BEAR_CALL,BEARISH,25000,25500,CE,2025-06-12,24990.25,25000.3,171.53775000000002,27.100499999999997,144.43725,226.59874999999997,32.84975,193.74899999999997,-49.31174999999996,-16026.318749999988,226.35000000000002,-16252.668749999988,Reversal,67.44,52.82,23.94,2
2025-06-09 12:30:00,2025-06-10 09:15:00,BEAR_CALL,BEARISH,25100,25600,CE,2025-06-12,25116.4,25103.1,146.2725,16.1385,130.13400000000001,151.43799999999996,12.411,139.02699999999996,-8.892999999999944,-2890.2249999999817,192.32999999999998,-3082.5549999999816,Reversal,52.349999999999994,37.66,21.200000000000003,1
2025-06-10 14:00:00,2025-06-11 11:00:00,BEAR_CALL,BEARISH,25150,25650,CE,2025-06-12,25127.35,25173.9,76.042,4.4152499999999995,71.62675,87.94975,3.39825,84.55149999999999,-12.924749999999989,-4200.543749999996,145.06,-4345.603749999997,Reversal,26.21,19.82,17.98,1
2025-06-11 11:00:00,2025-06-11 14:00:00,BULL_PUT,BULLISH,25150,24650,PE,2025-06-12,25173.9,25145.7,69.24549999999999,4.1107499999999995,65.13475,79.576,3.8415,75.7345,-10.59975,-3444.9187500000003,140.91,-3585.82875,Reversal,24.12,18.09,17.67,1
2025-06-11 14:00:00,2025-06-12 09:15:00,BEAR_CALL,BEARISH,25150,25650,CE,2025-06-12,25145.7,25126.8,68.06349999999999,2.4359999999999995,65.6275,45.72574999999999,1.182,44.54374999999999,21.08375000000001,6852.218750000003,133.34,6718.878750000003,Reversal,22.85,13.6,16.85,0
2025-06-12 09:30:00,2025-06-13 09:15:00,BEAR_CALL,BEARISH,25150,25650,CE,2025-06-19,25173.7,24856.0,195.5225,29.232,166.2905,32.885999999999996,5.6145000000000005,27.271499999999996,139.019,45181.175,197.04,44984.135,Reversal,66.36,30.65,19.93,0
2025-06-13 09:30:00,2025-06-13 11:00:00,BEAR_CALL,BEARISH,24650,25150,CE,2025-06-19,24644.25,24671.55,181.043,34.51,146.53300000000002,202.74624999999997,33.5885,169.15774999999996,-22.62474999999995,-7353.043749999983,228.93,-7581.973749999984,Reversal,70.82000000000001,52.15,23.810000000000002,2
2025-06-13 11:00:00,2025-06-17 09:30:00,BULL_PUT,BULLISH,24650,24150,PE,2025-06-19,24671.55,24882.6,177.103,51.76499999999999,125.33800000000002,56.12949999999999,11.67225,44.457249999999995,80.88075000000003,26286.243750000012,198.39999999999998,26087.84375000001,Reversal,62.29,34.4,20.61,1
2025-06-17 09:30:00,2025-06-17 14:00:00,BEAR_CALL,BEARISH,24900,25400,CE,2025-06-19,24882.6,24849.2,105.789,8.576749999999999,97.21225,79.47449999999999,5.17125,74.30324999999999,22.909000000000006,7445.425000000002,159.25,7286.175000000002,Reversal,36.62,23.03,18.549999999999997,1
2025-06-17 14:00:00,2025-06-18 09:30:00,BULL_PUT,BULLISH,24850,24350,PE,2025-06-19,24849.2,24897.2,104.41,16.442999999999998,87.967,76.48024999999998,7.289000000000001,69.19124999999998,18.775750000000016,6102.118750000005,160.26,5941.858750000005,Reversal,36.85,23.67,18.67,1
2025-06-18 09:30:00,2025-06-18 14:00:00,BEAR_CALL,BEARISH,24900,25400,CE,2025-06-19,24897.2,24779.6,97.712,3.8062499999999995,93.90575,39.178999999999995,1.8715,37.3075,56.59825,18394.43125,146.85,18247.581250000003,Reversal,32.86,16.57,17.39,0
2025-06-18 14:00:00,2025-06-19 11:00:00,BULL_PUT,BULLISH,24800,24300,PE,2025-06-19,24779.6,24811.45,92.8855,6.191499999999999,86.69399999999999,18.3715,2.364,16.0075,70.6865,22973.1125,142.34,22830.7725,Reversal,31.43,13.96,16.919999999999998,0
2025-06-19 11:00:00,2025-06-20 11:00:00,BEAR_CALL,BEARISH,24800,25300,CE,2025-06-26,24811.45,24994.95,201.67875,33.850249999999996,167.82850000000002,332.15874999999994,60.92225,271.2364999999999,-103.4079999999999,-33607.59999999997,269.75,-33877.34999999997,Reversal,86.64000000000001,72.42,27.47,3
2025-06-20 11:00:00,2025-06-24 09:15:00,BULL_PUT,BULLISH,25000,24500,PE,2025-06-26,24994.95,24958.9,141.7415,34.916,106.8255,42.122499999999995,8.3725,33.74999999999999,73.0755,23749.537500000002,175.12,23574.417500000003,Reversal,49.53,26.36,19.16,0
2025-06-24 11:00:00,2025-06-24 14:00:00,BULL_PUT,BULLISH,25200,24700,PE,2025-06-26,25223.0,25083.75,97.36725,14.7175,82.64975,141.79549999999998,15.366,126.42949999999998,-43.77974999999998,-14228.418749999993,169.3,-14397.718749999993,Reversal,37.2,31.02,20.0,1
2025-06-24 14:00:00,2025-06-25 09:30:00,BEAR_CALL,BEARISH,25100,25600,CE,2025-06-26,25083.75,25159.9,135.0435,8.17075,126.87275,138.80124999999998,5.17125,133.63,-6.757249999999999,-2196.10625,180.9,-2377.00625,Reversal,46.27,33.16,20.39,1
2025-06-25 09:30:00,2025-06-25 12:30:00,BULL_PUT,BULLISH,25150,24650,PE,2025-06-26,25159.9,25204.85,69.88575,5.125749999999999,64.76,46.893,4.87575,42.017250000000004,22.74275,7391.39375,136.44,7254.953750000001,Reversal,24.669999999999998,14.69,17.049999999999997,0
2025-06-25 12:30:00,2025-06-25 14:00:00,BEAR_CALL,BEARISH,25200,25700,CE,2025-06-26,25204.85,25236.05,89.83200000000001,1.9284999999999997,87.90350000000001,105.50925,1.8715,103.63775,-15.734249999999989,-5113.631249999997,152.84,-5266.471249999997,Reversal,30.26,22.97,18.55,1
2025-06-25 14:00:00,2025-06-26 09:15:00,BULL_PUT,BULLISH,25250,24750,PE,2025-06-26,25236.05,25236.35,74.12125,6.74975,67.3715,35.57574999999999,2.41325,33.162499999999994,34.209,11117.925000000001,135.97,10981.955000000002,Reversal,25.26,13.790000000000001,16.89,0
2025-06-26 12:30:00,2025-06-27 14:00:00,BULL_PUT,BULLISH,25400,24900,PE,2025-07-03,25406.9,25632.7,170.45425,45.3705,125.08375000000001,56.028,13.54375,42.48425,82.5995,26844.8375,195.29,26649.5475,Reversal,60.71,33.1,20.380000000000003,1
2025-06-27 14:00:00,2025-06-30 09:15:00,BEAR_CALL,BEARISH,25650,26150,CE,2025-07-03,25632.7,25632.45,145.8785,13.397999999999998,132.4805,136.9235,11.229000000000001,125.69449999999999,6.786000000000016,2205.4500000000053,189.26,2016.1900000000053,Reversal,51.84,35.519999999999996,20.810000000000002,1
2025-06-30 11:00:00,2025-06-30 12:30:00,BEAR_CALL,BEARISH,25550,26050,CE,2025-07-03,25559.15,25571.5,154.20175,13.803999999999998,140.39775,152.09775,13.34675,138.75099999999998,1.6467500000000257,535.1937500000083,196.26999999999998,338.92375000000834,Reversal,55.28,38.519999999999996,21.36,1
2025-06-30 12:30:00,2025-06-30 14:00:00,BULL_PUT,BULLISH,25550,25050,PE,2025-07-03,25571.5,25499.75,108.49775000000001,14.007,94.49075,161.385,19.65075,141.73425,-47.2435,-15354.137499999999,180.07999999999998,-15534.217499999999,Reversal,42.28,34.97,20.71,2
2025-06-30 14:00:00,2025-07-01 09:15:00,BEAR_CALL,BEARISH,25500,26000,CE,2025-07-03,25499.75,25507.45,130.9065,13.042749999999998,117.86375,132.45749999999998,11.77075,120.68674999999999,-2.8229999999999933,-917.4749999999979,181.86,-1099.3349999999978,Reversal,47.07,33.28,20.41,1
2025-07-01 11:00:00,2025-07-02 12:30:00,BEAR_CALL,BEARISH,25500,26000,CE,2025-07-03,25520.95,25491.6,123.66675,8.0185,115.64824999999999,70.28875,2.11775,68.17099999999999,47.47725,15430.106249999999,164.89,15265.21625,Reversal,41.5,23.65,18.67,1
2025-07-02 12:30:00,2025-07-02 14:00:00,BULL_PUT,BULLISH,25500,25000,PE,2025-07-03,25491.6,25408.05,71.905,2.48675,69.41825,128.80349999999999,4.2355,124.56799999999998,-55.14974999999998,-17923.668749999993,148.76,-18072.428749999992,Reversal,25.13,23.86,18.7,1
2025-07-02 14:00:00,2025-07-03 09:15:00,BEAR_CALL,BEARISH,25400,25900,CE,2025-07-03,25408.05,25442.85,75.7465,2.8419999999999996,72.9045,104.18974999999999,1.773,102.41675,-29.512249999999995,-9591.481249999999,146.14,-9737.621249999998,Reversal,25.569999999999997,21.259999999999998,18.240000000000002,1
2025-07-03 12:30:00,2025-07-03 14:00:00,BEAR_CALL,BEARISH,25500,26000,CE,2025-07-10,25511.65,25499.45,172.52275,25.273499999999995,147.24925000000002,177.87875,26.595,151.28375,-4.03449999999998,-1311.2124999999935,217.07,-1528.2824999999934,Reversal,65.7,46.45,22.79,2
2025-07-03 14:00:00,2025-07-04 09:15:00,BULL_PUT,BULLISH,25500,25000,PE,2025-07-10,25499.45,25397.4,147.99625,26.389999999999997,121.60625,187.36899999999997,30.338,157.03099999999998,-35.424749999999975,-11513.043749999992,208.75,-11721.793749999992,Reversal,58.839999999999996,45.22,22.56,2
2025-07-04 11:00:00,2025-07-04 12:30:00,BULL_PUT,BULLISH,25400,24900,PE,2025-07-10,25419.25,25350.6,124.11,17.20425,106.90575,156.51299999999998,22.655,133.85799999999998,-26.952249999999978,-8759.481249999993,188.57999999999998,-8948.061249999993,Reversal,48.42,36.97,21.07,2
2025-07-04 12:30:00,2025-07-04 14:00:00,BEAR_CALL,BEARISH,25350,25850,CE,2025-07-10,25350.6,25384.05,151.44375,18.01625,133.4275,164.12549999999996,18.2225,145.90299999999996,-12.475499999999954,-4054.537499999985,200.44,-4254.9774999999845,Reversal,55.98,40.61,21.73,2
2025-07-04 14:00:00,2025-07-07 11:00:00,BULL_PUT,BULLISH,25400,24900,PE,2025-07-10,25384.05,25468.8,136.17625,18.62525,117.55100000000002,84.04199999999999,8.7665,75.2755,42.27550000000002,13739.537500000008,177.15,13562.387500000008,Reversal,47.82,28.669999999999998,19.57,1
2025-07-07 11:00:00,2025-07-07 14:00:00,BEAR_CALL,BEARISH,25450,25950,CE,2025-07-10,25468.8,25449.2,139.87,11.977,127.893,122.10449999999999,9.50525,112.59924999999998,15.293750000000017,4970.4687500000055,183.45,4787.018750000006,Reversal,49.29,32.77,20.32,1
2025-07-07 14:00:00,2025-07-08 11:00:00,BULL_PUT,BULLISH,25450,24950,PE,2025-07-10,25449.2,25451.35,105.83825,11.165,94.67325,86.02125,5.516,80.50524999999999,14.168000000000006,4604.600000000002,160.67,4443.930000000002,Reversal,36.74,24.11,18.75,1
2025-07-08 11:00:00,2025-07-08 12:30:00,BEAR_CALL,BEARISH,25450,25950,CE,2025-07-10,25451.35,25466.15,97.61349999999999,4.263,93.35049999999998,107.38699999999999,4.48175,102.90524999999998,-9.554749999999999,-3105.2937499999994,158.28,-3263.5737499999996,Reversal,33.69,24.67,18.85,1
2025-07-08 12:30:00,2025-07-09 14:00:00,BULL_PUT,BULLISH,25450,24950,PE,2025-07-10,25466.15,25529.85,75.89425,5.430249999999999,70.464,30.246999999999996,2.0685000000000002,28.178499999999996,42.2855,13742.7875,135.74,13607.0475,Reversal,25.72,13.19,16.78,0
2025-07-09 14:00:00,2025-07-10 15:00:00,BEAR_CALL,BEARISH,25550,26050,CE,2025-07-10,25529.85,25363.2,63.04,1.8777499999999998,61.16225,0.45,0.2,0.25,60.91225,19796.48125,124.35,19672.131250000002,Expiry book profit,20.87,7.68,15.780000000000001,0
2025-07-14 14:00:00,2025-07-15 14:00:00,BULL_PUT,BULLISH,25050,24550,PE,2025-07-17,25035.25,25193.6,99.14025000000001,8.6275,90.51275000000001,28.014,2.41325,25.600749999999998,64.912,21096.4,146.92,20949.480000000003,Reversal,33.51,16.07,17.310000000000002,0
2025-07-15 14:00:00,2025-07-16 09:15:00,BEAR_CALL,BEARISH,25200,25700,CE,2025-07-17,25193.6,25219.65,74.95849999999999,3.8062499999999995,71.15224999999998,56.434,1.773,54.660999999999994,16.491249999999987,5359.656249999995,139.47,5220.186249999995,Reversal,25.31,15.850000000000001,17.259999999999998,1
2025-07-16 11:00:00,2025-07-16 12:30:00,BEAR_CALL,BEARISH,25150,25650,CE,2025-07-17,25138.5,25185.05,60.42975,1.9792499999999997,58.4505,85.51374999999999,2.0685000000000002,83.44524999999999,-24.99474999999999,-8123.293749999996,136.47,-8259.763749999996,Reversal,20.62,17.28,17.52,1
2025-07-16 12:30:00,2025-07-17 09:15:00,BULL_PUT,BULLISH,25200,24700,PE,2025-07-17,25185.05,25198.55,62.10424999999999,1.5732499999999998,60.53099999999999,30.449999999999996,0.8372499999999999,29.612749999999995,30.918249999999997,10048.43125,128.20999999999998,9920.22125,Reversal,20.77,11.02,16.39,0
2025-07-17 12:30:00,2025-07-17 14:00:00,BULL_PUT,BULLISH,25200,24700,PE,2025-07-24,25180.1,25177.45,122.28775,17.052,105.23575,125.85999999999999,16.40025,109.45974999999999,-4.2239999999999895,-1372.7999999999965,179.64,-1552.4399999999964,Reversal,45.760000000000005,32.519999999999996,20.270000000000003,1
2025-07-17 14:00:00,2025-07-18 14:00:00,BEAR_CALL,BEARISH,25200,25700,CE,2025-07-24,25177.45,24960.0,135.93,13.397999999999998,122.53200000000001,52.424749999999996,5.565250000000001,46.8595,75.67250000000001,24593.562500000004,170.57999999999998,24422.982500000002,Reversal,46.690000000000005,24.080000000000002,18.740000000000002,1
2025-07-18 14:00:00,2025-07-21 09:30:00,BULL_PUT,BULLISH,24950,24450,PE,2025-07-24,24960.0,24901.55,101.70125,13.347249999999999,88.354,121.95224999999999,9.653,112.29924999999999,-23.945249999999987,-7782.206249999996,165.8,-7948.006249999996,Reversal,36.75,28.45,19.54,1
2025-07-21 09:30:00,2025-07-21 11:00:00,BEAR_CALL,BEARISH,24900,25400,CE,2025-07-24,24901.55,25060.2,119.6775,11.266499999999999,108.411,232.94249999999997,20.7835,212.15899999999996,-103.74799999999996,-33718.09999999999,195.11,-33913.20999999999,Reversal,46.35,44.25,22.380000000000003,2
2025-07-21 11:00:00,2025-07-21 12:30:00,BULL_PUT,BULLISH,25050,24550,PE,2025-07-24,25060.2,25029.0,88.65,8.12,80.53,100.99249999999999,8.32325,92.66924999999999,-12.13924999999999,-3945.2562499999967,155.54000000000002,-4100.796249999997,Reversal,32.0,23.79,18.689999999999998,1
2025-07-21 12:30:00,2025-07-21 14:00:00,BEAR_CALL,BEARISH,25050,25550,CE,2025-07-24,25029.0,25012.35,100.02674999999999,7.155749999999999,92.871,91.85749999999999,6.4025,85.45499999999998,7.416000000000011,2410.2000000000035,158.61,2251.5900000000033,Reversal,35.11,23.74,18.68,1
2025-07-21 14:00:00,2025-07-22 11:00:00,BULL_PUT,BULLISH,25000,24500,PE,2025-07-24,25012.35,25085.85,83.134,7.561749999999999,75.57225,40.803,3.10275,37.70025,37.872,12308.4,141.32,12167.08,Reversal,28.45,15.62,17.21,0
2025-07-22 11:00:00,2025-07-23 12:30:00,BEAR_CALL,BEARISH,25100,25600,CE,2025-07-24,25085.85,25173.65,77.9135,3.2987499999999996,74.61475,105.86449999999999,1.52675,104.33774999999999,-29.722999999999985,-9659.974999999995,147.32999999999998,-9807.304999999995,Reversal,26.21,21.73,18.33,1
2025-07-23 12:30:00,2025-07-24 11:00:00,BULL_PUT,BULLISH,25150,24650,PE,2025-07-24,25173.65,25166.9,41.665499999999994,1.7762499999999999,39.88925,15.783249999999999,0.73875,15.0445,24.844749999999998,8074.543749999999,116.64,7957.903749999999,Reversal,13.99,6.97,15.66,0
2025-07-24 11:00:00,2025-07-24 14:00:00,BEAR_CALL,BEARISH,25150,25650,CE,2025-07-31,25166.9,25068.6,150.114,14.666749999999999,135.44725,101.24624999999999,10.7365,90.50975,44.9375,14604.6875,186.38,14418.3075,Reversal,53.07,32.05,20.189999999999998,1
2025-07-24 14:00:00,2025-07-25 09:15:00,BULL_PUT,BULLISH,25050,24550,PE,2025-07-31,25068.6,25051.9,105.789,16.645999999999997,89.143,168.23624999999998,21.078999999999997,147.15724999999998,-58.014249999999976,-18854.63124999999,180.75,-19035.38124999999,Reversal,41.87,35.91,20.88,2
2025-07-25 14:00:00,2025-07-28 09:15:00,BULL_PUT,BULLISH,24850,24350,PE,2025-07-31,24874.4,24832.2,102.04599999999999,13.194999999999999,88.851,165.90174999999996,17.87775,148.02399999999997,-59.17299999999997,-19231.22499999999,176.72,-19407.944999999992,Reversal,39.57,34.43,20.62,2
2025-07-28 11:00:00,2025-07-28 12:30:00,BULL_PUT,BULLISH,24850,24350,PE,2025-07-31,24827.0,24794.0,102.48925,9.997749999999998,92.4915,125.7585,11.032,114.7265,-22.235,-7226.375,166.88,-7393.255,Reversal,37.46,28.75,19.59,1
2025-07-28 12:30:00,2025-07-29 09:15:00,BEAR_CALL,BEARISH,24800,25300,CE,2025-07-31,24794.0,24673.95,114.70325,12.02775,102.6755,52.52625,6.304,46.222249999999995,56.453250000000004,18347.30625,160.8,18186.506250000002,Reversal,39.93,21.53,18.28,1
2025-07-29 09:30:00,2025-07-29 12:30:00,BEAR_CALL,BEARISH,24700,25200,CE,2025-07-31,24708.7,24696.65,112.83175,11.520249999999999,101.3115,100.43424999999999,9.50525,90.92899999999999,10.382500000000007,3374.3125000000023,167.8,3206.512500000002,Reversal,40.37,27.08,19.28,1
2025-07-29 12:30:00,2025-07-30 11:00:00,BULL_PUT,BULLISH,24700,24200,PE,2025-07-31,24696.65,24817.2,75.40174999999999,5.887,69.51474999999999,28.825999999999997,1.92075,26.905249999999995,42.6095,13848.0875,135.31,13712.7775,Reversal,25.509999999999998,13.01,16.75,0
2025-07-30 11:00:00,2025-07-30 12:30:00,BEAR_CALL,BEARISH,24800,25300,CE,2025-07-31,24817.2,24867.25,74.81075,3.1464999999999996,71.66425,115.76074999999999,3.00425,112.75649999999999,-41.09224999999999,-13354.981249999997,147.87,-13502.851249999998,Reversal,25.669999999999998,22.65,18.490000000000002,1
2025-07-30 12:30:00,2025-07-30 14:00:00,BULL_PUT,BULLISH,24850,24350,PE,2025-07-31,24867.25,24866.95,49.5455,2.7405,46.805,48.060249999999996,2.41325,45.647,1.1580000000000013,376.3500000000004,125.59,250.76000000000042,Reversal,17.150000000000002,11.870000000000001,16.54,0
2025-07-30 14:00:00,2025-07-31 11:00:00,BEAR_CALL,BEARISH,24850,25350,CE,2025-07-31,24866.95,24713.4,77.224,2.0807499999999997,75.14325000000001,9.540999999999999,0.8865,8.654499999999999,66.48875000000001,21608.843750000004,132.57,21476.273750000004,Reversal,25.77,10.479999999999999,16.29,0
2025-07-31 11:00:00,2025-08-01 09:15:00,BULL_PUT,BULLISH,24700,24200,PE,2025-08-07,24713.4,24765.6,136.02849999999998,30.246999999999996,105.78149999999998,141.64325,22.5565,119.08675,-13.305250000000015,-4324.206250000005,192.86,-4517.066250000004,Reversal,52.32,38.150000000000006,21.29,1
2025-08-01 11:00:00,2025-08-01 12:30:00,BULL_PUT,BULLISH,24750,24250,PE,2025-08-07,24743.4,24664.75,138.68800000000002,22.025499999999997,116.66250000000002,190.16024999999996,29.353,160.80724999999995,-44.14474999999993,-14347.043749999977,203.73000000000002,-14550.773749999977,Reversal,55.449999999999996,43.83,22.32,2
2025-08-01 12:30:00,2025-08-01 14:00:00,BEAR_CALL,BEARISH,24650,25150,CE,2025-08-07,24664.75,24643.85,160.89974999999998,23.4465,137.45324999999997,150.67674999999997,18.124,132.55274999999997,4.900499999999994,1592.662499999998,202.74,1389.922499999998,Reversal,59.07000000000001,40.8,21.77,1
2025-08-01 14:00:00,2025-08-04 09:15:00,BULL_PUT,BULLISH,24650,24150,PE,2025-08-07,24643.85,24572.15,144.84425000000002,25.324249999999996,119.52000000000002,149.96624999999997,19.7985,130.16774999999998,-10.64774999999996,-3460.518749999987,196.16,-3656.678749999987,Reversal,54.32,39.239999999999995,21.49,1
2025-08-04 11:00:00,2025-08-05 11:00:00,BULL_PUT,BULLISH,24650,24150,PE,2025-08-07,24625.25,24620.2,133.91074999999998,17.9655,115.94524999999999,118.755,9.456,109.29899999999999,6.646249999999995,2160.031249999998,181.0,1979.0312499999982,Reversal,47.3,32.36,20.240000000000002,1
2025-08-05 11:00:00,2025-08-05 12:30:00,BEAR_CALL,BEARISH,24600,25100,CE,2025-08-07,24620.2,24657.1,115.98375,6.546749999999999,109.437,130.78275,6.15625,124.6265,-15.189499999999995,-4936.587499999999,171.14,-5107.727499999999,Reversal,40.300000000000004,29.939999999999998,19.81,1
2025-08-05 12:30:00,2025-08-05 14:00:00,BULL_PUT,BULLISH,24650,24150,PE,2025-08-07,24657.1,24624.9,91.605,5.83625,85.76875000000001,110.07674999999999,5.91,104.16675,-18.397999999999982,-5979.349999999994,156.71,-6136.059999999994,Reversal,32.18,24.62,18.85,1
2025-08-05 14:00:00,2025-08-06 09:15:00,BEAR_CALL,BEARISH,24600,25100,CE,2025-08-07,24624.9,24649.5,98.35225,4.71975,93.6325,111.24399999999999,3.546,107.69799999999998,-14.065499999999986,-4571.287499999996,158.77,-4730.057499999996,Reversal,33.620000000000005,25.14,18.94,1
2025-08-06 11:00:00,2025-08-06 12:30:00,BEAR_CALL,BEARISH,24550,25050,CE,2025-08-07,24556.45,24616.5,92.2945,2.8419999999999996,89.4525,123.67774999999999,2.8072500000000002,120.87049999999999,-31.417999999999992,-10210.849999999997,157.01,-10367.859999999997,Reversal,31.38,25.54,19.01,1
2025-08-06 12:30:00,2025-08-07 09:15:00,BULL_PUT,BULLISH,24600,24100,PE,2025-08-07,24616.5,24569.6,56.2435,2.3852499999999996,53.85825,117.02949999999998,1.8715,115.15799999999999,-61.29974999999999,-19922.418749999997,138.70999999999998,-20061.128749999996,Reversal,19.18,20.39,18.08,1
2025-08-07 12:30:00,2025-08-07 14:00:00,BULL_PUT,BULLISH,24450,23950,PE,2025-08-14,24436.8,24388.25,135.4375,23.19275,112.24475,164.3285,27.0875,137.24099999999999,-24.99624999999999,-8123.781249999996,197.82,-8321.601249999996,Reversal,53.629999999999995,40.39,21.689999999999998,2
2025-08-07 14:00:00,2025-08-08 09:15:00,BEAR_CALL,BEARISH,24400,24900,CE,2025-08-14,24388.25,24626.65,148.09475,16.899749999999997,131.195,262.27599999999995,31.717000000000002,230.55899999999994,-99.36399999999995,-32293.299999999985,219.26,-32512.559999999983,Reversal,59.33,52.84,23.939999999999998,3
2025-08-08 11:00:00,2025-08-08 14:00:00,BEAR_CALL,BEARISH,24400,24900,CE,2025-08-14,24422.7,24424.75,168.041,18.32075,149.72025,170.16475,17.582250000000002,152.58249999999998,-2.862249999999989,-930.2312499999964,208.78,-1139.0112499999964,Reversal,61.25,43.2,22.200000000000003,2
2025-08-08 14:00:00,2025-08-11 09:15:00,BULL_PUT,BULLISH,24400,23900,PE,2025-08-14,24424.75,24350.85,98.45075,12.687499999999998,85.76325,136.26375,13.83925,122.4245,-36.661249999999995,-11914.906249999998,168.07999999999998,-12082.986249999998,Reversal,37.05,30.1,19.83,1
2025-08-11 11:00:00,2025-08-11 12:30:00,BULL_PUT,BULLISH,24450,23950,PE,2025-08-14,24454.65,24445.85,101.89825,11.114249999999998,90.784,104.29124999999999,9.9485,94.34275,-3.558749999999989,-1156.5937499999966,163.36,-1319.9537499999965,Reversal,36.9,26.240000000000002,19.130000000000003,1
2025-08-11 12:30:00,2025-08-11 14:00:00,BEAR_CALL,BEARISH,24450,24950,CE,2025-08-14,24445.85,24520.65,121.352,8.932,112.42,165.59725,10.834999999999999,154.76225,-42.34224999999999,-13761.231249999997,181.83999999999997,-13943.071249999997,Reversal,43.62,35.35,20.78,2
2025-08-11 14:00:00,2025-08-12 11:00:00,BULL_PUT,BULLISH,24500,24000,PE,2025-08-14,24520.65,24580.75,86.9755,9.0335,77.942,63.43749999999999,5.516,57.921499999999995,20.0205,6506.662499999999,148.51,6358.152499999999,Reversal,30.52,19.080000000000002,17.85,1
2025-08-12 11:00:00,2025-08-13 11:00:00,BEAR_CALL,BEARISH,24600,25100,CE,2025-08-14,24580.75,24587.7,90.71849999999999,3.8569999999999993,86.86149999999999,82.01199999999999,1.6744999999999999,80.33749999999999,6.524000000000001,2120.3,150.26,1970.0400000000002,Reversal,30.48,20.6,18.119999999999997,1
2025-08-13 11:00:00,2025-08-13 12:30:00,BULL_PUT,BULLISH,24600,24100,PE,2025-08-14,24587.7,24594.85,61.464,2.8419999999999996,58.622,58.81925,2.758,56.061249999999994,2.560750000000006,832.2437500000019,133.8,698.443750000002,Reversal,21.19,14.54,17.03,1
2025-08-13 12:30:00,2025-08-13 14:00:00,BEAR_CALL,BEARISH,24600,25100,CE,2025-08-14,24594.85,24648.85,76.53450000000001,1.5225,75.01200000000001,109.823,1.42825,108.39474999999999,-33.38274999999997,-10849.393749999992,146.92,-10996.313749999992,Reversal,25.72,21.810000000000002,18.34,1
2025-08-13 14:00:00,2025-08-14 09:15:00,BULL_PUT,BULLISH,24650,24150,PE,2025-08-14,24648.85,24630.4,55.01225,3.3494999999999995,51.66275,58.10874999999999,1.32975,56.778999999999996,-5.116249999999994,-1662.781249999998,130.07,-1792.851249999998,Reversal,18.59,13.6,16.85,1
2025-08-14 11:00:00,2025-08-14 12:30:00,BULL_PUT,BULLISH,24650,24150,PE,2025-08-21,24646.45,24642.2,121.6475,20.959749999999996,100.68775,129.46325,20.340249999999997,109.12299999999999,-8.435249999999996,-2741.456249999999,182.19,-2923.646249999999,Reversal,46.85,33.76,20.49,1
2025-08-14 12:30:00,2025-08-14 14:00:00,BEAR_CALL,BEARISH,24650,25150,CE,2025-08-21,24642.2,24645.25,150.6065,16.49375,134.11275,156.00549999999998,16.301750000000002,139.70374999999999,-5.59099999999998,-1817.0749999999935,196.84,-2013.9149999999934,Reversal,55.07,39.19,21.48,1
2025-08-14 14:00:00,2025-08-18 09:15:00,BULL_PUT,BULLISH,24650,24150,PE,2025-08-21,24645.25,24616.05,122.14,20.299999999999997,101.84,36.6415,5.07275,31.56875,70.27125000000001,22838.156250000004,161.68,22676.476250000003,Reversal,41.97,21.39,18.259999999999998,0
2025-08-18 14:00:00,2025-08-19 09:15:00,BULL_PUT,BULLISH,24900,24400,PE,2025-08-21,24919.7,24884.05,95.49575,8.4245,87.07125,94.192,6.25475,87.93724999999999,-0.8659999999999854,-281.44999999999527,156.9,-438.34999999999525,Reversal,33.57,23.6,18.66,1
2025-08-19 11:00:00,2025-08-19 14:00:00,BULL_PUT,BULLISH,24900,24400,PE,2025-08-21,24924.8,24949.4,62.1535,4.00925,58.14425,49.63349999999999,4.18625,45.44724999999999,12.69700000000001,4126.525000000003,132.71,3993.8150000000032,Reversal,21.89,13.879999999999999,16.91,0
2025-08-19 14:00:00,2025-08-20 09:15:00,BEAR_CALL,BEARISH,24950,25450,CE,2025-08-21,24949.4,24989.7,91.99900000000001,2.89275,89.10625,76.12499999999999,1.576,74.54899999999999,14.55725000000001,4731.1062500000035,149.89999999999998,4581.206250000004,Reversal,30.88,19.96,18.01,1
2025-08-21 11:00:00,2025-08-21 12:30:00,BULL_PUT,BULLISH,25150,24650,PE,2025-08-28,25127.75,25096.25,119.43124999999999,19.284999999999997,100.14625,141.33874999999998,20.093999999999998,121.24474999999998,-21.098499999999987,-6857.012499999996,182.42000000000002,-7039.432499999996,Reversal,46.04,34.64,20.65,1
2025-08-21 12:30:00,2025-08-22 12:30:00,BEAR_CALL,BEARISH,25100,25600,CE,2025-08-28,25096.25,24926.1,137.4075,11.165,126.2425,51.866499999999995,4.3340000000000005,47.53249999999999,78.71000000000001,25580.750000000004,169.31,25411.440000000002,Reversal,46.77,23.79,18.7,0
2025-08-22 12:30:00,2025-08-25 09:15:00,BULL_PUT,BULLISH,24950,24450,PE,2025-08-28,24926.1,24869.45,112.73325,11.367999999999999,101.36525,103.17474999999999,6.55025,96.62449999999998,4.74075000000002,1540.7437500000065,166.72,1374.0237500000064,Reversal,39.36,27.02,19.28,1
2025-08-25 12:30:00,2025-08-26 09:15:00,BULL_PUT,BULLISH,25000,24500,PE,2025-08-28,24975.65,24978.55,80.12974999999999,4.770499999999999,75.35924999999999,121.39399999999998,3.79225,117.60174999999998,-42.24249999999999,-13728.812499999998,151.70999999999998,-13880.522499999997,Reversal,27.69,24.2,18.759999999999998,1
2025-08-26 14:00:00,2025-08-28 09:15:00,BULL_PUT,BULLISH,24800,24300,PE,2025-08-28,24805.3,24710.7,57.57325,4.3645,53.20875,215.58599999999998,2.8072500000000002,212.77874999999997,-159.56999999999996,-51860.249999999985,154.31,-52014.55999999998,Reversal,19.93,32.11,20.2,2
2025-08-28 11:00:00,2025-08-28 12:30:00,BULL_PUT,BULLISH,24650,24150,PE,2025-09-02,24661.95,24593.2,103.76974999999999,14.159249999999998,89.61049999999999,135.19799999999998,14.775,120.42299999999997,-30.812499999999986,-10014.062499999995,171.06,-10185.122499999994,Reversal,39.120000000000005,30.89,19.979999999999997,1
2025-08-28 12:30:00,2025-08-29 11:00:00,BEAR_CALL,BEARISH,24600,25100,CE,2025-09-02,24593.2,24525.15,121.10575,10.80975,110.296,75.92199999999998,3.29975,72.62224999999998,37.67375000000003,12243.96875000001,165.39,12078.57875000001,Reversal,41.050000000000004,24.45,18.810000000000002,1
2025-08-29 11:00:00,2025-08-29 14:00:00,BULL_PUT,BULLISH,24550,24050,PE,2025-09-02,24525.15,24483.75,89.438,5.7855,83.6525,111.853,6.55025,105.30274999999999,-21.650249999999986,-7036.331249999996,156.23000000000002,-7192.561249999995,Reversal,31.67,24.630000000000003,18.85,1
2025-08-29 14:00:00,2025-09-01 11:00:00,BEAR_CALL,BEARISH,24500,25000,CE,2025-09-02,24483.75,24545.0,91.211,4.1107499999999995,87.10025,105.2555,1.8222500000000001,103.43325,-16.333,-5308.224999999999,153.72,-5461.945,Reversal,30.69,23.35,18.61,1
2025-09-01 11:00:00,2025-09-01 12:30:00,BULL_PUT,BULLISH,24550,24050,PE,2025-09-02,24545.0,24571.6,48.905249999999995,2.1315,46.77374999999999,38.06249999999999,2.01925,36.04324999999999,10.7305,3487.4125,123.68,3363.7325,Reversal,16.810000000000002,10.55,16.299999999999997,0
2025-09-01 12:30:00,2025-09-01 14:00:00,BEAR_CALL,BEARISH,24550,25050,CE,2025-09-02,24571.6,24597.2,81.65650000000001,1.37025,80.28625000000001,96.72949999999999,1.182,95.54749999999999,-15.261249999999976,-4959.906249999992,147.42000000000002,-5107.326249999992,Reversal,27.330000000000002,20.87,18.17,1
2025-09-01 14:00:00,2025-09-02 12:30:00,BULL_PUT,BULLISH,24600,24100,PE,2025-09-02,24597.2,24737.05,46.04875,2.4359999999999995,43.61275,3.7047499999999998,0.8372499999999999,2.8674999999999997,40.74525,13242.20625,117.2,13125.006249999999,Reversal,15.469999999999999,6.199999999999999,15.510000000000002,0
2025-09-02 12:30:00,2025-09-03 09:30:00,BEAR_CALL,BEARISH,24750,25250,CE,2025-09-09,24737.05,24597.45,143.56375,11.92625,131.6375,65.87349999999999,4.67875,61.19474999999999,70.44274999999999,22893.893749999996,175.35,22718.543749999997,Reversal,48.91,26.23,19.130000000000003,1
2025-09-03 09:30:00,2025-09-03 11:00:00,BULL_PUT,BULLISH,24600,24100,PE,2025-09-09,24597.45,24573.6,117.16575,14.311499999999999,102.85425000000001,119.36399999999998,11.869250000000001,107.49474999999998,-4.6404999999999745,-1508.1624999999917,173.87,-1682.0324999999916,Reversal,42.58,30.33,19.87,1
2025-09-03 11:00:00,2025-09-03 12:30:00,BEAR_CALL,BEARISH,24550,25050,CE,2025-09-09,24573.6,24637.75,143.022,10.860499999999998,132.1615,188.23174999999998,14.134749999999999,174.09699999999998,-41.93549999999999,-13629.037499999997,196.85,-13825.887499999997,Reversal,51.849999999999994,41.07,21.81,2
2025-09-03 12:30:00,2025-09-04 11:00:00,BULL_PUT,BULLISH,24650,24150,PE,2025-09-09,24637.75,24831.9,104.75474999999999,11.266499999999999,93.48825,36.184749999999994,6.15625,30.028499999999994,63.45975,20624.41875,152.78,20471.638750000002,Reversal,36.59,18.4,17.72,0
2025-09-04 11:00:00,2025-09-05 14:00:00,BEAR_CALL,BEARISH,24850,25350,CE,2025-09-09,24831.9,24770.3,115.1465,7.05425,108.09225,71.10074999999999,2.01925,69.08149999999999,39.010750000000016,12678.493750000005,160.84,12517.653750000005,Reversal,38.660000000000004,22.630000000000003,18.479999999999997,1
2025-09-05 14:00:00,2025-09-08 09:15:00,BULL_PUT,BULLISH,24750,24250,PE,2025-09-09,24770.3,24743.95,57.13,4.5675,52.5625,42.833,2.5117499999999997,40.32125,12.24125,3978.4062500000005,128.74,3849.66625,Reversal,19.68,12.39,16.630000000000003,0
2025-09-08 12:30:00,2025-09-09 09:15:00,BULL_PUT,BULLISH,24850,24350,PE,2025-09-09,24830.4,24791.2,57.179249999999996,3.0957499999999993,54.083499999999994,42.7315,1.2805,41.45099999999999,12.6325,4105.5625,127.97,3977.5925,Reversal,19.290000000000003,12.07,16.57,0
2025-09-09 12:30:00,2025-09-10 12:30:00,BULL_PUT,BULLISH,24850,24350,PE,2025-09-16,24839.1,24994.65,114.5555,18.980499999999996,95.575,50.952999999999996,7.486,43.467,52.108000000000004,16935.100000000002,161.02,16774.08,Reversal,40.269999999999996,22.259999999999998,18.41,0
2025-09-10 12:30:00,2025-09-11 09:15:00,BEAR_CALL,BEARISH,25000,25500,CE,2025-09-16,24994.65,24977.55,130.36475,8.27225,122.09249999999999,106.93024999999999,5.4174999999999995,101.51274999999998,20.579750000000004,6688.418750000002,174.55,6513.8687500000015,Reversal,44.8,29.02,19.64,1
2025-09-12 11:00:00,2025-09-12 14:00:00,BULL_PUT,BULLISH,25100,24600,PE,2025-09-16,25082.35,25122.55,71.708,5.125749999999999,66.58225,55.67274999999999,4.7772499999999996,50.89549999999999,15.68675000000001,5098.193750000003,139.43,4958.763750000003,Reversal,25.240000000000002,15.879999999999999,17.259999999999998,1
2025-09-12 14:00:00,2025-09-15 12:30:00,BEAR_CALL,BEARISH,25100,25600,CE,2025-09-16,25122.55,25109.75,98.4015,1.7762499999999999,96.62525,63.74199999999999,1.2805,62.46149999999999,34.16375000000001,11103.218750000002,150.94,10952.278750000001,Reversal,32.89,19.14,17.86,1
2025-09-15 12:30:00,2025-09-15 14:00:00,BULL_PUT,BULLISH,25100,24600,PE,2025-09-16,25109.75,25083.25,43.78325,2.4359999999999995,41.34725,53.338249999999995,2.21625,51.12199999999999,-9.77474999999999,-3176.7937499999966,124.47,-3301.2637499999964,Reversal,15.18,11.74,16.52,1
2025-09-15 14:00:00,2025-09-16 11:00:00,BEAR_CALL,BEARISH,25100,25600,CE,2025-09-16,25083.25,25153.8,47.969500000000004,1.37025,46.599250000000005,81.04775,0.591,80.45675,-33.857499999999995,-11003.687499999998,129.25,-11132.937499999998,Reversal,16.03,15.07,17.12,1
2025-09-16 11:00:00,2025-09-16 14:00:00,BULL_PUT,BULLISH,25150,24650,PE,2025-09-23,25153.8,25175.7,100.273,15.529499999999999,84.7435,86.78249999999998,12.26325,74.51924999999999,10.224250000000012,3322.881250000004,161.92000000000002,3160.961250000004,Reversal,37.14,24.83,18.880000000000003,1
2025-09-16 14:00:00,2025-09-17 09:15:00,BEAR_CALL,BEARISH,25200,25700,CE,2025-09-23,25175.7,25254.45,148.73499999999999,11.520249999999999,137.21474999999998,218.22499999999997,15.956999999999999,202.26799999999997,-65.05324999999999,-21142.306249999998,204.51999999999998,-21346.82625,Reversal,54.339999999999996,45.45,22.6,2
2025-09-17 14:00:00,2025-09-18 09:15:00,BEAR_CALL,BEARISH,25300,25800,CE,2025-09-23,25317.95,25330.15,146.962,8.27225,138.68975,192.85,9.30825,183.54175,-44.852000000000004,-14576.900000000001,196.70999999999998,-14773.61,Reversal,51.56,41.2,21.84,2
2025-09-18 11:00:00,2025-09-19 09:15:00,BEAR_CALL,BEARISH,25450,25950,CE,2025-09-23,25431.15,25420.75,100.51925,3.1972499999999995,97.322,56.9415,1.92075,55.02075,42.30125,13747.906250000002,151.51,13596.396250000002,Reversal,33.800000000000004,18.85,17.8,1
2025-09-19 11:00:00,2025-09-19 14:00:00,BEAR_CALL,BEARISH,25300,25800,CE,2025-09-23,25315.55,25341.8,93.87049999999999,3.2987499999999996,90.57175,120.93724999999999,2.7087499999999998,118.2285,-27.656750000000002,-8988.44375,157.38,-9145.82375,Reversal,31.86,25.46,18.990000000000002,1
2025-09-19 14:00:00,2025-09-22 09:15:00,BULL_PUT,BULLISH,25350,24850,PE,2025-09-23,25341.8,25352.5,56.39125,3.5524999999999998,52.83875,106.77799999999999,3.59525,103.18275,-50.344,-16361.800000000001,138.36,-16500.16,Reversal,19.8,19.58,17.94,1
2025-09-22 09:30:00,2025-09-22 12:30:00,BULL_PUT,BULLISH,25300,24800,PE,2025-09-23,25288.0,25287.3,55.01225,2.28375,52.728500000000004,45.21824999999999,2.31475,42.903499999999994,9.82500000000001,3193.125000000003,127.66,3065.4650000000033,Reversal,18.91,12.129999999999999,16.59,0
2025-09-22 12:30:00,2025-09-23 12:30:00,BEAR_CALL,BEARISH,25300,25800,CE,2025-09-23,25287.3,25156.4,60.282000000000004,1.5732499999999998,58.70875,5.683999999999999,0.4925,5.1915,53.517250000000004,17393.10625,123.86,17269.24625,Reversal,20.05,7.95,15.84,0
2025-09-23 12:30:00,2025-09-24 09:15:00,BULL_PUT,BULLISH,25150,24650,PE,2025-09-30,25156.4,25185.8,93.575,14.920499999999997,78.65450000000001,116.36975,12.26325,104.1065,-25.451999999999984,-8271.899999999994,162.69,-8434.589999999995,Reversal,34.93,27.35,19.34,1
2025-09-24 11:00:00,2025-09-25 09:15:00,BULL_PUT,BULLISH,25100,24600,PE,2025-09-30,25077.25,25060.9,98.64775,9.540999999999999,89.10675,127.5855,8.5695,119.01599999999999,-29.909249999999986,-9720.506249999995,164.11,-9884.616249999995,Reversal,35.379999999999995,28.17,19.48,1
2025-09-26 11:00:00,2025-09-26 12:30:00,BULL_PUT,BULLISH,24800,24300,PE,2025-09-30,24781.45,24765.65,74.12125,5.176499999999999,68.94475,82.9255,5.4174999999999995,77.508,-8.563249999999996,-2783.0562499999987,144.54,-2927.5962499999987,Reversal,26.25,19.35,17.89,1
2025-09-26 12:30:00,2025-09-29 09:30:00,BEAR_CALL,BEARISH,24750,25250,CE,2025-09-30,24765.65,24712.1,115.68825,6.851249999999999,108.837,75.26225,3.10275,72.1595,36.67750000000001,11920.187500000004,162.12,11758.067500000003,Reversal,39.190000000000005,23.27,18.6,1
2025-09-29 09:30:00,2025-09-29 12:30:00,BULL_PUT,BULLISH,24700,24200,PE,2025-09-30,24712.1,24658.55,46.295,2.9435,43.3515,70.9485,2.8072500000000002,68.14125,-24.789749999999998,-8056.668749999999,128.37,-8185.038749999999,Reversal,16.21,14.16,16.96,1
2025-09-29 12:30:00,2025-09-29 14:00:00,BEAR_CALL,BEARISH,24650,25150,CE,2025-09-30,24658.55,24713.05,93.2795,3.50175,89.77775,133.11724999999998,3.29975,129.8175,-40.03975,-13012.918749999999,159.06,-13171.978749999998,Reversal,31.87,26.86,19.25,1
2025-09-29 14:00:00,2025-09-30 09:15:00,BULL_PUT,BULLISH,24700,24200,PE,2025-09-30,24713.05,24677.55,39.54775,3.2479999999999998,36.29975,41.00599999999999,1.72375,39.28224999999999,-2.9824999999999875,-969.3124999999959,119.7,-1089.012499999996,Reversal,13.620000000000001,9.879999999999999,16.18,0
2025-10-01 09:30:00,2025-10-03 11:00:00,BULL_PUT,BULLISH,24650,24150,PE,2025-10-07,24655.3,24791.3,98.25375,11.92625,86.3275,30.196249999999996,3.4475,26.748749999999994,59.57875000000001,19363.093750000004,147.75,19215.343750000004,Reversal,33.56,16.72,17.41,0
2025-10-03 11:00:00,2025-10-03 12:30:00,BEAR_CALL,BEARISH,24800,25300,CE,2025-10-07,24791.3,24824.75,91.35875,2.7405,88.61825,104.84949999999999,2.4625,102.38699999999999,-13.768749999999983,-4474.8437499999945,153.86,-4628.703749999994,Reversal,30.95,23.240000000000002,18.6,1
2025-10-03 12:30:00,2025-10-03 14:00:00,BULL_PUT,BULLISH,24800,24300,PE,2025-10-07,24824.75,24829.85,55.60325,4.4152499999999995,51.188,54.15025,4.48175,49.6685,1.5195000000000007,493.83750000000026,131.44,362.39750000000026,Reversal,19.830000000000002,13.71,16.880000000000003,1
2025-10-03 14:00:00,2025-10-06 09:15:00,BEAR_CALL,BEARISH,24850,25350,CE,2025-10-07,24829.85,24895.0,70.4275,1.9792499999999997,68.44825,106.0675,1.6252499999999999,104.44225,-35.994,-11698.05,143.72,-11841.769999999999,Reversal,23.779999999999998,20.740000000000002,18.14,1
2025-10-07 12:30:00,2025-10-07 14:00:00,BEAR_CALL,BEARISH,25150,25650,CE,2025-10-14,25162.15,25198.45,151.83775,12.02775,139.81,171.8395,11.623000000000001,160.2165,-20.406499999999994,-6632.112499999998,197.76,-6829.872499999999,Reversal,53.94,40.08,21.630000000000003,2
2025-10-07 14:00:00,2025-10-08 09:15:00,BULL_PUT,BULLISH,25200,24700,PE,2025-10-14,25198.45,25112.8,91.94975,11.520249999999999,80.42949999999999,142.65825,12.95275,129.7055,-49.27600000000001,-16014.700000000003,165.31,-16180.010000000002,Reversal,34.61,29.84,19.78,1
2025-10-08 14:00:00,2025-10-09 09:15:00,BULL_PUT,BULLISH,25150,24650,PE,2025-10-14,25127.85,25023.8,96.77625,9.693249999999999,87.083,129.36175,9.554499999999999,119.80725,-32.72425,-10635.381249999999,163.95,-10799.33125,Reversal,35.08,28.29,19.509999999999998,1
2025-10-09 11:00:00,2025-10-10 12:30:00,BULL_PUT,BULLISH,25100,24600,PE,2025-10-14,25102.55,25282.85,71.6095,7.05425,64.55525,20.604499999999998,4.48175,16.122749999999996,48.432500000000005,15740.562500000002,133.78,15606.782500000001,Reversal,25.11,12.07,16.58,0
2025-10-10 12:30:00,2025-10-10 14:00:00,BEAR_CALL,BEARISH,25300,25800,CE,2025-10-14,25282.85,25304.95,111.74825,2.3852499999999996,109.363,119.00874999999999,1.92075,117.088,-7.724999999999994,-2510.624999999998,165.01,-2675.6349999999984,Reversal,37.5,27.13,19.29,1
2025-10-10 14:00:00,2025-10-13 09:15:00,BULL_PUT,BULLISH,25300,24800,PE,2025-10-14,25304.95,25278.2,52.007999999999996,5.83625,46.171749999999996,106.57499999999999,5.86075,100.71424999999999,-54.5425,-17726.3125,137.66,-17863.9725,Reversal,19.09,19.57,17.93,1
2025-10-13 11:00:00,2025-10-13 14:00:00,BULL_PUT,BULLISH,25200,24700,PE,2025-10-14,25191.6,25185.65,74.12125,4.3645,69.75675000000001,60.240249999999996,3.79225,56.44799999999999,13.308750000000018,4325.3437500000055,140.62,4184.723750000006,Reversal,25.71,16.49,17.38,1
2025-10-13 14:00:00,2025-10-14 09:15:00,BEAR_CALL,BEARISH,25200,25700,CE,2025-10-14,25185.65,25237.15,66.4875,1.9284999999999997,64.559,118.958,1.32975,117.62825,-53.06925,-17247.50625,143.45,-17390.95625,Reversal,22.380000000000003,21.7,18.32,1
2025-10-14 11:00:00,2025-10-14 14:00:00,BEAR_CALL,BEARISH,25200,25700,CE,2025-10-20,25201.65,25123.05,167.5485,17.052,150.4965,122.5105,11.08125,111.42925,39.06725,12696.85625,197.91,12498.94625,Reversal,58.94,36.82,21.049999999999997,1
2025-10-14 14:00:00,2025-10-15 09:30:00,BULL_PUT,BULLISH,25100,24600,PE,2025-10-20,25123.05,25252.65,112.3885,18.5745,93.814,43.3405,7.63375,35.70675,58.10724999999999,18884.856249999997,158.98000000000002,18725.876249999998,Reversal,39.6,21.119999999999997,18.21,0
2025-10-15 09:30:00,2025-10-15 11:00:00,BEAR_CALL,BEARISH,25250,25750,CE,2025-10-20,25252.65,25315.95,158.585,9.4395,149.1455,198.28024999999997,10.39175,187.88849999999996,-38.74299999999997,-12591.47499999999,203.55,-12795.024999999989,Reversal,55.76,43.44,22.240000000000002,2
2025-10-15 11:00:00,2025-10-15 12:30:00,BULL_PUT,BULLISH,25300,24800,PE,2025-10-20,25315.95,25307.0,74.61375,10.505249999999998,64.10849999999999,77.8505,9.653,68.19749999999999,-4.088999999999999,-1328.9249999999995,146.78,-1475.7049999999995,Reversal,27.810000000000002,19.93,17.990000000000002,1
2025-10-15 12:30:00,2025-10-15 14:00:00,BEAR_CALL,BEARISH,25300,25800,CE,2025-10-20,25307.0,25334.7,148.6365,6.546749999999999,142.08975,163.05974999999998,6.45175,156.60799999999998,-14.518249999999966,-4718.431249999989,191.91,-4910.341249999989,Reversal,51.17,37.480000000000004,21.17,2
2025-10-15 14:00:00,2025-10-16 09:15:00,BULL_PUT,BULLISH,25350,24850,PE,2025-10-20,25334.7,25327.75,84.119,11.0635,73.0555,53.64275,7.5352500000000004,46.1075,26.947999999999993,8758.099999999999,147.06,8611.039999999999,Reversal,30.25,18.11,17.67,1
2025-10-16 11:00:00,2025-10-17 09:30:00,BULL_PUT,BULLISH,25450,24950,PE,2025-10-20,25467.5,25604.4,66.33975,10.403749999999999,55.93599999999999,35.372749999999996,4.97425,30.3985,25.537499999999994,8299.687499999998,133.98,8165.707499999999,Reversal,23.53,13.57,16.85,0
2025-10-17 09:30:00,2025-10-17 11:00:00,BEAR_CALL,BEARISH,25600,26100,CE,2025-10-20,25604.4,25727.75,101.60275,2.5374999999999996,99.06525,218.58024999999998,9.60375,208.9765,-109.91124999999998,-35721.15624999999,178.29,-35899.44624999999,Reversal,36.690000000000005,38.19,21.29,2
2025-10-17 11:00:00,2025-10-17 14:00:00,BULL_PUT,BULLISH,25750,25250,PE,2025-10-20,25727.75,25673.9,77.27325,9.0335,68.23975,120.98799999999999,9.259,111.72899999999998,-43.489249999999984,-14134.006249999995,153.47,-14287.476249999994,Reversal,28.56,24.939999999999998,18.9,1
2025-10-17 14:00:00,2025-10-20 09:15:00,BEAR_CALL,BEARISH,25650,26150,CE,2025-10-20,25673.9,25704.7,110.76325,3.1464999999999996,107.61675,291.66025,8.027750000000001,283.6325,-176.01575,-57205.11875,192.75,-57397.86875,Reversal,39.199999999999996,47.459999999999994,22.97,3
2025-10-20 12:30:00,2025-10-20 14:00:00,BEAR_CALL,BEARISH,25850,26350,CE,2025-10-28,25849.0,25854.4,174.345,20.959749999999996,153.38525,182.1925,19.108999999999998,163.0835,-9.698249999999973,-3151.9312499999915,214.42,-3366.3512499999915,Reversal,63.82,45.79,22.67,2
2025-10-20 14:00:00,2025-10-21 13:45:00,BULL_PUT,BULLISH,25850,25350,PE,2025-10-28,25854.4,25850.7,121.99225,23.497249999999998,98.495,92.31424999999999,12.9035,79.41075,19.08425000000001,6202.381250000004,174.21,6028.171250000004,Reversal,44.51,28.979999999999997,19.63,1
2025-10-21 14:00:00,2025-10-23 09:30:00,BULL_PUT,BULLISH,25900,25400,PE,2025-10-28,25893.65,26053.1,125.292,19.234249999999996,106.05775,48.66925,11.032,37.637249999999995,68.4205,22236.662500000002,167.43,22069.232500000002,Reversal,44.980000000000004,23.71,18.68,0
2025-10-23 09:30:00,2025-10-23 11:00:00,BEAR_CALL,BEARISH,26050,26550,CE,2025-10-28,26053.1,26063.4,181.38775,14.86975,166.518,179.65499999999997,13.494499999999999,166.16049999999998,0.3575000000000159,116.18750000000517,213.92000000000002,-97.73249999999484,Reversal,64.3,44.980000000000004,22.509999999999998,2
2025-10-23 11:00:00,2025-10-23 14:00:00,BULL_PUT,BULLISH,26050,25550,PE,2025-10-28,26063.4,25990.0,81.8535,12.636749999999997,69.21675,109.87374999999999,13.2975,96.57624999999999,-27.359499999999983,-8891.837499999994,156.48000000000002,-9048.317499999994,Reversal,31.400000000000002,25.09,18.93,1
2025-10-23 14:00:00,2025-10-24 12:30:00,BEAR_CALL,BEARISH,26000,26500,CE,2025-10-28,25990.0,25843.55,141.643,10.556,131.087,53.08449999999999,4.28475,48.79974999999999,82.28725,26743.35625,172.36,26570.99625,Reversal,48.15,24.349999999999998,18.79,1
2025-10-24 12:30:00,2025-10-24 14:00:00,BULL_PUT,BULLISH,25850,25350,PE,2025-10-28,25843.55,25739.6,77.815,6.952749999999999,70.86225,152.09775,10.98275,141.11499999999998,-70.25274999999998,-22832.143749999992,158.44,-22990.58374999999,Reversal,29.3,28.5,19.55,1
2025-10-24 14:00:00,2025-10-27 09:15:00,BEAR_CALL,BEARISH,25750,26250,CE,2025-10-28,25739.6,25797.45,104.55775,9.28725,95.2705,194.82924999999997,8.914250000000001,185.91499999999996,-90.64449999999997,-29459.462499999987,177.06,-29636.52249999999,Reversal,37.44,36.52,20.990000000000002,2
2025-10-27 14:00:00,2025-10-28 09:15:00,BEAR_CALL,BEARISH,25950,26450,CE,2025-10-28,25954.25,25974.0,101.7505,3.1464999999999996,98.604,119.87149999999998,2.0685000000000002,117.80299999999998,-19.198999999999984,-6239.674999999995,160.62,-6400.294999999995,Reversal,34.25,26.17,19.130000000000003,1
2025-10-28 11:00:00,2025-10-29 09:15:00,BEAR_CALL,BEARISH,25850,26350,CE,2025-11-04,25862.5,25965.4,236.49849999999998,56.281749999999995,180.21675,307.69724999999994,56.637499999999996,251.05974999999995,-70.84299999999996,-23023.974999999988,284.78,-23308.754999999986,Reversal,96.72,75.78,28.08,4
2025-10-30 09:30:00,2025-10-30 11:00:00,BULL_PUT,BULLISH,26000,25500,PE,2025-11-04,25978.7,25916.35,124.307,15.174249999999997,109.13275,162.45075,18.321,144.12975,-34.997,-11374.025,187.16,-11561.185,Reversal,47.07,36.93,21.060000000000002,2
2025-10-30 11:00:00,2025-10-31 12:30:00,BEAR_CALL,BEARISH,25900,26400,CE,2025-11-04,25916.35,25787.15,154.448,16.950499999999998,137.4975,72.471,6.2055,66.2655,71.232,23150.4,182.74,22967.66,Reversal,53.01,29.0,19.64,1
2025-10-31 12:30:00,2025-10-31 14:00:00,BULL_PUT,BULLISH,25800,25300,PE,2025-11-04,25787.15,25775.35,89.9305,5.937749999999999,83.99275,94.44574999999999,5.07275,89.37299999999999,-5.3802499999999895,-1748.5812499999965,153.44,-1902.0212499999966,Reversal,31.340000000000003,22.560000000000002,18.47,1
2025-10-31 14:00:00,2025-11-03 11:00:00,BEAR_CALL,BEARISH,25800,26300,CE,2025-11-04,25775.35,25749.25,104.16375,9.2365,94.92724999999999,80.43875,3.546,76.89274999999999,18.034499999999994,5861.212499999998,157.95,5703.262499999998,Reversal,35.54,22.83,18.52,1
2025-11-03 11:00:00,2025-11-03 12:30:00,BULL_PUT,BULLISH,25750,25250,PE,2025-11-04,25749.25,25713.35,64.36975,2.99425,61.375499999999995,83.22999999999999,3.00425,80.22574999999999,-18.850249999999996,-6126.331249999998,138.57999999999998,-6264.911249999998,Reversal,22.229999999999997,17.71,17.59,1
2025-11-03 12:30:00,2025-11-03 14:00:00,BEAR_CALL,BEARISH,25700,26200,CE,2025-11-04,25713.35,25765.25,102.9325,4.5675,98.36500000000001,134.53825,4.8265,129.71175,-31.346749999999986,-10187.693749999995,164.62,-10352.313749999996,Reversal,35.550000000000004,28.46,19.53,1
2025-11-03 14:00:00,2025-11-04 09:15:00,BULL_PUT,BULLISH,25750,25250,PE,2025-11-04,25765.25,25774.3,52.94375,2.99425,49.9495,54.403999999999996,1.32975,53.07425,-3.124749999999999,-1015.5437499999996,128.55,-1144.0937499999995,Reversal,17.91,12.899999999999999,16.73,1
2025-11-04 14:00:00,2025-11-06 09:15:00,BULL_PUT,BULLISH,25650,25150,PE,2025-11-11,25657.45,25586.25,124.35625,16.59525,107.761,101.80449999999999,13.001999999999999,88.8025,18.9585,6161.5125,175.70999999999998,5985.8025,Reversal,45.32,29.58,19.740000000000002,1
2025-11-06 12:30:00,2025-11-07 09:15:00,BULL_PUT,BULLISH,25550,25050,PE,2025-11-11,25545.75,25519.95,104.607,9.338,95.269,194.42325,13.54375,180.8795,-85.6105,-27823.412500000002,179.20999999999998,-28002.6225,Reversal,38.99,37.04,21.09,2
2025-11-07 11:00:00,2025-11-10 09:15:00,BULL_PUT,BULLISH,25350,24850,PE,2025-11-11,25357.75,25510.05,73.23474999999999,5.074999999999999,68.15974999999999,12.535249999999998,2.11775,10.417499999999997,57.74224999999999,18766.231249999997,132.08,18634.151249999995,Reversal,24.86,10.83,16.35,0
2025-11-10 11:00:00,2025-11-10 14:00:00,BULL_PUT,BULLISH,25600,25100,PE,2025-11-11,25612.2,25599.95,51.1215,3.1464999999999996,47.974999999999994,55.97724999999999,2.7087499999999998,53.26849999999999,-5.2934999999999945,-1720.3874999999982,128.59,-1848.9774999999981,Reversal,17.76,13.04,16.759999999999998,1
2025-11-10 14:00:00,2025-11-11 12:30:00,BEAR_CALL,BEARISH,25600,26100,CE,2025-11-11,25599.95,25574.3,69.147,1.5732499999999998,67.57375,27.25275,0.34475,26.907999999999998,40.66575,13216.368750000001,130.85,13085.518750000001,Reversal,22.93,11.43,16.47,0
2025-11-11 12:30:00,2025-11-13 09:15:00,BULL_PUT,BULLISH,25550,25050,PE,2025-11-18,25574.3,25874.0,113.02875,19.894,93.13475,34.256249999999994,7.43675,26.819499999999994,66.31525,21552.456250000003,158.14999999999998,21394.30625,Reversal,39.74,20.28,18.060000000000002,0
2025-11-13 11:00:00,2025-11-14 09:15:00,BULL_PUT,BULLISH,25950,25450,PE,2025-11-18,25946.85,25884.1,103.819,16.49375,87.32525000000001,185.08524999999997,24.822,160.26324999999997,-72.93799999999996,-23704.849999999988,183.82999999999998,-23888.67999999999,Reversal,42.449999999999996,38.019999999999996,21.27,2
2025-11-17 11:00:00,2025-11-17 12:30:00,BEAR_CALL,BEARISH,25950,26450,CE,2025-11-18,25943.2,25967.6,90.423,1.8777499999999998,88.54525,95.51149999999998,1.8222500000000001,93.68924999999999,-5.143999999999991,-1671.7999999999972,151.74,-1823.5399999999972,Reversal,30.44,21.89,18.35,1
2025-11-17 12:30:00,2025-11-18 11:00:00,BULL_PUT,BULLISH,25950,25450,PE,2025-11-18,25967.6,25921.9,52.8945,3.1464999999999996,49.748000000000005,51.71425,1.0342500000000001,50.68,-0.931999999999995,-302.8999999999984,127.05,-429.9499999999984,Reversal,17.79,12.559999999999999,16.66,0
2025-11-18 11:00:00,2025-11-18 12:30:00,BEAR_CALL,BEARISH,25900,26400,CE,2025-11-25,25921.9,25953.0,205.7665,33.13974999999999,172.62675000000002,219.03699999999998,33.24375,185.79324999999997,-13.166499999999957,-4279.112499999986,242.37,-4521.4824999999855,Reversal,78.86,56.71,24.630000000000003,2
2025-11-18 12:30:00,2025-11-19 09:15:00,BULL_PUT,BULLISH,25950,25450,PE,2025-11-25,25953.0,25894.7,145.23825,26.948249999999998,118.28999999999999,168.94674999999998,26.791999999999998,142.15474999999998,-23.864749999999987,-7756.043749999995,203.4,-7959.443749999995,Reversal,56.760000000000005,42.45,22.07,2
2025-11-19 11:00:00,2025-11-19 14:00:00,BULL_PUT,BULLISH,25950,25450,PE,2025-11-25,25952.1,26006.85,129.232,18.3715,110.8605,102.4135,14.578000000000001,87.8355,23.025000000000006,7483.125000000002,179.06,7304.065000000001,Reversal,47.45,30.599999999999998,19.92,1
2025-11-19 14:00:00,2025-11-20 09:15:00,BEAR_CALL,BEARISH,26000,26500,CE,2025-11-25,26006.85,26052.7,162.47574999999998,15.833999999999998,146.64174999999997,214.92624999999998,18.37025,196.55599999999998,-49.91425000000001,-16222.131250000004,212.22,-16434.351250000003,Reversal,59.67,47.45,22.96,2
2025-11-21 12:30:00,2025-11-21 14:00:00,BULL_PUT,BULLISH,26150,25650,PE,2025-11-25,26152.75,26138.6,96.67775,7.764749999999999,88.91300000000001,101.29699999999998,6.993499999999999,94.30349999999999,-5.3904999999999745,-1751.9124999999917,158.68,-1910.5924999999918,Reversal,34.21,24.560000000000002,18.84,1
2025-11-21 14:00:00,2025-11-24 11:00:00,BEAR_CALL,BEARISH,26150,26650,CE,2025-11-25,26138.6,26108.4,99.43575,4.06,95.37575,66.178,1.773,64.405,30.970749999999995,10065.493749999998,152.29,9913.203749999997,Reversal,33.39,19.86,17.990000000000002,1
2025-11-24 11:00:00,2025-11-24 12:30:00,BULL_PUT,BULLISH,26100,25600,PE,2025-11-25,26108.4,26065.55,58.312000000000005,2.79125,55.52075000000001,83.636,2.561,81.07499999999999,-25.554249999999982,-8305.131249999995,135.57,-8440.701249999995,Reversal,20.08,16.97,17.46,1
2025-11-24 12:30:00,2025-11-24 14:00:00,BEAR_CALL,BEARISH,26050,26550,CE,2025-11-25,26065.55,26069.55,93.2795,2.3345,90.945,91.90825,2.1670000000000003,89.74125,1.2037499999999994,391.21874999999983,152.82,238.39874999999984,Reversal,31.5,21.91,18.35,1
2025-11-24 14:00:00,2025-11-25 09:15:00,BULL_PUT,BULLISH,26050,25550,PE,2025-11-25,26069.55,25943.35,54.61825,2.3345,52.283750000000005,130.42749999999998,1.576,128.8515,-76.56774999999999,-24884.518749999996,139.61,-25024.128749999996,Reversal,18.54,21.689999999999998,18.310000000000002,1
2025-11-25 11:00:00,2025-11-26 09:15:00,BULL_PUT,BULLISH,25950,25450,PE,2025-12-02,25939.1,25860.3,142.38175,22.228499999999997,120.15325000000001,98.3535,10.933499999999999,87.42,32.73325000000001,10638.306250000003,183.48000000000002,10454.826250000004,Reversal,50.589999999999996,31.689999999999998,20.119999999999997,1
2025-11-26 11:00:00,2025-11-27 12:30:00,BULL_PUT,BULLISH,26100,25600,PE,2025-12-02,26108.5,26227.05,104.41,14.209999999999999,90.2,60.84925,7.683,53.16625,37.033750000000005,12035.968750000002,158.03,11877.938750000001,Reversal,36.99,21.68,18.31,1
2025-11-27 12:30:00,2025-11-28 09:15:00,BEAR_CALL,BEARISH,26250,26750,CE,2025-12-02,26227.05,26219.85,111.05875,6.4959999999999996,104.56275000000001,96.47574999999999,3.29975,93.17599999999999,11.38675000000002,3700.6937500000067,162.86,3537.8337500000066,Reversal,37.730000000000004,25.119999999999997,18.93,1
2025-11-28 12:30:00,2025-12-01 14:00:00,BEAR_CALL,BEARISH,26200,26700,CE,2025-12-02,26220.9,26183.0,117.215,3.1972499999999995,114.01775,65.975,1.8715,64.1035,49.91425000000001,16222.131250000004,160.53,16061.601250000003,Reversal,39.29,21.83,18.34,1
2025-12-01 14:00:00,2025-12-02 09:15:00,BULL_PUT,BULLISH,26200,25700,PE,2025-12-02,26183.0,26175.95,68.556,2.48675,66.06925,101.49999999999999,1.182,100.31799999999998,-34.24874999999999,-11130.843749999996,142.07,-11272.913749999996,Reversal,23.01,20.009999999999998,18.009999999999998,1
2025-12-03 09:30:00,2025-12-03 11:00:00,BULL_PUT,BULLISH,25950,25450,PE,2025-12-09,25963.05,25922.9,106.82325,12.18,94.64325,127.5855,13.6915,113.89399999999999,-19.250749999999996,-6256.493749999999,170.7,-6427.1937499999985,Reversal,39.769999999999996,30.03,19.82,1
2025-12-03 11:00:00,2025-12-03 12:30:00,BEAR_CALL,BEARISH,25900,26400,CE,2025-12-09,25922.9,25951.95,163.55925000000002,16.392249999999997,147.16700000000003,180.92374999999998,16.89275,164.03099999999998,-16.863999999999947,-5480.799999999983,207.55,-5688.349999999983,Reversal,59.54,43.599999999999994,22.27,2
2025-12-03 12:30:00,2025-12-03 14:00:00,BULL_PUT,BULLISH,25950,25450,PE,2025-12-09,25951.95,25917.15,108.6455,11.266499999999999,97.379,126.06299999999999,11.57375,114.48924999999998,-17.11024999999998,-5560.831249999993,170.23000000000002,-5731.061249999993,Reversal,39.67,29.72,19.759999999999998,1
2025-12-03 14:00:00,2025-12-04 09:15:00,BEAR_CALL,BEARISH,25900,26400,CE,2025-12-09,25917.15,25985.1,149.72,13.651749999999998,136.06825,153.36649999999997,12.1155,141.25099999999998,-5.18274999999997,-1684.3937499999904,193.74,-1878.1337499999904,Reversal,53.4,37.97,21.259999999999998,1
2025-12-04 12:30:00,2025-12-05 09:15:00,BEAR_CALL,BEARISH,26000,26500,CE,2025-12-09,26024.25,26017.1,134.354,8.932,125.42200000000001,133.98,5.516,128.464,-3.0419999999999874,-988.6499999999959,180.2,-1168.8499999999958,Reversal,46.15,32.66,20.3,1
2025-12-08 11:00:00,2025-12-09 09:15:00,BEAR_CALL,BEARISH,26050,26550,CE,2025-12-09,26070.4,25932.8,92.787,1.9792499999999997,90.80775000000001,10.048499999999999,1.576,8.472499999999998,82.33525000000002,26758.956250000007,140.25,26618.706250000007,Reversal,31.13,12.43,16.64,0
2025-12-10 11:00:00,2025-12-10 12:30:00,BULL_PUT,BULLISH,25850,25350,PE,2025-12-16,25835.3,25815.15,126.86800000000001,14.412999999999998,112.45500000000001,139.71474999999998,14.92275,124.79199999999997,-12.33699999999996,-4009.5249999999874,182.6,-4192.124999999987,Reversal,46.78,34.150000000000006,20.560000000000002,1
2025-12-10 12:30:00,2025-12-10 14:00:00,BEAR_CALL,BEARISH,25800,26300,CE,2025-12-16,25815.15,25795.2,145.53375,14.1085,131.42525,140.67899999999997,12.017,128.66199999999998,2.7632500000000277,898.056250000009,190.07999999999998,707.976250000009,Reversal,51.980000000000004,36.08,20.91,1
2025-12-10 14:00:00,2025-12-11 09:15:00,BULL_PUT,BULLISH,25800,25300,PE,2025-12-16,25795.2,25742.65,114.26,12.382999999999997,101.87700000000001,123.47475,11.96775,111.507,-9.629999999999995,-3129.7499999999986,172.85000000000002,-3302.5999999999985,Reversal,41.650000000000006,30.25,19.86,1
2025-12-11 11:00:00,2025-12-11 14:00:00,BULL_PUT,BULLISH,25800,25300,PE,2025-12-16,25794.35,25890.3,91.99900000000001,8.932,83.06700000000001,58.51474999999999,4.87575,53.638999999999996,29.42800000000001,9564.100000000004,149.89,9414.210000000005,Reversal,31.97,19.03,17.83,1
2025-12-11 14:00:00,2025-12-12 09:15:00,BEAR_CALL,BEARISH,25900,26400,CE,2025-12-16,25890.3,25898.4,114.50625,5.5825,108.92375,162.60299999999998,5.17125,157.43175,-48.507999999999996,-15765.099999999999,175.13,-15940.229999999998,Reversal,39.49,33.160000000000004,20.39,2
2025-12-12 11:00:00,2025-12-12 12:30:00,BEAR_CALL,BEARISH,25950,26450,CE,2025-12-16,25954.9,26023.05,110.56625,4.00925,106.557,143.36874999999998,3.4475,139.92125,-33.364249999999984,-10843.381249999995,168.68,-11012.061249999995,Reversal,37.62,30.130000000000003,19.84,1
2025-12-12 12:30:00,2025-12-12 14:00:00,BULL_PUT,BULLISH,26000,25500,PE,2025-12-16,26023.05,26025.8,66.6845,4.9735,61.711,61.661249999999995,4.67875,56.982499999999995,4.728500000000004,1536.7625000000012,137.81,1398.9525000000012,Reversal,23.54,15.940000000000001,17.28,1
2025-12-12 14:00:00,2025-12-15 09:15:00,BEAR_CALL,BEARISH,26050,26550,CE,2025-12-16,26025.8,26043.0,80.573,2.3345,78.23849999999999,38.82375,1.576,37.247749999999996,40.99074999999999,13321.993749999998,138.44,13183.553749999997,Reversal,27.11,14.31,16.979999999999997,0
2025-12-16 09:30:00,2025-12-16 14:00:00,BEAR_CALL,BEARISH,25900,26400,CE,2025-12-23,25923.1,25897.25,171.09449999999998,17.407249999999998,153.68724999999998,152.5545,12.06625,140.48825,13.198999999999984,4289.674999999995,204.13,4085.5449999999946,Reversal,60.43,40.81,21.77,1
2025-12-16 14:00:00,2025-12-17 09:15:00,BULL_PUT,BULLISH,25900,25400,PE,2025-12-23,25897.25,25851.35,112.684,12.839749999999999,99.84425,128.75275,13.6915,115.06124999999999,-15.216999999999985,-4945.524999999995,173.69,-5119.214999999995,Reversal,41.7,30.92,19.98,1
2025-12-18 14:00:00,2025-12-19 09:30:00,BEAR_CALL,BEARISH,25850,26350,CE,2025-12-23,25843.4,25950.3,108.49775000000001,5.125749999999999,103.37200000000001,178.23399999999998,6.55025,171.68374999999997,-68.31174999999996,-22201.318749999988,175.0,-22376.318749999988,Reversal,37.959999999999994,34.34,20.6,2
2025-12-19 09:30:00,2025-12-19 12:30:00,BULL_PUT,BULLISH,25950,25450,PE,2025-12-23,25950.3,25935.7,77.224,5.937749999999999,71.28625000000001,88.81249999999999,4.58025,84.23224999999998,-12.94599999999997,-4207.44999999999,146.5,-4353.94999999999,Reversal,26.990000000000002,20.37,18.08,1
2025-12-19 12:30:00,2025-12-19 14:00:00,BEAR_CALL,BEARISH,25950,26450,CE,2025-12-23,25935.7,25975.85,75.30325,2.5882499999999995,72.715,96.01899999999999,2.2655,93.75349999999999,-21.038499999999985,-6837.512499999995,145.03,-6982.542499999995,Reversal,25.6,20.31,18.07,1
2025-12-19 14:00:00,2025-12-22 09:15:00,BULL_PUT,BULLISH,26000,25500,PE,2025-12-23,25975.85,25961.4,89.3395,5.074999999999999,84.2645,29.333499999999997,2.758,26.575499999999998,57.689,18748.925,142.19,18606.735,Reversal,30.39,14.71,17.05,0
2025-12-22 11:00:00,2025-12-23 12:30:00,BULL_PUT,BULLISH,26150,25650,PE,2025-12-23,26142.6,26176.35,65.6995,3.6032499999999996,62.09625,13.144249999999998,0.6895,12.454749999999997,49.6415,16133.487500000001,127.77000000000001,16005.7175,Reversal,21.91,9.69,16.14,0
2025-12-23 12:30:00,2025-12-23 14:00:00,BEAR_CALL,BEARISH,26200,26700,CE,2025-12-30,26176.35,26197.8,120.958,6.242249999999999,114.71575,129.86925,6.05775,123.8115,-9.095749999999995,-2956.1187499999983,173.25,-3129.3687499999983,Reversal,41.91,30.37,19.89,1
2025-12-23 14:00:00,2025-12-24 09:15:00,BULL_PUT,BULLISH,26200,25700,PE,2025-12-30,26197.8,26165.95,98.94325,10.657499999999999,88.28575000000001,119.161,9.9485,109.2125,-20.92675,-6801.193749999999,163.9,-6965.093749999999,Reversal,35.93,27.53,19.369999999999997,1
2025-12-24 11:00:00,2025-12-24 12:30:00,BULL_PUT,BULLISH,26200,25700,PE,2025-12-30,26210.8,26202.0,77.27325,6.445249999999999,70.828,74.501,5.17125,69.32975,1.4982499999999987,486.9312499999996,144.94,341.9912499999996,Reversal,27.21,18.869999999999997,17.810000000000002,1
2025-12-24 12:30:00,2025-12-26 14:00:00,BEAR_CALL,BEARISH,26200,26700,CE,2025-12-30,26202.0,26049.2,105.592,3.4509999999999996,102.141,21.264249999999997,1.92075,19.3435,82.79750000000001,26909.187500000004,148.11,26761.077500000003,Reversal,35.470000000000006,15.41,17.189999999999998,0
2025-12-26 14:00:00,2025-12-29 11:00:00,BULL_PUT,BULLISH,26050,25550,PE,2025-12-30,26049.2,26005.0,58.804500000000004,2.6897499999999996,56.11475000000001,70.54249999999999,1.576,68.9665,-12.851749999999988,-4176.818749999996,133.56,-4310.378749999996,Reversal,19.919999999999998,15.41,17.18,1
2025-12-29 11:00:00,2025-12-30 09:30:00,BEAR_CALL,BEARISH,26000,26500,CE,2025-12-30,26005.0,25884.55,58.312000000000005,1.8777499999999998,56.434250000000006,8.0185,1.182,6.836499999999999,49.597750000000005,16119.268750000001,123.61,15995.65875,Reversal,19.63,8.1,15.86,0
2025-12-30 09:30:00,2025-12-30 12:30:00,BULL_PUT,BULLISH,25900,25400,PE,2026-01-06,25884.55,25885.9,102.7355,10.403749999999999,92.33175,99.06399999999998,8.914250000000001,90.14974999999998,2.1820000000000164,709.1500000000053,162.47,546.6800000000053,Reversal,36.839999999999996,25.55,19.009999999999998,1
2025-12-30 12:30:00,2025-12-30 14:00:00,BEAR_CALL,BEARISH,25900,26400,CE,2026-01-06,25885.9,25938.25,141.88925,10.4545,131.43475,174.12324999999998,11.17975,162.94349999999997,-31.508749999999964,-10240.343749999989,192.99,-10433.333749999989,Reversal,50.51,38.94,21.43,2
2025-12-30 14:00:00,2026-01-01 09:15:00,BULL_PUT,BULLISH,25950,25450,PE,2026-01-06,25938.25,26141.85,91.35875,8.0185,83.34025,20.4421,3.4967499999999996,16.94535,66.39489999999999,21578.3425,142.69,21435.6525,Reversal,31.29,14.36,16.990000000000002,0
2026-01-01 14:00:00,2026-01-02 09:15:00,BULL_PUT,BULLISH,26150,25650,PE,2026-01-06,26157.4,26140.25,69.53115,3.50175,66.0294,50.59775,2.41325,48.1845,17.844899999999996,5799.592499999999,135.4,5664.192499999999,Reversal,23.740000000000002,14.59,17.03,0
2026-01-02 11:00:00,2026-01-05 12:30:00,BULL_PUT,BULLISH,26250,25750,PE,2026-01-06,26263.35,26333.4,57.86875,4.51675,53.352,24.816749999999995,2.25565,22.561099999999996,30.7909,10007.0425,126.53,9880.512499999999,Reversal,19.83,10.39,16.28,0
2026-01-05 12:30:00,2026-01-06 09:15:00,BEAR_CALL,BEARISH,26350,26850,CE,2026-01-06,26333.4,26244.65,47.427749999999996,0.9642499999999998,46.463499999999996,10.505249999999998,0.788,9.717249999999998,36.746249999999996,11942.531249999998,118.53999999999999,11823.991249999997,Reversal,15.91,6.96,15.65,0
2026-01-06 12:30:00,2026-01-07 09:15:00,BEAR_CALL,BEARISH,26150,26650,CE,2026-01-13,26161.85,26174.65,153.66,10.657499999999999,143.0025,98.70875,5.466749999999999,93.24199999999999,49.76050000000001,16172.162500000002,184.7,15987.462500000001,Reversal,52.5,31.1,20.009999999999998,1
2026-01-07 12:30:00,2026-01-08 09:15:00,BEAR_CALL,BEARISH,26100,26600,CE,2026-01-13,26098.05,26142.9,124.9965,5.7855,119.211,97.18624999999999,4.02865,93.15759999999999,26.05340000000001,8467.355000000003,169.73000000000002,8297.625000000004,Reversal,42.57,26.84,19.240000000000002,1
2026-01-08 11:00:00,2026-01-12 09:15:00,BEAR_CALL,BEARISH,26000,26500,CE,2026-01-13,26016.9,25703.7,117.60900000000001,6.03925,111.56975000000001,7.866249999999999,2.31475,5.551499999999999,106.01825000000001,34455.93125,152.47,34303.46125,Reversal,39.559999999999995,15.64,17.22,0
2026-01-12 11:00:00,2026-01-12 12:30:00,BEAR_CALL,BEARISH,25550,26050,CE,2026-01-13,25547.35,25660.8,81.50874999999999,4.06,77.44874999999999,182.7,8.865,173.83499999999998,-96.38624999999999,-31325.531249999996,163.9,-31489.431249999998,Reversal,29.810000000000002,31.84,20.15,2
2026-01-12 12:30:00,2026-01-13 12:30:00,BULL_PUT,BULLISH,25650,25150,PE,2026-01-13,25660.8,25732.6,64.813,4.912599999999999,59.900400000000005,12.890499999999998,0.6895,12.200999999999997,47.69940000000001,15502.305000000004,127.5,15374.805000000004,Reversal,21.62,9.71,16.15,0
2026-01-13 12:30:00,2026-01-14 09:15:00,BEAR_CALL,BEARISH,25750,26250,CE,2026-01-20,25732.6,25714.2,152.03475,21.061249999999998,130.9735,107.18399999999998,11.130500000000001,96.05349999999999,34.920000000000016,11349.000000000005,189.14,11159.860000000006,Reversal,53.83,33.72,20.490000000000002,1
2026-01-14 11:00:00,2026-01-14 12:30:00,BEAR_CALL,BEARISH,25750,26250,CE,2026-01-20,25728.8,25755.85,120.56400000000001,11.82475,108.73925000000001,140.882,11.77075,129.11125,-20.372,-6620.9,177.98000000000002,-6798.879999999999,Reversal,43.660000000000004,32.89,20.33,1
2026-01-14 12:30:00,2026-01-14 14:00:00,BULL_PUT,BULLISH,25750,25250,PE,2026-01-20,25755.85,25635.95,107.365,15.630999999999998,91.734,171.89024999999998,20.9805,150.90974999999997,-59.17574999999998,-19232.118749999994,181.79000000000002,-19413.908749999995,Reversal,42.34,36.370000000000005,20.96,2
2026-01-14 14:00:00,2026-01-16 09:15:00,BEAR_CALL,BEARISH,25650,26150,CE,2026-01-20,25635.95,25669.1,127.85300000000001,12.941249999999998,114.91175000000001,176.00099999999998,12.85425,163.14674999999997,-48.23499999999996,-15676.374999999985,187.76999999999998,-15864.144999999986,Reversal,46.43,37.99,21.259999999999998,2
2026-01-16 12:30:00,2026-01-19 09:30:00,BEAR_CALL,BEARISH,25750,26250,CE,2026-01-20,25752.05,25554.75,112.1915,5.53175,106.65975,22.279249999999998,2.364,19.915249999999997,86.7445,28191.9625,151.82999999999998,28040.1325,Reversal,37.800000000000004,16.59,17.4,0
2026-01-19 09:30:00,2026-01-19 11:00:00,BULL_PUT,BULLISH,25550,25050,PE,2026-01-20,25554.75,25548.1,85.30099999999999,4.51675,80.78424999999999,82.21499999999999,3.39825,78.81674999999998,1.9675000000000011,639.4375000000003,148.65,490.78750000000036,Reversal,29.26,20.259999999999998,18.060000000000002,1
2026-01-19 11:00:00,2026-01-19 12:30:00,BEAR_CALL,BEARISH,25550,26050,CE,2026-01-20,25548.1,25528.65,78.997,3.8569999999999993,75.14,64.2495,3.0535,61.196,13.944000000000003,4531.800000000001,143.01999999999998,4388.780000000001,Reversal,27.080000000000002,17.369999999999997,17.53,1
2026-01-19 12:30:00,2026-01-20 09:30:00,BULL_PUT,BULLISH,25550,25050,PE,2026-01-20,25528.65,25488.35,83.62650000000001,3.5524999999999998,80.07400000000001,92.87249999999999,1.182,91.69049999999999,-11.616499999999974,-3775.3624999999915,148.12,-3923.4824999999914,Reversal,27.98,20.91,18.17,1
2026-01-20 09:30:00,2026-01-21 12:30:00,BEAR_CALL,BEARISH,25500,26000,CE,2026-01-27,25488.35,25133.2,164.7905,23.90325,140.88725,48.466249999999995,7.63375,40.832499999999996,100.05475,32517.79375,184.95,32332.84375,Reversal,56.89,28.45,19.54,0
2026-01-21 12:30:00,2026-01-22 11:00:00,BULL_PUT,BULLISH,25150,24650,PE,2026-01-27,25133.2,25221.7,136.96425000000002,37.707249999999995,99.25700000000003,96.98324999999998,18.37025,78.61299999999999,20.644000000000048,6709.300000000016,186.34,6522.9600000000155,Reversal,51.25,33.54,20.45,1
2026-01-22 11:00:00,2026-01-23 09:15:00,BEAR_CALL,BEARISH,25200,25700,CE,2026-01-27,25221.7,25320.45,171.34074999999999,21.16275,150.178,203.5075,16.351000000000003,187.1565,-36.9785,-12018.012499999999,214.61,-12232.6225,Reversal,61.93,47.56,22.990000000000002,2
2026-01-23 11:00:00,2026-01-27 12:30:00,BEAR_CALL,BEARISH,25300,25800,CE,2026-01-27,25277.55,25102.1,110.4185,5.024249999999999,105.39425,8.6275,0.64025,7.9872499999999995,97.407,31657.274999999998,148.29,31508.984999999997,Reversal,36.64,14.58,17.03,0
2026-01-27 12:30:00,2026-01-27 14:00:00,BULL_PUT,BULLISH,25100,24600,PE,2026-02-03,25102.1,25049.35,237.8775,96.3235,141.554,268.67049999999995,99.879,168.79149999999993,-27.237499999999926,-8852.187499999976,305.84000000000003,-9158.027499999976,Reversal,111.44,81.11000000000001,29.04,4
2026-01-27 14:00:00,2026-01-28 09:15:00,BEAR_CALL,BEARISH,25050,25550,CE,2026-02-03,25049.35,25234.1,313.5255,112.20824999999999,201.31725000000003,440.2055,146.962,293.2435,-91.92624999999995,-29876.031249999985,389.59000000000003,-30265.621249999986,Reversal,151.94,116.83000000000001,35.49,5
2026-01-28 11:00:00,2026-01-28 12:30:00,BEAR_CALL,BEARISH,25300,25800,CE,2026-02-03,25298.75,25271.8,237.82825,64.351,173.47725,221.87899999999996,50.038,171.84099999999995,1.6362500000000466,531.7812500000151,270.84,260.94125000001515,Reversal,94.98,66.31,26.37,3
2026-01-28 12:30:00,2026-01-28 14:00:00,BULL_PUT,BULLISH,25250,24750,PE,2026-02-03,25271.8,25231.3,188.923,62.168749999999996,126.75425000000001,207.51674999999997,59.247749999999996,148.26899999999998,-21.514749999999964,-6992.293749999988,250.02,-7242.313749999988,Reversal,81.89,59.769999999999996,25.19,3
2026-01-28 14:00:00,2026-01-29 09:15:00,BEAR_CALL,BEARISH,25250,25750,CE,2026-02-03,25231.3,25348.05,214.63150000000002,53.998,160.63350000000003,229.69449999999998,52.205,177.48949999999996,-16.855999999999938,-5478.19999999998,260.65,-5738.849999999979,Reversal,88.05,63.55,25.869999999999997,3
2026-01-29 11:00:00,2026-01-29 12:30:00,BEAR_CALL,BEARISH,25250,25750,CE,2026-02-03,25234.0,25284.95,206.50525,50.952999999999996,155.55225,228.22274999999996,46.935249999999996,181.28749999999997,-25.73524999999998,-8363.956249999994,252.76,-8616.716249999994,Reversal,83.63,61.480000000000004,25.5,2
2026-01-29 12:30:00,2026-01-30 09:15:00,BULL_PUT,BULLISH,25300,24800,PE,2026-02-03,25284.95,25422.1,178.33425,48.16175,130.1725,204.21799999999996,52.007999999999996,152.20999999999998,-22.037499999999966,-7162.187499999989,238.32,-7400.507499999989,Reversal,76.0,55.72,24.450000000000003,2
2026-01-30 11:00:00,2026-01-30 14:00:00,BULL_PUT,BULLISH,25300,24800,PE,2026-02-03,25302.05,25342.65,181.7325,46.23324999999999,135.49925,183.71499999999997,47.427749999999996,136.28724999999997,-0.7879999999999825,-256.09999999999434,234.75,-490.84999999999434,Reversal,75.61,53.019999999999996,23.98,2
2026-01-30 14:00:00,2026-02-01 11:00:00,BEAR_CALL,BEARISH,25350,25850,CE,2026-02-03,25342.65,25383.0,204.486,48.6185,155.8675,224.6195,56.637499999999996,167.982,-12.114499999999992,-3937.2124999999974,255.57,-4192.7824999999975,Reversal,86.16,61.69,25.54,2
2026-02-01 11:00:00,2026-02-01 12:30:00,BULL_PUT,BULLISH,25400,24900,PE,2026-02-03,25383.0,24906.45,205.96349999999998,53.845749999999995,152.11775,646.30125,263.192,383.10925,-230.99149999999997,-75072.23749999999,415.53999999999996,-75487.77749999998,Reversal,154.8,134.65,38.7,7
2026-02-01 12:30:00,2026-02-01 14:00:00,BEAR_CALL,BEARISH,24900,25400,CE,2026-02-03,24906.45,25048.95,174.2465,46.994499999999995,127.25200000000001,256.54125,42.10875,214.4325,-87.1805,-28333.6625,238.67000000000002,-28572.332499999997,Reversal,71.38,59.89,25.21,2
2026-02-01 14:00:00,2026-02-02 09:15:00,BULL_PUT,BULLISH,25050,24550,PE,2026-02-03,25048.95,24768.0,164.24875,38.620749999999994,125.62800000000001,375.6515,93.67349999999999,281.978,-156.35,-50813.75,275.04999999999995,-51088.8,Reversal,85.1,77.37,28.369999999999997,4
2026-02-02 12:30:00,2026-02-03 11:00:00,BULL_PUT,BULLISH,24900,24400,PE,2026-02-03,24896.95,25780.1,125.292,16.3415,108.9505,2.6897499999999996,1.576,1.1137499999999996,107.83675000000001,35046.943750000006,156.42000000000002,34890.52375000001,Reversal,41.86000000000001,17.04,17.48,0
2026-02-03 11:00:00,2026-02-03 12:30:00,BEAR_CALL,BEARISH,25800,26300,CE,2026-02-10,25780.1,25786.55,221.1325,61.102999999999994,160.02949999999998,218.88475,51.170750000000005,167.714,-7.684500000000014,-2497.4625000000046,262.72,-2760.1825000000044,Reversal,89.83999999999999,63.78,25.91,3
2026-02-03 12:30:00,2026-02-03 14:00:00,BULL_PUT,BULLISH,25800,25300,PE,2026-02-10,25786.55,25770.35,194.5375,53.43975,141.09775,208.17649999999998,45.901,162.27549999999997,-21.177749999999975,-6882.768749999992,245.3,-7128.068749999992,Reversal,79.33,57.95,24.86,3
2026-02-03 14:00:00,2026-02-04 12:30:00,BEAR_CALL,BEARISH,25750,26250,CE,2026-02-10,25770.35,25748.0,203.698,48.111,155.58700000000002,161.182,22.90125,138.28074999999998,17.306250000000034,5624.531250000011,230.78,5393.751250000011,Reversal,74.77,50.370000000000005,23.490000000000002,2
2026-02-04 12:30:00,2026-02-05 09:15:00,BULL_PUT,BULLISH,25750,25250,PE,2026-02-10,25748.0,25737.5,151.887,30.043999999999997,121.843,165.19125,28.860500000000002,136.33075,-14.487749999999991,-4708.518749999997,207.4,-4915.918749999997,Reversal,59.64,43.4,22.229999999999997,2
2026-02-05 14:00:00,2026-02-06 11:00:00,BULL_PUT,BULLISH,25650,25150,PE,2026-02-10,25635.25,25522.5,132.6795,20.65525,112.02425,181.7865,17.089750000000002,164.69674999999998,-52.672499999999985,-17118.562499999996,193.84,-17312.402499999997,Reversal,49.42,40.58,21.72,2
2026-02-06 11:00:00,2026-02-06 12:30:00,BEAR_CALL,BEARISH,25500,26000,CE,2026-02-10,25522.5,25573.75,127.50824999999999,13.85475,113.6535,150.017,12.805,137.212,-23.558499999999995,-7656.512499999998,183.23000000000002,-7839.7424999999985,Reversal,46.29,35.09,20.73,1
2026-02-06 12:30:00,2026-02-09 12:30:00,BULL_PUT,BULLISH,25550,25050,PE,2026-02-10,25573.75,25849.3,93.62424999999999,11.266499999999999,82.35775,12.941249999999998,5.023499999999999,7.917749999999999,74.44,24193.0,143.89,24049.11,Reversal,32.55,14.32,16.98,0
2026-02-09 12:30:00,2026-02-09 14:00:00,BEAR_CALL,BEARISH,25850,26350,CE,2026-02-10,25849.3,25845.65,69.8365,3.654,66.1825,75.76975,4.1370000000000005,71.63275,-5.450249999999997,-1771.331249999999,140.76,-1912.091249999999,Reversal,24.4,17.71,17.59,1
2026-02-09 14:00:00,2026-02-10 14:00:00,BULL_PUT,BULLISH,25850,25350,PE,2026-02-10,25845.65,25910.85,64.025,7.663249999999999,56.36175000000001,7.561749999999999,0.4925,7.069249999999999,49.29250000000001,16020.062500000004,126.69,15893.372500000003,Reversal,21.28,9.3,16.080000000000002,0
2026-02-10 14:00:00,2026-02-11 09:15:00,BEAR_CALL,BEARISH,25900,26400,CE,2026-02-17,25910.85,25916.8,161.4415,18.473,142.9685,200.96999999999997,18.4195,182.55049999999997,-39.581999999999965,-12864.149999999989,210.23,-13074.379999999988,Reversal,59.35,46.05,22.72,2
2026-02-11 12:30:00,2026-02-11 14:00:00,BEAR_CALL,BEARISH,25950,26450,CE,2026-02-17,25939.7,25932.6,128.00074999999998,10.70825,117.29249999999999,120.48049999999999,10.194749999999999,110.28575,7.006749999999997,2277.193749999999,177.82999999999998,2099.363749999999,Reversal,45.589999999999996,31.119999999999997,20.020000000000003,1
2026-02-11 14:00:00,2026-02-12 09:30:00,BULL_PUT,BULLISH,25950,25450,PE,2026-02-17,25932.6,25833.75,112.14224999999999,17.255,94.88725,168.287,21.42375,146.86325,-51.976,-16892.2,183.98000000000002,-17076.18,Reversal,44.07,36.769999999999996,21.04,2
2026-02-12 09:30:00,2026-02-12 14:00:00,BEAR_CALL,BEARISH,25850,26350,CE,2026-02-17,25833.75,25816.95,123.125,12.281499999999998,110.8435,108.60499999999999,9.653,98.95199999999998,11.891500000000022,3864.737500000007,173.9,3690.837500000007,Reversal,43.809999999999995,29.32,19.69,1
2026-02-12 14:00:00,2026-02-13 09:15:00,BULL_PUT,BULLISH,25800,25300,PE,2026-02-17,25816.95,25796.15,82.59224999999999,11.6725,70.91975,217.41299999999995,24.37875,193.03424999999996,-122.11449999999996,-39687.21249999999,177.38,-39864.592499999984,Reversal,35.29,38.6,21.369999999999997,2
2026-02-13 11:00:00,2026-02-13 14:00:00,BULL_PUT,BULLISH,25550,25050,PE,2026-02-17,25560.5,25524.5,84.6115,11.367999999999999,73.24350000000001,108.75725,12.36175,96.3955,-23.151999999999987,-7524.399999999996,157.01,-7681.409999999996,Reversal,32.0,25.03,18.91,1
2026-02-13 14:00:00,2026-02-16 11:00:00,BEAR_CALL,BEARISH,25500,26000,CE,2026-02-17,25524.5,25523.05,123.17425,13.4995,109.67475,102.05824999999999,6.5995,95.45874999999998,14.216000000000022,4620.200000000007,171.78,4448.420000000007,Reversal,42.82,28.36,19.52,1
2026-02-16 11:00:00,2026-02-17 14:30:00,BULL_PUT,BULLISH,25500,25000,PE,2026-02-17,25523.05,25683.35,68.95,8.221499999999999,60.728500000000004,0.8,0.25,0.55,60.17850000000001,19558.0125,128.05,19429.9625,Expiry book profit,22.83,9.139999999999999,16.05,0
2026-02-18 11:00:00,2026-02-18 12:30:00,BEAR_CALL,BEARISH,25700,26200,CE,2026-02-24,25703.2,25711.75,144.8935,16.1385,128.755,152.14849999999998,14.331750000000001,137.81674999999998,-9.06174999999999,-2945.0687499999967,192.68,-3137.7487499999966,Reversal,52.540000000000006,37.81,21.23,1
2026-02-18 12:30:00,2026-02-19 11:00:00,BULL_PUT,BULLISH,25700,25200,PE,2026-02-24,25711.75,25734.85,110.46775000000001,19.538749999999997,90.92900000000002,107.79299999999999,18.715,89.07799999999999,1.8510000000000275,601.5750000000089,173.07999999999998,428.49500000000893,Reversal,42.620000000000005,29.630000000000003,19.75,1
2026-02-19 11:00:00,2026-02-19 14:00:00,BEAR_CALL,BEARISH,25750,26250,CE,2026-02-24,25734.85,25562.45,124.55325,12.0785,112.47475,70.54249999999999,9.70225,60.84024999999999,51.63450000000001,16781.2125,169.45,16611.7625,Reversal,44.300000000000004,25.14,18.93,1
2026-02-19 14:00:00,2026-02-20 09:15:00,BULL_PUT,BULLISH,25550,25050,PE,2026-02-24,25562.45,25416.45,125.43974999999999,23.750999999999998,101.68875,162.85674999999998,22.999750000000002,139.85699999999997,-38.16824999999997,-12404.68124999999,191.09,-12595.77124999999,Reversal,48.980000000000004,38.629999999999995,21.369999999999997,2
2026-02-20 11:00:00,2026-02-20 14:00:00,BULL_PUT,BULLISH,25600,25100,PE,2026-02-24,25584.2,25601.15,127.70525,27.151249999999997,100.554,121.79999999999998,25.1175,96.68249999999998,3.871500000000026,1258.2375000000084,187.07999999999998,1071.1575000000084,Reversal,50.43,34.86,20.69,1
2026-02-20 14:00:00,2026-02-23 14:00:00,BEAR_CALL,BEARISH,25600,26100,CE,2026-02-24,25601.15,25638.4,136.66875,14.565249999999999,122.1035,113.67999999999999,5.2204999999999995,108.45949999999999,13.644000000000005,4434.300000000002,179.16,4255.140000000002,Reversal,46.81,31.22,20.03,1
2026-02-23 14:00:00,2026-02-24 11:00:00,BULL_PUT,BULLISH,25650,25150,PE,2026-02-24,25638.4,25471.5,92.98400000000001,11.165,81.81900000000002,182.7,1.8715,180.8285,-99.00949999999997,-32178.08749999999,166.96,-32345.04749999999,Reversal,31.3,33.17,20.39,2
2026-02-24 11:00:00,2026-02-25 09:15:00,BEAR_CALL,BEARISH,25450,25950,CE,2026-03-02,25471.5,25460.25,219.655,40.49849999999999,179.1565,239.74299999999997,35.607749999999996,204.13524999999998,-24.97874999999999,-8118.093749999997,253.76,-8371.853749999997,Reversal,84.22,61.81,25.560000000000002,2
2026-02-25 12:30:00,2026-02-26 09:15:00,BEAR_CALL,BEARISH,25600,26100,CE,2026-03-02,25592.5,25478.65,145.33675000000002,14.46375,130.87300000000002,126.26599999999999,10.98275,115.28325,15.589750000000024,5066.668750000008,187.62,4879.048750000008,Reversal,51.57,34.33,20.6,1
2026-02-26 11:00:00,2026-02-27 09:15:00,BEAR_CALL,BEARISH,25500,26000,CE,2026-03-02,25509.95,25493.3,132.43325,12.890499999999998,119.54274999999998,67.75125,5.516,62.23525,57.30749999999998,18624.937499999996,170.92000000000002,18454.017499999998,Reversal,45.52,25.339999999999996,18.98,1
2026-02-27 11:00:00,2026-02-27 14:00:00,BEAR_CALL,BEARISH,25300,25800,CE,2026-03-02,25304.65,25343.15,116.37775,9.084249999999999,107.29350000000001,137.9385,8.61875,129.31975,-22.02624999999999,-7158.531249999997,173.76999999999998,-7332.301249999997,Reversal,41.239999999999995,31.38,20.07,1
2026-02-27 14:00:00,2026-03-02 09:15:00,BULL_PUT,BULLISH,25350,24850,PE,2026-03-02,25343.15,25181.8,92.0975,11.977,80.12049999999999,498.5679999999999,109.729,388.83899999999994,-308.71849999999995,-100333.51249999998,262.72,-100596.23249999998,Reversal,66.59,81.74,29.150000000000002,5
2026-03-04 12:30:00,2026-03-04 14:00:00,BEAR_CALL,BEARISH,24350,24850,CE,2026-03-10,24368.3,24437.0,328.89149999999995,110.33049999999999,218.56099999999998,374.89025,123.37125,251.51899999999998,-32.958,-10711.35,376.68,-11088.03,Reversal,149.23,108.22,33.94,5
2026-03-04 14:00:00,2026-03-05 09:15:00,BULL_PUT,BULLISH,24450,23950,PE,2026-03-10,24437.0,24473.95,299.68625,161.13125,138.55499999999998,231.21699999999998,97.712,133.505,5.049999999999983,1641.2499999999945,337.46000000000004,1303.7899999999945,Reversal,131.12,91.22,30.87,4
2026-03-05 11:00:00,2026-03-05 12:30:00,BULL_PUT,BULLISH,24650,24150,PE,2026-03-10,24666.55,24648.85,220.24599999999998,94.24274999999999,126.00325,222.03124999999997,86.28599999999999,135.74525,-9.742000000000004,-3166.1500000000015,283.64,-3449.7900000000013,Reversal,101.14,71.92,27.39,3
2026-03-05 12:30:00,2026-03-06 09:15:00,BEAR_CALL,BEARISH,24650,25150,CE,2026-03-10,24648.85,24737.45,223.6935,42.98525,180.70825,189.90649999999997,32.061749999999996,157.84474999999998,22.863500000000016,7430.637500000005,247.63,7183.007500000005,Reversal,84.39,56.47,24.6,2
2026-03-06 11:00:00,2026-03-06 14:00:00,BEAR_CALL,BEARISH,24600,25100,CE,2026-03-10,24594.65,24554.9,217.14325,42.629999999999995,174.51325,208.27799999999996,39.350750000000005,168.92724999999996,5.586000000000041,1815.4500000000135,250.39000000000001,1565.0600000000134,Reversal,84.63000000000001,58.62,24.98,2
2026-03-06 14:00:00,2026-03-09 09:15:00,BULL_PUT,BULLISH,24550,24050,PE,2026-03-10,24554.9,24469.4,216.60150000000002,74.95774999999999,141.64375,685.1249999999999,296.288,388.8369999999999,-247.19324999999986,-80337.80624999995,445.09000000000003,-80782.89624999995,Reversal,169.23000000000002,146.60000000000002,40.86,8
2026-03-09 11:00:00,2026-03-10 12:30:00,BULL_PUT,BULLISH,23850,23350,PE,2026-03-10,23862.35,24162.65,196.212,66.58399999999999,129.628,4.31375,0.64025,3.6734999999999998,125.95449999999998,40935.212499999994,197.2,40738.0125,Reversal,64.94999999999999,31.15,20.02,1
