entry_time,exit_time,type,entry_spot,sell_strike,buy_strike,sell_entry,buy_entry,sell_exit,buy_exit,net_credit,exit_spread,pnl_per_unit,gross_pnl,charges,total_pnl,exit_reason,expiry,days_held,overnight,is_next_expiry,equity_at_entry,margin_at_entry,margin_req,elm_component,elm_raw,margin_util_pct
2024-10-01 09:15:00,2024-10-01 10:15:00,BULL_PUT,25897.35,25900,25400,105.0,9.4,127.75,9.44,95.6,118.31,-22.710000000000008,-4428.450000000002,138.1446405617,-4566.594640561701,Reversal,2024-10-03,0,False,False,300000,73376,80713,0,101000,24.5
2024-10-01 10:15:00,2024-10-01 12:15:00,BEAR_CALL,25801.1,25800,26300,116.0,6.45,123.1,5.75,109.55,117.35,-7.799999999999997,-1520.9999999999995,139.501855019,-1660.5018550189995,Reversal,2024-10-03,0,False,False,295433,73103,80413,0,100624,24.7
2024-10-01 12:15:00,2024-10-03 09:15:00,BULL_PUT,25836.8,25850,25350,88.1,5.75,300.95,33.6,82.35,267.34999999999997,-184.99999999999997,-36074.99999999999,155.047910492,-36230.047910491994,Reversal,2024-10-03,2,True,False,293773,73204,80525,0,100764,24.9
2024-10-03 09:15:00,2024-10-03 09:45:00,BEAR_CALL,25530.45,25550,26050,227.9,34.54,266.0,47.7,193.36,218.3,-24.939999999999998,-4863.299999999999,197.13478372820006,-5060.434783728199,Reversal,2024-10-10,0,False,True,257543,104249,114674,31913,99569,40.5
2024-10-03 09:45:00,2024-10-03 10:10:00,BULL_PUT,25619.4,25600,25100,134.5,33.95,167.75,42.0,100.55,125.75,-25.200000000000003,-4914.000000000001,161.004032066,-5075.004032066001,Reversal,2024-10-10,0,False,True,252482,104613,115074,32024,99916,41.4
2024-10-03 10:10:00,2024-10-04 09:50:00,BEAR_CALL,25528.9,25550,26050,207.0,30.95,74.9,10.4,176.05,64.5,111.55000000000001,21752.250000000004,163.9137541475,21588.336245852504,Reversal,2024-10-10,1,True,True,247407,104243,114667,31911,99563,42.1
2024-10-04 09:50:00,2024-10-04 12:35:00,BULL_PUT,25243.95,25250,24750,156.35,50.15,115.9,38.95,106.19999999999999,76.95,29.249999999999986,5703.749999999997,163.0800385505,5540.669961449497,Reversal,2024-10-10,0,False,False,268996,71525,78677,0,98451,26.6
2024-10-04 12:35:00,2024-10-07 14:45:00,BEAR_CALL,25291.45,25300,25800,276.25,51.15,36.65,6.35,225.1,30.299999999999997,194.8,37986.0,180.387736952,37805.612263048,Reversal,2024-10-10,3,True,False,274536,71659,78825,0,98637,26.1
2024-10-07 14:45:00,2024-10-09 13:15:00,BULL_PUT,24879.95,24900,24400,219.5,59.1,30.2,3.4,160.4,26.8,133.6,26052.0,163.98350648599998,25888.016493514,Reversal,2024-10-10,2,True,False,312342,70493,77543,0,97032,22.6
2024-10-09 13:15:00,2024-10-10 10:05:00,BEAR_CALL,25093.1,25100,25600,101.75,3.8,66.0,0.7,97.95,65.3,32.650000000000006,6366.750000000001,128.90793251750003,6237.842067482501,Reversal,2024-10-10,1,True,False,338230,71097,78207,0,97863,21.0
2024-10-10 10:05:00,2024-10-10 11:35:00,BULL_PUT,25107.6,25100,24600,146.15,33.0,197.25,48.0,113.15,149.25,-36.099999999999994,-7039.499999999999,168.400489472,-7207.900489471999,Reversal,2024-10-17,0,False,True,344468,102523,112775,31384,97920,29.8
2024-10-10 11:35:00,2024-10-14 09:15:00,BEAR_CALL,25001.9,25000,25500,204.9,29.65,148.19,11.8,175.25,136.39,38.860000000000014,7577.700000000003,170.04307992020003,7407.656920079802,Reversal,2024-10-17,4,True,True,337260,102091,112300,31252,97507,30.3
2024-10-14 09:15:00,2024-10-15 09:45:00,BULL_PUT,25055.95,25050,24550,142.25,18.89,55.8,4.09,123.36,51.709999999999994,71.65,13971.750000000002,141.49429926890002,13830.255700731102,Reversal,2024-10-17,1,True,False,344668,70992,78091,0,97718,20.6
2024-10-15 09:45:00,2024-10-16 14:00:00,BEAR_CALL,25118.7,25100,25600,136.85,5.15,28.55,1.6,131.7,26.95,104.74999999999999,20426.249999999996,135.7085490545,20290.541450945497,Reversal,2024-10-17,1,True,False,358498,71170,78287,0,97963,19.9
2024-10-16 14:00:00,2024-10-16 15:10:00,BULL_PUT,25000.15,25000,24500,92.95,3.15,66.09,1.5,89.8,64.59,25.209999999999994,4915.949999999999,126.64286808470001,4789.307131915299,Reversal,2024-10-17,0,False,False,378788,70834,77917,0,97501,18.7
2024-10-16 15:10:00,2024-10-17 11:15:00,BEAR_CALL,24968.2,24950,25450,93.25,1.7,5.25,0.8,91.55,4.45,87.1,16984.5,121.06085513,16863.43914487,Target,2024-10-17,1,True,False,383578,70743,77818,0,97376,18.4
2024-10-17 11:15:00,2024-10-18 09:45:00,BEAR_CALL,24803.7,24800,25300,177.1,22.1,111.0,11.95,155.0,99.05,55.95,10910.25,158.45473355449997,10751.7952664455,Reversal,2024-10-24,1,True,True,400441,101282,111410,31005,96734,25.3
2024-10-18 09:45:00,2024-10-21 09:30:00,BULL_PUT,24703.8,24700,24200,170.05,39.4,63.4,8.69,130.65,54.71,75.94,14808.3,152.9376327302,14655.3623672698,Reversal,2024-10-24,3,True,False,411193,69994,76994,0,96345,17.0
2024-10-21 09:30:00,2024-10-21 10:00:00,BEAR_CALL,24819.7,24800,25300,176.15,12.6,106.0,8.05,163.55,97.95,65.60000000000001,12792.000000000002,155.83775596400002,12636.162244036002,Reversal,2024-10-24,0,False,False,425848,70322,77355,0,96797,16.5
2024-10-21 10:00:00,2024-10-21 12:10:00,BULL_PUT,24808.35,24800,24300,169.7,25.05,173.35,23.8,144.64999999999998,149.54999999999998,-4.900000000000006,-955.5000000000011,165.42291649700002,-1120.922916497001,Reversal,2024-10-24,0,False,False,438485,70290,77319,0,96753,16.0
2024-10-21 12:10:00,2024-10-21 13:55:00,BEAR_CALL,24720.95,24700,25200,139.1,11.2,183.7,14.75,127.89999999999999,168.95,-41.05,-8004.749999999999,154.13305471249998,-8158.883054712499,Reversal,2024-10-24,0,False,False,437364,70043,77047,0,96412,16.0
2024-10-21 13:55:00,2024-10-21 15:20:00,BULL_PUT,24854.3,24850,24350,140.85,15.5,178.6,20.35,125.35,158.25,-32.900000000000006,-6415.500000000001,156.098624039,-6571.598624039001,Reversal,2024-10-24,0,False,False,429205,70421,77463,0,96932,16.4
2024-10-21 15:20:00,2024-10-22 09:40:00,BEAR_CALL,24765.3,24750,25250,115.0,7.8,142.1,6.65,107.2,135.45,-28.249999999999986,-5508.749999999997,141.26159127649998,-5650.011591276498,Reversal,2024-10-24,1,True,False,422633,70168,77185,0,96585,16.6
2024-10-22 09:40:00,2024-10-22 10:10:00,BULL_PUT,24851.3,24850,24350,129.69,12.65,122.0,10.45,117.03999999999999,111.55,5.489999999999995,1070.549999999999,145.0435589777,925.506441022299,Reversal,2024-10-24,0,False,False,416983,70412,77453,0,96920,16.9
2024-10-22 10:10:00,2024-10-23 10:00:00,BEAR_CALL,24757.85,24750,25250,145.6,6.7,27.95,1.95,138.9,26.0,112.9,22015.5,138.31255208599998,21877.187447914,Reversal,2024-10-24,1,True,False,417909,70147,77162,0,96556,16.8
2024-10-23 10:00:00,2024-10-23 14:20:00,BULL_PUT,24529.25,24550,24050,138.69,15.8,136.15,7.0,122.89,129.15,-6.260000000000005,-1220.700000000001,148.10036277319998,-1368.800362773201,Reversal,2024-10-24,0,False,False,439786,69500,76449,0,95664,15.8
2024-10-23 14:20:00,2024-10-24 13:30:00,BEAR_CALL,24445.0,24450,24950,87.9,2.4,3.9,0.4,85.5,3.5,82.0,15990.0,119.411100998,15870.588899002,Target,2024-10-24,1,True,False,438417,69261,76187,0,95336,15.8
2024-10-24 13:30:00,2024-10-25 15:10:00,BEAR_CALL,24393.55,24400,24900,175.75,22.9,58.6,6.7,152.85,51.9,100.94999999999999,19685.249999999996,152.0943680885,19533.155631911497,Reversal,2024-10-31,1,True,True,454288,99607,109568,30492,95135,21.9
2024-10-25 15:10:00,2024-10-28 09:40:00,BULL_PUT,24172.4,24150,23650,153.19,31.55,124.75,22.45,121.64,102.3,19.340000000000003,3771.3000000000006,156.77813308220001,3614.5218669178007,Reversal,2024-10-31,3,True,False,473821,68488,75337,0,94272,14.5
2024-10-28 09:40:00,2024-10-28 09:55:00,BEAR_CALL,24148.85,24150,24650,177.35,15.15,224.5,20.45,162.2,204.05,-41.85000000000002,-8160.750000000005,170.2371288935,-8330.987128893505,Reversal,2024-10-31,0,False,False,477435,68422,75264,0,94181,14.3
2024-10-28 09:55:00,2024-10-28 14:00:00,BULL_PUT,24287.95,24300,23800,138.55,22.7,71.65,10.8,115.85000000000001,60.85000000000001,55.0,10725.0,144.05485183100004,10580.945148169,Reversal,2024-10-31,0,False,False,469104,68816,75697,0,94723,14.7
2024-10-28 14:00:00,2024-10-29 12:00:00,BEAR_CALL,24374.2,24350,24850,152.0,8.44,72.2,2.85,143.56,69.35000000000001,74.21,14470.949999999999,144.3740545187,14326.5759454813,Reversal,2024-10-31,1,True,False,479685,69060,75966,0,95059,14.4
2024-10-29 12:00:00,2024-10-30 09:15:00,BULL_PUT,24279.3,24300,23800,131.75,12.95,52.35,5.8,118.8,46.550000000000004,72.25,14088.75,138.23483719549998,13950.5151628045,Reversal,2024-10-31,1,True,False,494012,68791,75670,0,94689,13.9
2024-10-30 09:15:00,2024-10-31 11:30:00,BEAR_CALL,24365.2,24350,24850,130.44,3.75,7.05,0.9,126.69,6.1499999999999995,120.53999999999999,23505.3,131.7277753082,23373.572224691798,Target,2024-10-31,1,True,False,507962,69035,75938,0,95024,13.6
2024-10-31 11:30:00,2024-11-01 18:00:00,BEAR_CALL,24243.3,24250,24750,241.1,47.2,232.45,50.5,193.89999999999998,181.95,11.949999999999989,2330.2499999999977,199.73167238749997,2130.5183276124976,Reversal,2024-11-07,1,True,True,531336,98993,108893,30304,94549,18.6
2024-11-01 18:00:00,2024-11-04 09:15:00,BULL_PUT,24342.35,24350,23850,256.89,78.95,272.45,81.34,177.94,191.10999999999999,-13.169999999999987,-2568.1499999999974,218.94960038690002,-2787.0996003868972,Reversal,2024-11-07,3,True,False,533466,68970,75867,0,94935,12.9
2024-11-04 09:15:00,2024-11-04 12:00:00,BEAR_CALL,24115.25,24100,24600,270.0,52.9,119.45,16.39,217.1,103.06,114.03999999999999,22237.8,188.8639266662,22048.9360733338,Reversal,2024-11-07,0,False,False,530679,68327,75159,0,94049,12.9
2024-11-04 12:00:00,2024-11-05 11:35:00,BULL_PUT,23946.45,23950,23450,239.3,66.15,194.25,44.95,173.15,149.3,23.849999999999994,4650.749999999999,196.00501872950002,4454.744981270499,Reversal,2024-11-07,1,True,False,552728,67848,74633,0,93391,12.3
2024-11-05 11:35:00,2024-11-05 13:20:00,BEAR_CALL,23898.45,23900,24400,208.6,32.54,186.9,26.9,176.06,160.0,16.060000000000002,3131.7000000000003,178.90431157220002,2952.7956884278,Reversal,2024-11-07,0,False,False,557183,67712,74484,0,93204,12.2
2024-11-05 13:20:00,2024-11-06 11:45:00,BULL_PUT,23970.2,23950,23450,205.55,46.4,12.9,5.65,159.15,7.25,151.9,29620.5,158.107747415,29462.392252585,Target,2024-11-07,1,True,False,560136,67916,74707,0,93484,12.1
2024-11-06 11:45:00,2024-11-07 09:20:00,BULL_PUT,24393.2,24400,23900,119.0,11.4,48.45,0.8,107.6,47.650000000000006,59.94999999999999,11690.249999999998,132.8396612795,11557.410338720498,Reversal,2024-11-07,1,True,False,589598,69114,76025,0,95133,11.7
2024-11-07 09:20:00,2024-11-08 09:25:00,BEAR_CALL,24397.1,24400,24900,234.75,45.8,78.55,7.85,188.95,70.7,118.24999999999999,23058.749999999996,172.5187074785,22886.231292521497,Reversal,2024-11-14,1,True,True,601156,99621,109584,30496,95149,16.6
2024-11-08 09:25:00,2024-11-08 11:50:00,BULL_PUT,24170.5,24150,23650,176.35,41.65,158.3,28.65,134.7,129.65,5.049999999999983,984.7499999999967,168.7443834185,816.0056165814967,Reversal,2024-11-14,0,False,False,624042,68483,75331,0,94265,11.0
2024-11-08 11:50:00,2024-11-11 09:30:00,BEAR_CALL,24120.15,24100,24600,177.2,20.0,143.0,11.85,157.2,131.15,26.049999999999983,5079.749999999996,161.08098899150002,4918.669011008496,Reversal,2024-11-14,3,True,False,624858,68340,75174,0,94069,10.9
2024-11-11 09:30:00,2024-11-11 12:20:00,BULL_PUT,24143.95,24150,23650,158.55,19.89,84.75,8.5,138.66000000000003,76.25,62.410000000000025,12169.950000000004,149.8612981247,12020.088701875304,Reversal,2024-11-14,0,False,False,629776,68408,75249,0,94161,10.9
2024-11-11 12:20:00,2024-11-11 14:35:00,BEAR_CALL,24217.15,24200,24700,148.65,8.85,118.35,7.15,139.8,111.19999999999999,28.600000000000023,5577.000000000005,148.72677029,5428.273229710005,Reversal,2024-11-14,0,False,False,641797,68615,75477,0,94447,10.7
2024-11-11 14:35:00,2024-11-12 10:35:00,BULL_PUT,24191.5,24200,23700,125.2,11.2,137.65,9.5,114.0,128.15,-14.150000000000006,-2759.250000000001,144.78401433649998,-2904.034014336501,Reversal,2024-11-14,1,True,False,647225,68543,75397,0,94347,10.6
2024-11-12 10:35:00,2024-11-13 12:45:00,BEAR_CALL,24120.4,24100,24600,137.0,7.55,7.7,1.45,129.45,6.25,123.19999999999999,24023.999999999996,134.088000131,23889.911999868997,Target,2024-11-14,1,True,False,644321,68341,75175,0,94070,10.6
2024-11-13 12:45:00,2024-11-14 10:00:00,BEAR_CALL,23675.2,23700,24200,87.6,4.95,38.7,0.75,82.64999999999999,37.95,44.69999999999999,8716.499999999998,122.70557366,8593.794426339999,Reversal,2024-11-14,1,True,False,668211,67080,73788,0,92333,10.0
2024-11-14 10:00:00,2024-11-14 11:05:00,BULL_PUT,23653.6,23650,23150,148.0,33.25,203.2,41.6,114.75,161.6,-46.849999999999994,-9135.749999999998,167.6847841115,-9303.434784111498,Reversal,2024-11-21,0,False,True,676805,96586,106244,29567,92249,14.3
2024-11-14 11:05:00,2024-11-18 12:10:00,BEAR_CALL,23520.9,23500,24000,188.0,24.1,114.6,6.4,163.9,108.19999999999999,55.70000000000002,10861.500000000004,160.428475253,10701.071524747003,Reversal,2024-11-21,4,True,True,667501,96044,105648,29401,91732,14.4
2024-11-18 12:10:00,2024-11-18 14:30:00,BULL_PUT,23477.55,23500,23000,142.0,16.35,152.4,15.6,125.65,136.8,-11.150000000000006,-2174.250000000001,152.8748715005,-2327.124871500501,Reversal,2024-11-21,0,False,False,678202,66520,73172,0,91562,9.8
2024-11-18 14:30:00,2024-11-19 09:15:00,BEAR_CALL,23420.65,23400,23900,145.69,8.15,196.05,8.5,137.54,187.55,-50.01000000000002,-9751.950000000004,155.04409154569998,-9906.994091545705,Reversal,2024-11-21,1,True,False,675875,66359,72994,0,91341,9.8
2024-11-19 09:15:00,2024-11-19 14:50:00,BULL_PUT,23590.05,23600,23100,130.85,10.35,69.2,3.2,120.5,66.0,54.5,10627.5,138.517034468,10488.982965532,Reversal,2024-11-21,0,False,False,665968,66838,73522,0,92001,10.0
2024-11-19 14:50:00,2024-11-21 09:45:00,BEAR_CALL,23636.75,23650,24150,94.0,1.85,4.45,0.85,92.15,3.6,88.55000000000001,17267.250000000004,121.2253503245,17146.024649675503,Target,2024-11-21,2,True,False,676457,66971,73668,0,92183,9.9
2024-11-21 09:45:00,2024-11-22 09:15:00,BEAR_CALL,23296.95,23300,23800,216.4,35.35,259.6,43.7,181.05,215.90000000000003,-34.85000000000002,-6795.750000000005,192.3505263815,-6988.100526381504,Reversal,2024-11-28,1,True,True,693603,95129,104642,29121,90858,13.7
2024-11-22 09:15:00,2024-11-22 10:45:00,BULL_PUT,23420.65,23400,22900,169.2,45.55,132.8,34.1,123.64999999999999,98.70000000000002,24.949999999999974,4865.249999999995,166.3762815395,4698.873718460495,Reversal,2024-11-28,0,False,False,686615,66359,72994,0,91341,9.7
2024-11-22 10:45:00,2024-11-22 12:05:00,BEAR_CALL,23474.65,23450,23950,248.3,44.45,325.6,70.84,203.85000000000002,254.76000000000002,-50.91,-9927.449999999999,215.30007964970002,-10142.750079649699,Reversal,2024-11-28,0,False,False,691314,66512,73163,0,91551,9.6
2024-11-22 12:05:00,2024-11-25 12:50:00,BULL_PUT,23639.65,23650,23150,198.9,59.4,18.64,7.05,139.5,11.59,127.91,24942.45,158.2995990737,24784.1504009263,Reversal,2024-11-28,3,True,False,681171,66979,73677,0,92195,9.8
2024-11-25 12:50:00,2024-11-26 09:15:00,BEAR_CALL,24209.8,24200,24700,188.8,22.1,177.65,15.4,166.70000000000002,162.25,4.450000000000017,867.7500000000033,168.5052287885,699.2447712115033,Reversal,2024-11-28,1,True,False,705955,68594,75454,0,94418,9.7
2024-11-26 09:15:00,2024-11-26 10:15:00,BULL_PUT,24310.35,24300,23800,142.4,22.85,167.0,23.2,119.55000000000001,143.8,-24.25,-4728.75,156.9440592335,-4885.6940592335,Reversal,2024-11-28,0,False,False,706654,68879,75767,0,94810,9.7
2024-11-26 10:15:00,2024-11-27 12:20:00,BEAR_CALL,24171.75,24150,24650,166.9,10.75,155.1,5.09,156.15,150.01,6.140000000000015,1197.300000000003,156.6059598992,1040.6940401008028,Reversal,2024-11-28,1,True,False,701769,68487,75335,0,94270,9.8
2024-11-27 12:20:00,2024-11-28 10:30:00,BULL_PUT,24256.65,24250,23750,77.09,4.75,35.29,0.95,72.34,34.339999999999996,38.00000000000001,7410.000000000002,119.53277911039999,7290.467220889602,Reversal,2024-11-28,1,True,False,702809,68727,75600,0,94601,9.8
2024-11-28 10:30:00,2024-11-29 09:25:00,BEAR_CALL,24225.8,24250,24750,231.7,36.65,89.3,9.8,195.04999999999998,79.5,115.54999999999998,22532.249999999996,172.35455979350002,22359.895440206496,Reversal,2024-12-05,1,True,True,710100,98922,108814,30282,94481,13.9
2024-11-29 09:25:00,2024-12-02 09:15:00,BULL_PUT,24029.1,24050,23550,210.65,53.8,138.75,25.9,156.85000000000002,112.85,44.00000000000003,8580.000000000005,176.833272233,8403.166727767006,Reversal,2024-12-05,3,True,False,732460,68082,74891,0,93713,9.3
2024-12-02 09:15:00,2024-12-02 09:45:00,BEAR_CALL,24037.75,24050,24550,181.05,19.6,226.2,26.85,161.45000000000002,199.35,-37.89999999999998,-7390.499999999995,173.57485663100002,-7564.074856630996,Reversal,2024-12-05,0,False,False,740863,68107,74918,0,93747,9.2
2024-12-02 09:45:00,2024-12-04 11:55:00,BULL_PUT,24129.2,24150,23650,145.05,25.15,37.29,2.95,119.9,34.339999999999996,85.56,16684.2,140.8781195372,16543.3218804628,Reversal,2024-12-05,2,True,False,733299,68366,75203,0,94104,9.3
2024-12-04 11:55:00,2024-12-04 12:25:00,BEAR_CALL,24414.0,24400,24900,146.05,7.0,152.3,5.85,139.05,146.45000000000002,-7.400000000000006,-1443.0000000000011,150.46602185600003,-1593.4660218560011,Reversal,2024-12-05,0,False,False,749842,69173,76090,0,95215,9.2
2024-12-04 12:25:00,2024-12-04 14:50:00,BULL_PUT,24495.1,24500,24000,142.5,14.5,143.44,16.64,128.0,126.8,1.2000000000000028,234.00000000000057,152.3519354804,81.64806451960058,Reversal,2024-12-05,0,False,False,748249,69403,76343,0,95531,9.3
2024-12-04 14:50:00,2024-12-05 12:05:00,BEAR_CALL,24445.25,24450,24950,119.2,3.25,152.3,4.9,115.95,147.4,-31.450000000000003,-6132.750000000001,142.4364692795,-6275.186469279501,Reversal,2024-12-05,1,True,False,748330,69262,76188,0,95336,9.3
2024-12-05 12:05:00,2024-12-05 14:50:00,BULL_PUT,24516.75,24500,24000,263.64,96.35,130.1,43.65,167.29,86.44999999999999,80.84,15763.800000000001,199.4047589162,15564.395241083801,Reversal,2024-12-12,0,False,True,742055,100110,110121,30646,95615,13.5
2024-12-05 14:50:00,2024-12-05 15:05:00,BEAR_CALL,24624.8,24600,25100,321.45,81.4,263.25,59.8,240.04999999999998,203.45,36.599999999999994,7136.999999999999,230.272595417,6906.727404582999,Reversal,2024-12-12,0,False,True,757620,100551,110606,30781,96037,13.3
2024-12-05 15:05:00,2024-12-09 10:00:00,BULL_PUT,24717.85,24700,24200,223.3,69.25,220.9,43.4,154.05,177.5,-23.44999999999999,-4572.749999999998,193.7570187155,-4766.507018715498,Reversal,2024-12-12,4,True,True,764526,100931,111024,30897,96400,13.2
2024-12-09 10:00:00,2024-12-10 15:05:00,BEAR_CALL,24605.8,24600,25100,171.7,26.3,111.35,9.65,145.39999999999998,101.69999999999999,43.69999999999999,8521.499999999998,156.72159947,8364.778400529998,Reversal,2024-12-12,1,True,False,759760,69716,76688,0,95963,9.2
2024-12-10 15:05:00,2024-12-12 10:55:00,BULL_PUT,24620.3,24600,24100,121.4,9.35,39.4,1.95,112.05000000000001,37.449999999999996,74.60000000000002,14547.000000000004,132.847992323,14414.152007677003,Reversal,2024-12-12,2,True,False,768125,69758,76733,0,96019,9.1
2024-12-12 10:55:00,2024-12-13 11:15:00,BEAR_CALL,24602.1,24600,25100,196.7,30.4,65.75,9.55,166.29999999999998,56.2,110.09999999999998,21469.499999999996,159.973379612,21309.526620387995,Reversal,2024-12-19,1,True,True,782539,100459,110504,30753,95948,12.8
2024-12-13 11:15:00,2024-12-16 10:25:00,BULL_PUT,24317.25,24300,23800,194.15,43.1,42.95,6.05,151.05,36.900000000000006,114.15,22259.25,157.4104928375,22101.8395071625,Reversal,2024-12-19,3,True,False,803848,68899,75789,0,94837,8.6
2024-12-16 10:25:00,2024-12-19 09:15:00,BEAR_CALL,24665.25,24650,25150,172.85,24.1,6.65,3.3,148.75,3.3500000000000005,145.4,28353.0,145.891757447,28207.108242553,Target,2024-12-19,3,True,False,825950,69885,76873,0,96194,8.5
2024-12-26 09:15:00,2024-12-26 10:05:00,BULL_PUT,23835.4,23850,23350,165.5,37.0,180.1,39.0,128.5,141.1,-12.599999999999994,-2456.999999999999,170.112255008,-2627.112255007999,Reversal,2025-01-02,0,False,True,854157,97328,107061,29794,92958,11.4
2024-12-27 09:15:00,2024-12-27 12:05:00,BULL_PUT,23823.05,23800,23300,157.0,34.5,110.65,16.7,122.5,93.95,28.549999999999997,5567.249999999999,155.26142677549998,5411.988573224499,Reversal,2025-01-02,0,False,False,851530,67499,74249,0,92910,7.9
2024-12-30 10:45:00,2024-12-30 12:25:00,BULL_PUT,23840.5,23850,23350,123.85,11.5,119.9,13.5,112.35,106.4,5.949999999999989,1160.2499999999977,143.9853093125,1016.2646906874977,Reversal,2025-01-02,0,False,False,856942,67548,74303,0,92978,7.9
2024-12-31 10:50:00,2025-01-01 09:45:00,BULL_PUT,23586.0,23600,23100,154.44,17.89,118.95,10.05,136.55,108.9,27.650000000000006,5391.750000000001,151.9804925579,5239.769507442101,Reversal,2025-01-02,1,True,False,857958,66827,73510,0,91985,7.8
2025-01-01 10:45:00,2025-01-02 13:00:00,BULL_PUT,23710.85,23700,23200,125.55,9.69,6.75,1.0,115.86,5.75,110.11,21471.45,130.8964062437,21340.5535937563,Target,2025-01-02,1,True,False,863198,67181,73899,0,92472,7.8
2025-01-02 13:00:00,2025-01-03 09:30:00,BULL_PUT,24061.0,24050,23550,206.1,61.7,152.6,31.8,144.39999999999998,120.8,23.59999999999998,4601.999999999996,179.11760468600002,4422.882395313996,Reversal,2025-01-09,1,True,True,884539,98249,108074,30076,93838,11.1
2025-01-03 09:30:00,2025-01-03 11:20:00,BEAR_CALL,24105.2,24100,24600,198.2,31.3,158.19,21.6,166.89999999999998,136.59,30.309999999999974,5910.449999999995,171.92500571270003,5738.524994287295,Reversal,2025-01-09,0,False,False,888962,68298,75128,0,94010,7.7
2025-01-03 11:20:00,2025-01-03 14:00:00,BULL_PUT,24132.55,24150,23650,201.5,33.6,223.5,34.9,167.9,188.6,-20.69999999999999,-4036.4999999999977,182.461449905,-4218.961449904998,Reversal,2025-01-09,0,False,False,894700,68376,75213,0,94117,7.6
2025-01-03 14:00:00,2025-01-06 09:20:00,BEAR_CALL,24032.6,24050,24550,144.35,17.85,126.65,13.75,126.5,112.9,13.599999999999994,2651.999999999999,150.883374038,2501.116625961999,Reversal,2025-01-09,3,True,False,890481,68092,74902,0,93727,7.6
2025-01-06 09:20:00,2025-01-06 09:40:00,BULL_PUT,24080.6,24100,23600,207.05,30.55,270.35,50.55,176.5,219.8,-43.30000000000001,-8443.500000000002,192.180680855,-8635.680680855003,Reversal,2025-01-09,0,False,False,892982,68228,75051,0,93914,7.6
2025-01-06 09:40:00,2025-01-06 12:35:00,BEAR_CALL,23948.35,23950,24450,151.8,20.95,87.7,11.95,130.85000000000002,75.75,55.10000000000002,10744.500000000004,149.29946571200003,10595.200534288004,Reversal,2025-01-09,0,False,False,884347,67854,74639,0,93399,7.7
2025-01-06 12:35:00,2025-01-06 13:45:00,BULL_PUT,23747.8,23750,23250,209.5,48.9,252.4,61.25,160.6,191.15,-30.55000000000001,-5957.250000000002,195.85816259149996,-6153.108162591502,Reversal,2025-01-09,0,False,False,894942,67285,74014,0,92616,7.5
2025-01-06 13:45:00,2025-01-07 09:15:00,BEAR_CALL,23633.75,23650,24150,189.45,37.85,222.15,39.85,151.6,182.3,-30.700000000000017,-5986.500000000004,180.749579459,-6167.249579459004,Reversal,2025-01-09,1,True,False,888789,66962,73659,0,92172,7.5
2025-01-07 09:15:00,2025-01-07 10:00:00,BULL_PUT,23754.0,23750,23250,174.05,33.79,192.45,37.1,140.26000000000002,155.35,-15.089999999999975,-2942.549999999995,172.7570113157,-3115.307011315695,Reversal,2025-01-09,0,False,False,882621,67303,74033,0,92641,7.6
2025-01-07 10:00:00,2025-01-08 13:40:00,BEAR_CALL,23650.2,23650,24150,167.6,17.85,44.95,2.54,149.75,42.410000000000004,107.34,20931.3,147.0421797122,20784.2578202878,Reversal,2025-01-09,1,True,False,879506,67009,73710,0,92236,7.6
2025-01-08 13:40:00,2025-01-09 09:35:00,BULL_PUT,23629.5,23650,23150,118.0,5.35,82.0,1.75,112.65,80.25,32.400000000000006,6318.000000000001,135.24126437299998,6182.7587356270005,Reversal,2025-01-09,1,True,False,900290,66950,73645,0,92155,7.4
2025-01-09 09:35:00,2025-01-10 10:50:00,BEAR_CALL,23604.05,23600,24100,198.4,34.9,122.1,15.05,163.5,107.05,56.45,11007.75,167.3124061835,10840.4375938165,Reversal,2025-01-16,1,True,True,906473,96383,106022,29505,92056,10.6
2025-01-10 10:50:00,2025-01-10 14:10:00,BULL_PUT,23464.85,23450,22950,171.6,40.6,138.85,27.75,131.0,111.1,19.900000000000006,3880.500000000001,165.378810344,3715.1211896560008,Reversal,2025-01-16,0,False,False,917314,66484,73132,0,91513,7.2
2025-01-10 14:10:00,2025-01-13 10:30:00,BEAR_CALL,23441.25,23450,23950,197.7,28.1,104.85,11.95,169.6,92.89999999999999,76.7,14956.5,164.14744173800003,14792.352558262,Reversal,2025-01-16,3,True,False,921029,66417,73059,0,91421,7.2
2025-01-13 10:30:00,2025-01-13 12:15:00,BULL_PUT,23334.1,23350,22850,164.0,32.7,212.4,36.7,131.3,175.7,-44.39999999999998,-8657.999999999996,171.51908305399996,-8829.519083053996,Reversal,2025-01-16,0,False,False,935821,66113,72725,0,91003,7.1
2025-01-13 12:15:00,2025-01-14 09:15:00,BEAR_CALL,23192.6,23200,23700,155.44,17.89,129.69,13.2,137.55,116.49,21.060000000000016,4106.7000000000035,154.0733226986,3952.6266773014036,Reversal,2025-01-16,1,True,False,926992,65712,72284,0,90451,7.1
2025-01-14 09:15:00,2025-01-14 13:00:00,BULL_PUT,23210.45,23200,22700,103.1,15.6,103.05,13.3,87.5,89.75,-2.25,-438.75,137.0625897815,-575.8125897815,Reversal,2025-01-16,0,False,False,930944,65763,72339,0,90521,7.1
2025-01-14 13:00:00,2025-01-15 10:20:00,BEAR_CALL,23151.15,23150,23650,114.65,8.05,129.85,4.3,106.60000000000001,125.55,-18.94999999999999,-3695.2499999999977,139.45971721549998,-3834.7097172154977,Reversal,2025-01-16,1,True,False,930368,65595,72154,0,90289,7.1
2025-01-15 10:20:00,2025-01-15 13:15:00,BULL_PUT,23241.65,23250,22750,75.05,7.0,75.75,5.45,68.05,70.3,-2.25,-438.75,123.9655783475,-562.7155783475,Reversal,2025-01-16,0,False,False,926534,65851,72436,0,90642,7.1
2025-01-15 13:15:00,2025-01-16 09:15:00,BEAR_CALL,23185.4,23200,23700,67.7,2.54,128.25,2.54,65.16,125.71,-60.55,-11807.25,125.34329166890001,-11932.5932916689,Reversal,2025-01-16,1,True,False,925971,65692,72261,0,90423,7.1
2025-01-16 09:15:00,2025-01-17 09:15:00,BULL_PUT,23335.75,23350,22850,172.15,39.79,233.25,56.4,132.36,176.85,-44.48999999999998,-8675.549999999996,181.68720456169999,-8857.237204561696,Reversal,2025-01-23,1,True,True,914038,95288,104816,29170,91009,10.4
2025-01-17 09:15:00,2025-01-17 10:25:00,BEAR_CALL,23181.75,23200,23700,199.3,33.79,211.35,28.45,165.51000000000002,182.9,-17.389999999999986,-3391.0499999999975,179.0150306807,-3570.0650306806974,Reversal,2025-01-23,0,False,False,905181,65682,72250,0,90409,7.3
2025-01-17 10:25:00,2025-01-17 10:45:00,BULL_PUT,23263.65,23250,22750,158.05,32.7,183.35,38.04,125.35000000000001,145.31,-19.959999999999994,-3892.199999999999,167.6905879082,-4059.890587908199,Reversal,2025-01-23,0,False,False,901611,65914,72505,0,90728,7.3
2025-01-17 10:45:00,2025-01-17 12:00:00,BEAR_CALL,23147.2,23150,23650,211.85,30.0,224.55,36.29,181.85,188.26000000000002,-6.410000000000025,-1249.9500000000048,185.48927115470002,-1435.4392711547048,Reversal,2025-01-23,0,False,False,897551,65584,72142,0,90274,7.3
2025-01-17 12:00:00,2025-01-20 09:35:00,BULL_PUT,23192.25,23200,22700,187.0,47.55,174.0,35.54,139.45,138.46,0.9899999999999807,193.04999999999623,175.4999218367,17.550078163296234,Reversal,2025-01-23,3,True,False,896116,65711,72283,0,90450,7.3
2025-01-20 09:35:00,2025-01-20 10:30:00,BEAR_CALL,23179.85,23200,23700,181.0,23.0,190.1,19.85,158.0,170.25,-12.25,-2388.75,168.7499225885,-2557.4999225885,Reversal,2025-01-23,0,False,False,896133,65676,72244,0,90401,7.3
2025-01-20 10:30:00,2025-01-21 09:55:00,BULL_PUT,23259.45,23250,22750,145.05,23.7,102.35,13.6,121.35000000000001,88.75,32.60000000000001,6357.000000000002,149.415166661,6207.584833339002,Reversal,2025-01-23,1,True,False,893576,65902,72492,0,90712,7.4
2025-01-21 09:55:00,2025-01-21 11:45:00,BEAR_CALL,23299.15,23300,23800,172.95,14.85,139.94,12.7,158.1,127.24,30.86,6017.7,159.4181189372,5858.2818810628,Reversal,2025-01-23,0,False,False,899783,66014,72616,0,90867,7.3
2025-01-21 11:45:00,2025-01-21 12:15:00,BULL_PUT,23370.95,23350,22850,190.65,29.55,209.45,35.15,161.1,174.29999999999998,-13.199999999999989,-2573.9999999999977,177.93560602399998,-2751.935606023998,Reversal,2025-01-23,0,False,False,905642,66218,72839,0,91147,7.3
2025-01-21 12:15:00,2025-01-21 13:00:00,BEAR_CALL,23161.35,23150,23650,206.55,25.3,209.2,27.7,181.25,181.5,-0.25,-48.75,179.8808703125,-228.6308703125,Reversal,2025-01-23,0,False,False,902890,65624,72186,0,90329,7.3
2025-01-21 13:00:00,2025-01-21 14:30:00,BULL_PUT,23276.05,23300,22800,186.2,31.85,195.9,24.8,154.35,171.1,-16.75,-3266.25,172.84809391250002,-3439.0980939125,Reversal,2025-01-23,0,False,False,902661,65949,72544,0,90777,7.3
2025-01-21 14:30:00,2025-01-22 14:25:00,BEAR_CALL,23101.7,23100,23600,192.0,22.15,79.65,3.65,169.85,76.0,93.85,18300.75,157.5336081935,18143.2163918065,Reversal,2025-01-23,1,True,False,899222,65455,72000,0,90097,7.3
2025-01-22 14:25:00,2025-01-23 11:30:00,BULL_PUT,23118.9,23100,22600,57.75,4.59,3.7,1.45,53.16,2.25,50.91,9927.449999999999,111.5256391787,9815.924360821298,Target,2025-01-23,1,True,False,917365,65504,72054,0,90164,7.1
2025-01-23 11:30:00,2025-01-24 09:35:00,BULL_PUT,23232.4,23250,22750,180.65,45.0,188.5,46.5,135.65,142.0,-6.349999999999994,-1238.2499999999989,177.82644480949998,-1416.0764448094988,Reversal,2025-01-30,1,True,True,927181,94866,104352,29041,90606,10.2
2025-01-24 09:35:00,2025-01-24 11:00:00,BEAR_CALL,23194.2,23200,23700,222.9,38.0,201.0,31.0,184.9,170.0,14.900000000000006,2905.500000000001,185.718874127,2719.7811258730007,Reversal,2025-01-30,0,False,False,925765,65717,72289,0,90457,7.1
2025-01-24 11:00:00,2025-01-24 12:35:00,BULL_PUT,23244.5,23250,22750,186.65,39.2,145.4,29.05,147.45,116.35000000000001,31.09999999999998,6064.499999999996,170.359857389,5894.140142610996,Reversal,2025-01-30,0,False,False,928485,65859,72445,0,90654,7.1
2025-01-24 12:35:00,2025-01-28 09:15:00,BEAR_CALL,23234.85,23250,23750,198.9,25.95,39.25,4.55,172.95000000000002,34.7,138.25,26958.75,156.47934084950003,26802.2706591505,Reversal,2025-01-30,4,True,False,934379,65832,72415,0,90616,7.0
2025-01-28 09:15:00,2025-01-28 14:45:00,BULL_PUT,22926.35,22950,22450,142.85,18.45,67.5,8.3,124.39999999999999,59.2,65.19999999999999,12713.999999999998,143.815613273,12570.184386726998,Reversal,2025-01-30,0,False,False,961181,64958,71454,0,89413,6.8
2025-01-28 14:45:00,2025-01-29 09:35:00,BEAR_CALL,23026.75,23050,23550,197.65,15.8,142.8,9.69,181.85,133.11,48.73999999999998,9504.299999999996,165.76056550220002,9338.539434497796,Reversal,2025-01-30,1,True,False,973751,65242,71767,0,89804,6.7
2025-01-29 09:35:00,2025-01-29 11:20:00,BULL_PUT,23036.4,23050,22550,161.19,21.0,141.85,16.45,140.19,125.39999999999999,14.790000000000006,2884.050000000001,157.90741916870002,2726.142580831301,Reversal,2025-01-30,0,False,False,983090,65270,71797,0,89842,6.6
2025-01-29 11:20:00,2025-01-29 13:25:00,BEAR_CALL,22995.65,23000,23500,200.85,20.05,248.9,29.1,180.79999999999998,219.8,-39.00000000000003,-7605.0000000000055,181.715739407,-7786.7157394070055,Reversal,2025-01-30,0,False,False,985816,65154,71670,0,89683,6.6
2025-01-29 13:25:00,2025-01-30 13:50:00,BULL_PUT,23162.95,23150,22650,151.9,20.39,16.0,0.45,131.51,15.55,115.96,22612.199999999997,139.7949105662,22472.405089433796,Reversal,2025-01-30,1,True,False,978029,65628,72191,0,90336,6.7
2025-01-30 13:50:00,2025-01-30 15:05:00,BEAR_CALL,23192.9,23200,23700,380.5,156.75,375.35,145.05,223.75,230.3,-6.550000000000011,-1277.2500000000023,286.70607891950004,-1563.9560789195023,Reversal,2025-02-06,0,False,True,1000502,94704,104175,28991,90452,9.5
2025-01-30 15:05:00,2025-01-31 14:15:00,BULL_PUT,23252.75,23250,22750,269.2,108.5,165.85,62.0,160.7,103.85,56.849999999999994,11085.749999999998,210.23474019649998,10875.515259803498,Reversal,2025-02-06,1,True,True,998938,94949,104444,29066,90686,9.5
2025-01-31 14:15:00,2025-01-31 15:25:00,BEAR_CALL,23436.9,23450,23950,291.8,82.05,316.95,89.35,209.75,227.6,-17.849999999999994,-3480.749999999999,235.0187090945,-3715.768709094499,Reversal,2025-02-06,0,False,False,1009813,66405,73045,0,91404,6.6
2025-01-31 15:25:00,2025-02-01 11:50:00,BULL_PUT,23533.85,23550,23050,231.85,86.5,225.25,79.45,145.35,145.8,-0.45000000000001705,-87.75000000000333,208.0077612215,-295.7577612215033,Reversal,2025-02-06,1,True,False,1006098,66679,73347,0,91782,6.6
2025-02-01 11:50:00,2025-02-01 12:20:00,BEAR_CALL,23396.6,23400,23900,298.0,74.8,229.3,54.8,223.2,174.5,48.69999999999999,9496.499999999998,218.830688447,9277.669311552998,Reversal,2025-02-06,0,False,False,1005802,66290,72919,0,91247,6.6
2025-02-01 12:20:00,2025-02-01 13:05:00,BULL_PUT,23521.0,23500,23000,186.35,38.45,224.0,51.0,147.89999999999998,173.0,-25.100000000000023,-4894.500000000005,183.19450057400005,-5077.694500574004,Reversal,2025-02-06,0,False,False,1015079,66643,73307,0,91732,6.6
2025-02-01 13:05:00,2025-02-01 13:40:00,BEAR_CALL,23359.8,23350,23850,206.2,35.4,235.85,42.75,170.79999999999998,193.1,-22.30000000000001,-4348.500000000002,187.180467026,-4535.680467026002,Reversal,2025-02-06,0,False,False,1010002,66186,72805,0,91103,6.6
2025-02-01 13:40:00,2025-02-03 09:15:00,BULL_PUT,23495.05,23500,23000,179.85,34.75,242.3,49.45,145.1,192.85000000000002,-47.75000000000003,-9311.250000000005,182.2471599005,-9493.497159900506,Reversal,2025-02-06,2,True,False,1005466,66569,73226,0,91631,6.6
2025-02-03 09:15:00,2025-02-03 15:05:00,BEAR_CALL,23263.0,23250,23750,189.75,21.5,202.45,15.3,168.25,187.14999999999998,-18.899999999999977,-3685.4999999999955,170.86626376999996,-3856.3662637699954,Reversal,2025-02-06,0,False,False,995973,65912,72503,0,90726,6.6
2025-02-03 15:05:00,2025-02-04 10:35:00,BULL_PUT,23375.4,23400,22900,117.2,16.85,112.95,16.39,100.35,96.56,3.789999999999992,739.0499999999985,142.8033116957,596.2466883042985,Reversal,2025-02-06,1,True,False,992116,66230,72853,0,91164,6.7
2025-02-04 10:35:00,2025-02-04 11:35:00,BEAR_CALL,23427.25,23450,23950,172.5,16.75,186.0,15.4,155.75,170.6,-14.849999999999994,-2895.749999999999,164.25388320950003,-3060.0038832094992,Reversal,2025-02-06,0,False,False,992712,66377,73015,0,91366,6.7
2025-02-04 11:35:00,2025-02-05 15:25:00,BULL_PUT,23557.05,23550,23050,130.15,18.0,22.7,2.6,112.15,20.099999999999998,92.05000000000001,17949.750000000004,134.7445790735,17815.005420926504,Reversal,2025-02-06,1,True,False,989652,66745,73419,0,91872,6.7
2025-02-05 15:25:00,2025-02-06 13:30:00,BEAR_CALL,23686.75,23700,24200,58.6,1.9,2.85,0.5,56.7,2.35,54.35,10598.25,111.1870061255,10487.0629938745,Target,2025-02-06,1,True,False,1007467,67112,73824,0,92378,6.7
2025-02-06 13:30:00,2025-02-07 10:05:00,BEAR_CALL,23596.3,23600,24100,217.45,40.65,188.4,29.85,176.79999999999998,158.55,18.24999999999997,3558.7499999999945,183.01682100050002,3375.7331789994946,Reversal,2025-02-13,1,True,True,1017955,96352,105987,29495,92026,9.5
2025-02-07 10:05:00,2025-02-07 10:15:00,BULL_PUT,23653.45,23650,23150,208.75,47.65,171.9,33.65,161.1,138.25,22.849999999999994,4455.749999999999,180.82516732850002,4274.924832671499,Reversal,2025-02-13,0,False,False,1021330,67018,73720,0,92248,6.6
2025-02-07 10:15:00,2025-02-07 10:55:00,BEAR_CALL,23549.5,23550,24050,222.55,32.7,206.5,29.3,189.85000000000002,177.2,12.650000000000034,2466.750000000007,185.1686225615,2281.581377438507,Reversal,2025-02-13,0,False,False,1025605,66724,73396,0,91843,6.5
2025-02-07 10:55:00,2025-02-07 12:10:00,BULL_PUT,23613.2,23600,23100,154.35,25.75,143.3,22.55,128.6,120.75000000000001,7.84999999999998,1530.7499999999961,158.24702524850002,1372.5029747514961,Reversal,2025-02-13,0,False,False,1027887,66904,73594,0,92091,6.5
2025-02-07 12:10:00,2025-02-07 15:05:00,BEAR_CALL,23573.9,23550,24050,204.4,25.7,148.19,16.55,178.70000000000002,131.64,47.06000000000003,9176.700000000006,170.8733178092,9005.826682190806,Reversal,2025-02-13,0,False,False,1029259,66793,73472,0,91938,6.5
2025-02-07 15:05:00,2025-02-10 09:15:00,BULL_PUT,23555.7,23550,23050,151.85,20.55,170.4,24.75,131.29999999999998,145.65,-14.350000000000023,-2798.2500000000045,160.0875082565,-2958.3375082565044,Reversal,2025-02-13,3,True,False,1038265,66741,73415,0,91867,6.4
2025-02-10 09:15:00,2025-02-11 14:50:00,BEAR_CALL,23468.7,23450,23950,191.3,27.05,22.5,2.7,164.25,19.8,144.45,28167.749999999996,152.48722413650003,28015.262775863495,Reversal,2025-02-13,1,True,False,1035307,66495,73144,0,91528,6.4
2025-02-11 14:50:00,2025-02-12 09:25:00,BULL_PUT,23112.55,23100,22600,116.2,7.7,134.1,6.45,108.5,127.64999999999999,-19.14999999999999,-3734.249999999998,140.82711540350002,-3875.0771154034983,Reversal,2025-02-13,1,True,False,1063322,65486,72034,0,90139,6.2
2025-02-12 09:25:00,2025-02-12 10:45:00,BEAR_CALL,22979.2,23000,23500,121.05,6.65,64.5,4.05,114.39999999999999,60.45,53.94999999999999,10520.249999999998,135.30021113749999,10384.949788862497,Reversal,2025-02-13,0,False,False,1059447,65108,71619,0,89619,6.1
2025-02-12 10:45:00,2025-02-12 13:55:00,BULL_PUT,22941.55,22950,22450,116.4,6.4,69.45,4.25,110.0,65.2,44.8,8736.0,134.48045229500002,8601.519547705,Reversal,2025-02-13,0,False,False,1069832,65001,71501,0,89472,6.1
2025-02-12 13:55:00,2025-02-13 09:30:00,BEAR_CALL,23001.3,23000,23500,115.5,5.15,109.45,3.0,110.35,106.45,3.8999999999999915,760.4999999999983,137.288527253,623.2114727469983,Reversal,2025-02-13,1,True,False,1078433,65170,71687,0,89705,6.0
2025-02-13 09:30:00,2025-02-13 13:30:00,BULL_PUT,23103.2,23100,22600,205.95,52.5,143.15,30.0,153.45,113.15,40.29999999999998,7858.499999999996,176.939368808,7681.560631191996,Reversal,2025-02-20,0,False,True,1079057,94338,103772,28879,90102,8.7
2025-02-13 13:30:00,2025-02-20 15:29:00,BEAR_CALL,23109.65,23100,23600,229.0,38.95,0.05,0.05,190.05,0.0,190.05,37059.75,161.26888007149998,36898.4811199285,Expiry,2025-02-20,7,True,True,1086738,94364,103801,28887,90128,8.7
2025-03-17 09:15:00,2025-03-17 09:30:00,BEAR_CALL,22502.65,22500,23000,136.55,8.0,162.75,7.35,128.55,155.4,-26.849999999999994,-5235.749999999999,149.2558513295,-5385.005851329499,Reversal,2025-03-20,0,False,False,1123637,63758,70133,0,87760,5.7
2025-03-17 09:30:00,2025-03-20 09:15:00,BULL_PUT,22566.1,22550,22050,102.0,9.75,3.5,0.7,92.25,2.8,89.45,17442.75,124.0101303485,17318.7398696515,Target,2025-03-20,3,True,False,1118252,63937,70331,0,88008,5.7
2025-03-20 11:10:00,2025-03-21 13:35:00,BULL_PUT,23063.55,23050,22550,135.1,26.05,38.35,6.8,109.05,31.55,77.5,15112.5,139.360669169,14973.139330831,Reversal,2025-03-27,1,True,True,1135570,94176,103594,28829,89948,8.3
2025-03-21 13:35:00,2025-03-21 14:20:00,BEAR_CALL,23327.4,23350,23850,145.85,11.9,145.1,11.45,133.95,133.65,0.29999999999998295,58.499999999996675,151.759719209,-93.25971920900332,Reversal,2025-03-27,0,False,False,1150544,66094,72704,0,90977,5.7
2025-03-21 14:20:00,2025-03-25 10:10:00,BULL_PUT,23367.3,23350,22850,115.2,15.1,21.9,6.05,100.10000000000001,15.849999999999998,84.25000000000001,16428.750000000004,131.2342676975,16297.515732302503,Reversal,2025-03-27,4,True,False,1150450,66207,72828,0,91132,5.8
2025-03-25 10:10:00,2025-03-26 09:20:00,BEAR_CALL,23770.4,23750,24250,178.35,22.8,98.05,5.7,155.54999999999998,92.35,63.19999999999999,12323.999999999998,155.993836187,12168.006163812997,Reversal,2025-03-27,1,True,False,1166748,67349,74084,0,92705,5.8
2025-03-26 09:20:00,2025-03-26 11:55:00,BULL_PUT,23722.85,23700,23200,84.7,6.85,109.25,5.65,77.85000000000001,103.6,-25.749999999999986,-5021.249999999997,129.6231618635,-5150.873161863497,Reversal,2025-03-27,0,False,False,1178916,67215,73936,0,92519,5.7
2025-03-26 11:55:00,2025-03-27 09:40:00,BEAR_CALL,23589.15,23600,24100,126.85,5.35,29.35,2.0,121.5,27.35,94.15,18359.25,133.1373312365,18226.1126687635,Reversal,2025-03-27,1,True,False,1173765,66836,73520,0,91998,5.7
2025-03-27 09:40:00,2025-03-28 09:35:00,BULL_PUT,23554.7,23550,23050,152.1,37.35,154.9,25.45,114.75,129.45000000000002,-14.700000000000017,-2866.500000000003,160.46482867400002,-3026.964828674003,Reversal,2025-04-03,1,True,True,1191991,96182,105800,29443,91863,8.1
2025-03-28 09:35:00,2025-03-28 10:30:00,BEAR_CALL,23512.6,23500,24000,176.0,25.0,221.85,31.8,151.0,190.04999999999998,-39.04999999999998,-7614.749999999996,173.6393845295,-7788.389384529496,Reversal,2025-04-03,0,False,False,1188964,66619,73281,0,91699,5.6
2025-03-28 10:30:00,2025-03-28 12:20:00,BULL_PUT,23626.75,23650,23150,160.05,26.4,180.6,25.45,133.65,155.15,-21.5,-4192.5,163.962417275,-4356.462417275,Reversal,2025-04-03,0,False,False,1181176,66942,73637,0,92144,5.7
2025-03-28 12:20:00,2025-03-28 14:25:00,BEAR_CALL,23540.9,23550,24050,141.6,16.25,116.5,12.15,125.35,104.35,21.0,4095.0,148.646433995,3946.353566005,Reversal,2025-04-03,0,False,False,1176819,66699,73369,0,91810,5.7
2025-03-28 14:25:00,2025-03-28 15:15:00,BULL_PUT,23571.8,23550,23050,133.19,17.8,121.45,16.75,115.39,104.7,10.689999999999998,2084.5499999999997,148.1620476497,1936.3879523502997,Reversal,2025-04-03,0,False,False,1180766,66787,73465,0,91930,5.7
2025-03-28 15:15:00,2025-04-01 09:30:00,BEAR_CALL,23497.1,23500,24000,140.35,14.3,98.05,7.05,126.05,91.0,35.05,6834.749999999999,145.09575514250002,6689.654244857499,Reversal,2025-04-03,4,True,False,1182702,66575,73233,0,91639,5.6
2025-04-01 09:30:00,2025-04-01 10:20:00,BULL_PUT,23514.4,23500,23000,114.95,13.55,102.75,10.9,101.4,91.85,9.550000000000011,1862.2500000000023,139.4736831545,1722.7763168455022,Reversal,2025-04-03,0,False,False,1189392,66624,73287,0,91706,5.6
2025-04-01 10:20:00,2025-04-02 09:30:00,BEAR_CALL,23374.85,23350,23850,189.55,12.6,60.3,3.1,176.95000000000002,57.199999999999996,119.75000000000003,23351.250000000007,154.16423349650003,23197.085766503507,Reversal,2025-04-03,1,True,False,1191114,66229,72852,0,91162,5.6
2025-04-02 09:30:00,2025-04-03 09:15:00,BULL_PUT,23279.05,23300,22800,109.85,11.75,136.8,7.6,98.1,129.20000000000002,-31.100000000000023,-6064.500000000005,139.97967908,-6204.479679080005,Reversal,2025-04-03,1,True,False,1214312,65957,72553,0,90788,5.4
2025-04-03 09:15:00,2025-04-03 10:10:00,BEAR_CALL,23219.65,23200,23700,179.95,25.05,208.25,26.2,154.89999999999998,182.05,-27.150000000000034,-5294.250000000006,171.9922006535,-5466.242200653506,Reversal,2025-04-09,0,False,True,1208107,94814,104295,29025,90557,7.8
2025-04-03 10:10:00,2025-04-04 09:15:00,BULL_PUT,23277.6,23300,22800,171.9,35.6,277.1,61.4,136.3,215.70000000000002,-79.4,-15483.000000000002,186.48640298,-15669.486402980001,Reversal,2025-04-09,1,True,True,1202641,95050,104555,29097,90783,7.9
2025-04-04 09:15:00,2025-04-07 09:15:00,BEAR_CALL,23094.45,23100,23600,166.85,21.45,7.95,2.6,145.4,5.35,140.05,27309.750000000004,143.9173836755,27165.832616324504,Target,2025-04-09,3,True,False,1186971,65434,71978,0,90068,5.5
2025-04-07 09:15:00,2025-04-07 09:30:00,BEAR_CALL,21888.35,21900,22400,560.5,183.2,459.5,137.55,377.3,321.95,55.35000000000002,10793.250000000004,344.2004376725,10449.049562327504,Reversal,2025-04-09,0,False,False,1214137,62017,68219,0,85365,5.1
2025-04-07 09:30:00,2025-04-07 09:55:00,BULL_PUT,22141.75,22150,21650,265.05,153.65,310.5,155.69,111.4,154.81,-43.41,-8464.949999999999,251.70695674070004,-8716.656956740699,Reversal,2025-04-09,0,False,False,1224586,62735,69008,0,86353,5.1
2025-04-07 09:55:00,2025-04-07 13:50:00,BEAR_CALL,21963.25,21950,22450,337.35,97.3,318.55,87.5,240.05,231.05,9.0,1755.0,248.60295094100005,1506.397049059,Reversal,2025-04-09,0,False,False,1215870,62229,68452,0,85657,5.1
2025-04-07 13:50:00,2025-04-08 10:35:00,BULL_PUT,21990.75,22000,21500,305.6,160.5,92.2,40.7,145.10000000000002,51.5,93.60000000000002,18252.000000000004,212.51558837000002,18039.484411630005,Reversal,2025-04-09,1,True,False,1217376,62307,68538,0,85764,5.1
2025-04-08 10:35:00,2025-04-08 11:05:00,BEAR_CALL,22297.5,22300,22800,208.0,23.6,265.55,38.6,184.4,226.95000000000002,-42.55000000000001,-8297.250000000002,188.10179302249998,-8485.351793022503,Reversal,2025-04-09,0,False,False,1235415,63176,69494,0,86960,5.1
2025-04-08 11:05:00,2025-04-08 13:50:00,BULL_PUT,22481.15,22500,22000,207.45,75.0,155.75,56.3,132.45,99.45,32.999999999999986,6434.999999999997,187.72253703500002,6247.2774629649975,Reversal,2025-04-09,0,False,False,1226930,63697,70066,0,87676,5.2
2025-04-08 13:50:00,2025-04-09 10:30:00,BEAR_CALL,22487.05,22500,23000,221.6,35.54,10.3,1.2,186.06,9.100000000000001,176.96,34507.200000000004,160.1385150032,34347.061484996804,Target,2025-04-09,1,True,False,1233177,63713,70085,0,87699,5.2
2025-04-09 10:30:00,2025-04-11 09:15:00,BEAR_CALL,22381.55,22400,22900,293.55,88.2,503.4,185.45,205.35000000000002,317.95,-112.59999999999997,-21956.999999999993,279.038604878,-22236.03860487799,Reversal,2025-04-17,2,True,True,1267524,91391,100530,27977,87288,7.2
2025-04-11 09:15:00,2025-04-11 14:00:00,BULL_PUT,22765.2,22750,22250,225.0,87.7,197.5,78.0,137.3,119.5,17.80000000000001,3471.0000000000023,203.376779366,3267.6232206340023,Reversal,2025-04-17,0,False,False,1245288,64501,70952,0,88784,5.2
2025-04-11 14:00:00,2025-04-15 09:15:00,BEAR_CALL,22788.05,22800,23300,256.89,67.5,522.2,154.0,189.39,368.20000000000005,-178.81000000000006,-34867.95000000001,260.00629593170004,-35127.95629593171,Reversal,2025-04-17,4,True,False,1248556,64566,71023,0,88873,5.2
2025-04-15 09:15:00,2025-04-17 09:15:00,BULL_PUT,23279.4,23300,22800,168.05,34.9,20.3,1.14,133.15,19.16,113.99000000000001,22228.050000000003,146.11150112570002,22081.938498874304,Reversal,2025-04-17,2,True,False,1213428,65958,72554,0,90790,5.4
2025-04-17 09:15:00,2025-04-17 09:40:00,BEAR_CALL,23358.15,23350,23850,213.85,41.6,211.8,42.5,172.25,169.3,2.9499999999999886,575.2499999999977,187.6623051425,387.5876948574977,Reversal,2025-04-24,0,False,True,1235510,95379,104917,29198,91097,7.7
2025-04-17 09:40:00,2025-04-21 12:30:00,BULL_PUT,23397.65,23400,22900,204.3,56.05,15.4,8.5,148.25,6.9,141.35,27563.25,159.6181135775,27403.6318864225,Target,2025-04-24,4,True,True,1235898,95540,105094,29247,91251,7.7
2025-04-21 12:30:00,2025-04-22 09:15:00,BULL_PUT,24175.65,24200,23700,146.25,26.55,144.4,17.6,119.7,126.80000000000001,-7.1000000000000085,-1384.5000000000016,154.79926162399997,-1539.2992616240015,Reversal,2025-04-24,1,True,False,1263301,68498,75347,0,94285,5.4
2025-04-22 09:15:00,2025-04-22 10:15:00,BEAR_CALL,24089.1,24100,24600,128.65,14.1,154.0,14.85,114.55000000000001,139.15,-24.599999999999994,-4796.999999999999,148.91229570800002,-4945.912295707999,Reversal,2025-04-24,0,False,False,1261762,68252,75078,0,93947,5.4
2025-04-22 10:15:00,2025-04-22 15:25:00,BULL_PUT,24198.0,24200,23700,109.65,14.8,111.9,13.25,94.85000000000001,98.65,-3.799999999999997,-740.9999999999994,139.570058648,-880.5700586479994,Reversal,2025-04-24,0,False,False,1256816,68561,75417,0,94372,5.5
2025-04-22 15:25:00,2025-04-23 09:15:00,BEAR_CALL,24134.05,24150,24650,105.7,7.6,169.85,10.45,98.10000000000001,159.4,-61.3,-11953.5,142.158019868,-12095.658019868,Reversal,2025-04-24,1,True,False,1255935,68380,75218,0,94123,5.4
2025-04-23 09:15:00,2025-04-23 10:05:00,BULL_PUT,24313.5,24300,23800,94.35,8.8,110.35,8.6,85.55,101.75,-16.200000000000003,-3159.0000000000005,133.38106382299998,-3292.3810638230007,Reversal,2025-04-24,0,False,False,1243840,68888,75777,0,94823,5.5
2025-04-23 10:05:00,2025-04-23 11:40:00,BEAR_CALL,24237.05,24250,24750,84.15,6.0,59.65,5.15,78.15,54.5,23.650000000000006,4611.750000000001,124.9010709185,4486.8489290815005,Reversal,2025-04-24,0,False,False,1240547,68672,75539,0,94524,5.5
2025-04-23 11:40:00,2025-04-24 09:25:00,BULL_PUT,24239.2,24250,23750,97.1,8.35,26.4,6.5,88.75,19.9,68.85,13425.749999999998,126.1478610605,13299.602138939497,Reversal,2025-04-24,1,True,False,1245034,68678,75546,0,94533,5.5
2025-04-24 09:25:00,2025-04-25 09:15:00,BEAR_CALL,24253.1,24250,24750,235.65,56.35,249.35,45.75,179.3,203.6,-24.299999999999983,-4738.499999999996,199.194521273,-4937.694521272996,Reversal,2025-04-30,1,True,True,1258334,99033,108937,30316,94587,7.9
2025-04-25 09:15:00,2025-04-25 09:35:00,BULL_PUT,24325.7,24350,23850,170.8,47.0,200.1,54.95,123.80000000000001,145.14999999999998,-21.349999999999966,-4163.249999999994,178.63321729550003,-4341.8832172954935,Reversal,2025-04-30,0,False,False,1253396,68923,75815,0,94870,5.5
2025-04-25 09:35:00,2025-04-25 12:35:00,BEAR_CALL,24231.25,24250,24750,210.85,35.75,71.7,14.5,175.1,57.2,117.89999999999999,22990.5,166.256317364,22824.243682636,Reversal,2025-04-30,0,False,False,1249054,68655,75521,0,94502,5.5
2025-04-25 12:35:00,2025-04-25 15:20:00,BULL_PUT,23984.25,24000,23500,204.0,60.5,163.0,51.6,143.5,111.4,32.099999999999994,6259.499999999999,184.828311233,6074.671688766999,Reversal,2025-04-30,0,False,False,1271878,67955,74751,0,93539,5.3
2025-04-25 15:20:00,2025-04-28 09:15:00,BEAR_CALL,24001.65,24000,24500,189.9,32.65,221.15,32.65,157.25,188.5,-31.25,-6093.75,178.3353585005,-6272.0853585005,Reversal,2025-04-30,3,True,False,1277953,68005,74805,0,93606,5.3
2025-04-28 09:15:00,2025-04-29 09:40:00,BULL_PUT,24131.55,24150,23650,157.05,36.54,28.1,6.95,120.51000000000002,21.150000000000002,99.36000000000001,19375.200000000004,145.50310980319998,19229.696890196803,Reversal,2025-04-30,1,True,False,1271681,68373,75210,0,94113,5.4
2025-04-29 09:40:00,2025-04-30 15:15:00,BEAR_CALL,24316.6,24300,24800,122.9,6.55,55.65,0.1,116.35000000000001,55.55,60.80000000000001,11856.000000000002,133.932423476,11722.067576524001,Expiry,2025-04-30,1,True,False,1290911,68897,75787,0,94835,5.3
2025-05-02 09:15:00,2025-05-02 10:45:00,BULL_PUT,24410.5,24400,23900,187.15,66.8,124.75,40.6,120.35000000000001,84.15,36.2,7059.000000000001,174.307972859,6884.692027141001,Reversal,2025-05-08,0,False,False,1302633,69163,76079,0,95201,5.3
2025-05-02 10:45:00,2025-05-02 13:20:00,BEAR_CALL,24486.3,24500,25000,205.75,29.75,110.85,16.95,176.0,93.89999999999999,82.10000000000001,16009.500000000002,168.434026079,15841.065973921002,Reversal,2025-05-08,0,False,False,1309518,69378,76316,0,95497,5.3
2025-05-02 13:20:00,2025-05-06 09:50:00,BULL_PUT,24354.1,24350,23850,187.7,58.7,48.15,16.89,129.0,31.259999999999998,97.74000000000001,19059.300000000003,160.45341566719995,18898.8465843328,Reversal,2025-05-08,4,True,False,1325359,69003,75904,0,94981,5.2
2025-05-06 09:50:00,2025-05-07 09:25:00,BEAR_CALL,24404.5,24400,24900,102.2,6.4,76.05,3.25,95.8,72.8,23.0,4485.0,130.849994477,4354.150005523,Reversal,2025-05-08,1,True,False,1344257,69146,76061,0,95178,5.1
2025-05-07 09:25:00,2025-05-07 09:50:00,BULL_PUT,24427.2,24450,23950,129.44,26.35,141.25,31.6,103.09,109.65,-6.560000000000002,-1279.2000000000005,153.72668880319998,-1432.9266888032005,Reversal,2025-05-08,0,False,False,1348612,69210,76131,0,95266,5.1
2025-05-07 09:50:00,2025-05-07 11:15:00,BEAR_CALL,24326.05,24350,24850,85.8,4.15,73.15,3.5,81.64999999999999,69.65,11.999999999999986,2339.9999999999973,125.924344358,2214.0756556419974,Reversal,2025-05-08,0,False,False,1347179,68924,75816,0,94872,5.1
2025-05-07 11:15:00,2025-05-08 13:35:00,BULL_PUT,24394.6,24400,23900,90.0,17.7,34.0,1.14,72.3,32.86,39.44,7690.799999999999,124.18542954920001,7566.614570450799,Reversal,2025-05-08,1,True,False,1349393,69118,76030,0,95139,5.1
2025-05-08 13:35:00,2025-05-09 11:25:00,BEAR_CALL,24341.45,24350,24850,221.6,36.7,96.9,15.05,184.89999999999998,81.85000000000001,103.04999999999997,20094.749999999993,171.6831192575,19923.06688074249,Reversal,2025-05-15,1,True,True,1356959,99394,109334,30427,94932,7.3
2025-05-09 11:25:00,2025-05-09 13:20:00,BULL_PUT,24093.9,24100,23600,267.8,122.55,292.64,136.25,145.25,156.39,-11.139999999999986,-2172.2999999999975,242.78369978120003,-2415.0836997811975,Reversal,2025-05-15,0,False,False,1376882,68266,75093,0,93966,5.0
2025-05-09 13:20:00,2025-05-12 09:15:00,BEAR_CALL,23977.95,24000,24500,229.4,45.75,527.6,147.69,183.65,379.91,-196.26000000000002,-38270.700000000004,249.2081192372,-38519.9081192372,Reversal,2025-05-15,3,True,False,1374467,67938,74731,0,93514,4.9
2025-05-12 09:15:00,2025-05-13 09:20:00,BULL_PUT,24561.4,24550,24050,167.15,25.0,93.55,22.1,142.15,71.44999999999999,70.70000000000002,13786.500000000004,157.232136614,13629.267863386003,Reversal,2025-05-15,1,True,False,1335947,69591,76550,0,95789,5.2
2025-05-13 09:20:00,2025-05-13 09:35:00,BEAR_CALL,24782.5,24800,25300,217.0,42.35,175.6,35.04,174.65,140.56,34.09,6647.550000000001,183.3547637537,6464.195236246301,Reversal,2025-05-15,0,False,False,1349577,70217,77239,0,96652,5.2
2025-05-13 09:35:00,2025-05-13 10:25:00,BULL_PUT,24834.7,24850,24350,236.7,57.3,264.7,65.5,179.39999999999998,199.2,-19.80000000000001,-3861.0000000000023,206.38750604600003,-4067.3875060460023,Reversal,2025-05-15,0,False,False,1356041,70365,77401,0,96855,5.2
2025-05-13 10:25:00,2025-05-13 11:00:00,BEAR_CALL,24658.2,24650,25150,239.65,54.4,246.75,54.8,185.25,191.95,-6.699999999999989,-1306.4999999999977,202.40952312800002,-1508.9095231279978,Reversal,2025-05-15,0,False,False,1351973,69865,76851,0,96167,5.2
2025-05-13 11:00:00,2025-05-13 12:40:00,BULL_PUT,24805.5,24800,24300,233.25,57.75,263.8,55.4,175.5,208.4,-32.900000000000006,-6415.500000000001,202.59483872599998,-6618.0948387260005,Reversal,2025-05-15,0,False,False,1350465,70282,77310,0,96741,5.2
2025-05-13 12:40:00,2025-05-14 09:20:00,BEAR_CALL,24644.05,24650,25150,177.1,32.85,140.65,14.0,144.25,126.65,17.599999999999994,3431.999999999999,162.571071098,3269.428928901999,Reversal,2025-05-15,1,True,False,1343846,69825,76807,0,96112,5.2
2025-05-14 09:20:00,2025-05-14 12:35:00,BULL_PUT,24700.0,24700,24200,142.1,15.35,127.8,9.15,126.75,118.64999999999999,8.100000000000009,1579.5000000000016,148.86745257200002,1430.6325474280015,Reversal,2025-05-15,0,False,False,1347116,69983,76982,0,96330,5.2
2025-05-14 12:35:00,2025-05-14 15:25:00,BEAR_CALL,24621.4,24600,25100,119.25,6.25,119.2,6.25,113.0,112.95,0.04999999999999716,9.749999999999446,140.1804253985,-130.43042539850057,Reversal,2025-05-15,0,False,False,1348547,69761,76737,0,96023,5.2
2025-05-14 15:25:00,2025-05-15 09:35:00,BULL_PUT,24685.75,24700,24200,116.7,6.65,165.9,3.75,110.05,162.15,-52.10000000000001,-10159.500000000002,142.91866409000002,-10302.418664090002,Reversal,2025-05-15,1,True,False,1348416,69943,76937,0,96274,5.2
2025-05-15 09:35:00,2025-05-15 10:35:00,BEAR_CALL,24564.05,24550,25050,248.15,58.65,267.85,66.75,189.5,201.10000000000002,-11.600000000000023,-2262.0000000000045,210.300466682,-2472.3004666820048,Reversal,2025-05-22,0,False,True,1338114,100303,110334,30705,95800,7.5
2025-05-15 10:35:00,2025-05-15 11:10:00,BULL_PUT,24738.85,24750,24250,274.05,86.25,246.6,74.75,187.8,171.85,15.950000000000017,3110.250000000003,220.2479955395,2890.002004460503,Reversal,2025-05-22,0,False,True,1335641,101017,111119,30924,96482,7.6
2025-05-15 11:10:00,2025-05-15 13:05:00,BEAR_CALL,24617.25,24600,25100,280.2,77.55,318.7,88.75,202.64999999999998,229.95,-27.30000000000001,-5323.500000000002,231.39795137599998,-5554.897951376001,Reversal,2025-05-22,0,False,True,1338531,100520,110572,30772,96007,7.5
2025-05-15 13:05:00,2025-05-16 11:05:00,BULL_PUT,24814.95,24800,24300,236.85,73.9,108.5,30.25,162.95,78.25,84.69999999999999,16516.499999999996,184.40363118499997,16332.096368814997,Reversal,2025-05-22,1,True,True,1332977,101328,111460,31019,96778,7.6
2025-05-16 11:05:00,2025-05-21 09:30:00,BEAR_CALL,24956.5,24950,25450,208.65,44.4,43.65,4.59,164.25,39.06,125.19,24412.05,161.19804167270004,24250.8519583273,Reversal,2025-05-22,5,True,False,1349309,70710,77781,0,97330,5.2
2025-05-21 09:30:00,2025-05-21 11:45:00,BULL_PUT,24771.75,24750,24250,124.95,10.95,72.95,6.35,114.0,66.60000000000001,47.39999999999999,9242.999999999998,138.137407376,9104.862592623998,Reversal,2025-05-22,0,False,False,1373559,70187,77205,0,96610,5.1
2025-05-21 11:45:00,2025-05-21 13:15:00,BEAR_CALL,24823.7,24800,25300,151.25,15.8,121.7,12.6,135.45,109.10000000000001,26.34999999999998,5138.249999999996,151.86119325049998,4986.388806749496,Reversal,2025-05-22,0,False,False,1382664,70334,77367,0,96812,5.1
2025-05-21 13:15:00,2025-05-22 09:15:00,BULL_PUT,24826.55,24850,24350,151.0,14.5,204.8,11.15,136.5,193.65,-57.150000000000006,-11144.250000000002,158.5751921135,-11302.825192113502,Reversal,2025-05-22,1,True,False,1387651,70342,77376,0,96824,5.1
2025-05-22 09:15:00,2025-05-22 14:45:00,BEAR_CALL,24643.05,24650,25150,280.2,78.9,173.05,37.7,201.29999999999998,135.35000000000002,65.94999999999996,12860.249999999993,204.5833489055,12655.666651094492,Reversal,2025-05-29,0,False,True,1376348,100626,110688,30804,96108,7.3
2025-05-22 14:45:00,2025-05-26 10:30:00,BULL_PUT,24576.4,24600,24100,216.8,60.3,83.85,20.2,156.5,63.64999999999999,92.85000000000001,18105.75,172.70671922449998,17933.0432807755,Reversal,2025-05-29,4,True,True,1389004,100354,110389,30721,95848,7.2
2025-05-26 10:30:00,2025-05-27 11:00:00,BEAR_CALL,24956.8,24950,25450,234.5,51.3,138.55,24.4,183.2,114.15,69.04999999999998,13464.749999999996,182.78672521250002,13281.963274787497,Reversal,2025-05-29,1,True,False,1406937,70711,77782,0,97332,5.0
2025-05-27 11:00:00,2025-05-27 12:20:00,BULL_PUT,24872.8,24850,24350,224.5,47.2,158.94,33.0,177.3,125.94,51.360000000000014,10015.200000000003,183.8297728532,9831.370227146803,Reversal,2025-05-29,0,False,False,1420219,70473,77520,0,97004,5.0
2025-05-27 12:20:00,2025-05-27 15:05:00,BEAR_CALL,24894.95,24900,25400,254.5,62.5,162.85,26.7,192.0,136.15,55.849999999999994,10890.749999999998,192.08161182650002,10698.668388173499,Reversal,2025-05-29,0,False,False,1430050,70536,77589,0,97090,4.9
2025-05-27 15:05:00,2025-05-29 10:30:00,BULL_PUT,24841.5,24850,24350,181.9,31.15,111.95,3.25,150.75,108.7,42.05,8199.75,158.25283979749997,8041.4971602025,Reversal,2025-05-29,2,True,False,1440749,70384,77423,0,96882,4.9
2025-05-29 10:30:00,2025-05-29 15:00:00,BEAR_CALL,24757.95,24750,25250,249.85,77.09,250.1,68.25,172.76,181.85,-9.090000000000003,-1772.5500000000006,211.24742339269994,-1983.7974233927007,Reversal,2025-06-05,0,False,True,1448790,101095,111204,30947,96556,7.0
2025-05-29 15:00:00,2025-05-30 10:15:00,BULL_PUT,24797.75,24800,24300,180.3,37.6,209.2,50.4,142.70000000000002,158.79999999999998,-16.099999999999966,-3139.499999999993,179.97794082500002,-3319.4779408249933,Reversal,2025-06-05,1,True,True,1446806,101257,111383,30997,96711,7.0
2025-05-30 10:15:00,2025-06-02 10:45:00,BEAR_CALL,24767.3,24750,25250,236.15,61.4,167.2,35.75,174.75,131.45,43.30000000000001,8443.500000000002,189.791117315,8253.708882685001,Reversal,2025-06-05,3,True,False,1443487,70174,77191,0,96592,4.9
2025-06-02 10:45:00,2025-06-03 09:20:00,BULL_PUT,24634.85,24650,24150,219.7,48.95,196.0,42.4,170.75,153.6,17.150000000000006,3344.250000000001,188.51276414149999,3155.7372358585008,Reversal,2025-06-05,1,True,False,1451741,69799,76779,0,96076,4.8
2025-06-03 09:20:00,2025-06-03 10:20:00,BEAR_CALL,24668.7,24650,25150,240.75,62.4,270.35,68.75,178.35,201.60000000000002,-23.25000000000003,-4533.7500000000055,209.35371611749997,-4743.103716117505,Reversal,2025-06-05,0,False,False,1454896,69895,76884,0,96208,4.8
2025-06-03 10:20:00,2025-06-03 10:40:00,BULL_PUT,24746.95,24750,24250,208.4,46.15,255.3,55.8,162.25,199.5,-37.25,-7263.75,194.0570884595,-7457.8070884595,Reversal,2025-06-05,0,False,False,1450153,70116,77128,0,96513,4.8
2025-06-03 10:40:00,2025-06-04 14:05:00,BEAR_CALL,24642.85,24650,25150,214.85,51.85,70.25,4.85,163.0,65.4,97.6,19032.0,165.978131534,18866.021868466,Reversal,2025-06-05,1,True,False,1442695,69821,76804,0,96107,4.8
2025-06-04 14:05:00,2025-06-05 12:55:00,BULL_PUT,24627.15,24650,24150,93.6,3.7,6.8,0.4,89.89999999999999,6.3999999999999995,83.49999999999999,16282.499999999996,121.358818835,16161.141181164996,Reversal,2025-06-05,1,True,False,1461561,69777,76755,0,96046,4.8
2025-06-05 12:55:00,2025-06-06 10:05:00,BEAR_CALL,24796.35,24800,25300,233.65,53.2,140.6,23.6,180.45,117.0,63.44999999999999,12372.749999999998,182.67664736150002,12190.073352638497,Reversal,2025-06-12,1,True,True,1477723,101252,111377,30995,96706,6.9
2025-06-06 10:05:00,2025-06-10 09:25:00,BULL_PUT,24794.6,24800,24300,225.4,48.9,23.2,4.3,176.5,18.9,157.6,30732.0,164.356246334,30567.643753666,Reversal,2025-06-12,4,True,False,1489913,70251,77277,0,96699,4.7
2025-06-10 09:25:00,2025-06-10 10:10:00,BEAR_CALL,25089.25,25100,25600,138.05,10.0,134.6,8.3,128.05,126.3,1.7500000000000142,341.2500000000028,147.63758809850003,193.61241190150275,Reversal,2025-06-12,0,False,False,1520480,71086,78195,0,97848,4.7
2025-06-10 10:10:00,2025-06-11 13:30:00,BULL_PUT,25156.9,25150,24650,109.9,12.2,60.3,3.5,97.7,56.8,40.900000000000006,7975.500000000001,132.178067717,7843.321932283001,Reversal,2025-06-12,1,True,False,1520674,71278,78406,0,98112,4.7
2025-06-11 13:30:00,2025-06-12 09:20:00,BEAR_CALL,25164.2,25150,25650,85.1,2.65,59.3,1.2,82.44999999999999,58.099999999999994,24.349999999999994,4748.249999999999,123.74512889750001,4624.504871102499,Reversal,2025-06-12,1,True,False,1528517,71299,78428,0,98140,4.7
2025-06-12 09:20:00,2025-06-12 09:40:00,BULL_PUT,25173.9,25150,24650,148.6,29.6,166.2,35.0,119.0,131.2,-12.199999999999989,-2378.9999999999977,162.452398622,-2541.452398621998,Reversal,2025-06-19,0,False,True,1533142,102793,113073,31467,98178,6.7
2025-06-12 09:40:00,2025-06-13 09:25:00,BEAR_CALL,25103.5,25100,25600,215.0,34.25,45.05,7.2,180.75,37.849999999999994,142.9,27865.5,162.911270945,27702.588729055,Reversal,2025-06-19,1,True,True,1530600,102506,112757,31379,97904,6.7
2025-06-13 09:25:00,2025-06-13 14:55:00,BULL_PUT,24644.25,24650,24150,210.1,62.9,178.05,49.0,147.2,129.05,18.149999999999977,3539.2499999999955,187.3304717315,3351.9195282684955,Reversal,2025-06-19,0,False,False,1558303,69825,76808,0,96113,4.5
2025-06-13 14:55:00,2025-06-16 09:15:00,BEAR_CALL,24663.95,24650,25150,183.7,28.35,221.8,28.85,155.35,192.95000000000002,-37.60000000000002,-7332.000000000005,175.244915801,-7507.244915801005,Reversal,2025-06-19,3,True,False,1561655,69881,76869,0,96189,4.5
2025-06-16 09:15:00,2025-06-16 09:45:00,BULL_PUT,24788.95,24800,24300,165.05,34.05,156.45,30.05,131.0,126.39999999999999,4.6000000000000085,897.0000000000017,165.172198328,731.8278016720017,Reversal,2025-06-19,0,False,False,1554147,70235,77259,0,96677,4.5
2025-06-16 09:45:00,2025-06-16 10:25:00,BEAR_CALL,24713.25,24700,25200,178.15,17.4,201.6,20.7,160.75,180.9,-20.150000000000006,-3929.250000000001,168.71417764549997,-4097.964177645501,Reversal,2025-06-19,0,False,False,1554879,70021,77023,0,96382,4.5
2025-06-16 10:25:00,2025-06-17 09:25:00,BULL_PUT,24825.95,24850,24350,157.6,28.5,116.05,21.4,129.1,94.65,34.44999999999999,6717.749999999998,156.6767445365,6561.073255463498,Reversal,2025-06-19,1,True,False,1550781,70340,77374,0,96821,4.5
2025-06-17 09:25:00,2025-06-18 09:20:00,BEAR_CALL,24882.6,24900,25400,113.9,9.35,65.45,3.15,104.55000000000001,62.300000000000004,42.25000000000001,8238.750000000002,133.3910812655,8105.3589187345015,Reversal,2025-06-19,1,True,False,1557342,70501,77551,0,97042,4.5
2025-06-18 09:20:00,2025-06-18 10:30:00,BULL_PUT,24879.75,24900,24400,131.55,11.7,100.95,7.35,119.85000000000001,93.60000000000001,26.25,5118.75,142.76773617650002,4975.9822638235,Reversal,2025-06-19,0,False,False,1565448,70493,77542,0,97031,4.5
2025-06-18 10:30:00,2025-06-19 09:30:00,BEAR_CALL,24854.35,24850,25350,101.45,3.65,31.35,1.15,97.8,30.200000000000003,67.6,13181.999999999998,125.89283508800001,13056.107164911999,Reversal,2025-06-19,1,True,False,1570424,70421,77463,0,96932,4.5
2025-06-19 09:30:00,2025-06-19 15:20:00,BULL_PUT,24827.9,24850,24350,194.4,53.25,212.4,64.75,141.15,147.65,-6.5,-1267.5,189.51383632399998,-1457.013836324,Reversal,2025-06-26,0,False,True,1583480,101381,111519,31035,96829,6.4
2025-06-19 15:20:00,2025-06-20 09:15:00,BEAR_CALL,24779.6,24800,25300,195.6,31.15,219.45,33.75,164.45,185.7,-21.25,-4143.75,179.9377831685,-4323.6877831685,Reversal,2025-06-26,1,True,True,1582023,101183,111302,30974,96640,6.4
2025-06-20 09:15:00,2025-06-23 09:15:00,BULL_PUT,24859.7,24850,24350,155.15,36.4,98.25,27.1,118.75,71.15,47.599999999999994,9281.999999999998,156.70738174699997,9125.292618253,Reversal,2025-06-26,3,True,False,1577699,70436,77479,0,96953,4.5
2025-06-23 09:15:00,2025-06-23 10:45:00,BEAR_CALL,24930.0,24950,25450,168.0,17.4,134.15,11.65,150.6,122.5,28.099999999999994,5479.499999999999,157.47162695600002,5322.028373043999,Reversal,2025-06-26,0,False,False,1586824,70635,77698,0,97227,4.5
2025-06-23 10:45:00,2025-06-23 15:20:00,BULL_PUT,24934.0,24950,24450,154.7,30.55,117.15,24.45,124.14999999999999,92.7,31.44999999999999,6132.749999999998,156.9949713155,5975.755028684498,Reversal,2025-06-26,0,False,False,1592146,70646,77711,0,97243,4.4
2025-06-23 15:20:00,2025-06-24 09:15:00,BEAR_CALL,24966.05,24950,25450,157.65,10.05,326.2,42.25,147.6,283.95,-136.35,-26588.25,179.3036218745,-26767.5536218745,Reversal,2025-06-26,1,True,False,1598122,70737,77811,0,97368,4.4
2025-06-24 09:15:00,2025-06-24 09:45:00,BULL_PUT,25234.4,25250,24750,122.15,16.25,155.55,20.1,105.9,135.45000000000002,-29.55000000000001,-5762.250000000002,148.8910530515,-5911.141053051502,Reversal,2025-06-26,0,False,False,1571355,71497,78647,0,98414,4.6
2025-06-24 09:45:00,2025-06-24 10:15:00,BEAR_CALL,25138.15,25150,25650,136.25,9.5,190.25,13.2,126.75,177.05,-50.30000000000001,-9808.500000000002,153.34032029600002,-9961.840320296002,Reversal,2025-06-26,0,False,False,1565444,71225,78347,0,98039,4.5
2025-06-24 10:15:00,2025-06-24 12:40:00,BULL_PUT,25236.8,25250,24750,113.4,17.75,119.6,17.0,95.65,102.6,-6.949999999999989,-1355.2499999999977,142.5828821825,-1497.8328821824978,Reversal,2025-06-26,0,False,False,1555482,71504,78655,0,98424,4.6
2025-06-24 12:40:00,2025-06-25 09:15:00,BEAR_CALL,25181.15,25200,25700,148.05,8.65,68.2,3.05,139.4,65.15,74.25,14478.75,143.0024689085,14335.7475310915,Reversal,2025-06-26,1,True,False,1553984,71347,78481,0,98206,4.6
2025-06-25 09:15:00,2025-06-26 10:40:00,BULL_PUT,25161.85,25150,24650,91.55,5.9,14.3,1.2,85.64999999999999,13.100000000000001,72.54999999999998,14147.249999999996,121.8645839585,14025.385416041496,Reversal,2025-06-26,1,True,False,1568320,71292,78421,0,98131,4.5
2025-06-26 10:40:00,2025-06-26 12:20:00,BEAR_CALL,25306.8,25300,25800,231.05,45.5,252.1,47.5,185.55,204.6,-19.049999999999983,-3714.749999999997,197.69365457450002,-3912.443654574497,Reversal,2025-07-03,0,False,True,1582345,103336,113670,31633,98697,6.5
2025-06-26 12:20:00,2025-06-30 09:45:00,BULL_PUT,25402.45,25400,24900,175.8,43.85,60.5,10.2,131.95000000000002,50.3,81.65000000000002,15921.750000000004,155.0846848205,15766.665315179504,Reversal,2025-07-03,4,True,True,1578433,103727,114099,31753,99070,6.6
2025-06-30 09:45:00,2025-07-01 09:20:00,BEAR_CALL,25569.4,25550,26050,170.75,15.9,122.4,10.55,154.85,111.85000000000001,42.999999999999986,8384.999999999996,156.764842748,8228.235157251996,Reversal,2025-07-03,1,True,False,1594199,72447,79691,0,99721,4.5
2025-07-01 09:20:00,2025-07-01 10:55:00,BULL_PUT,25556.7,25550,25050,128.4,13.85,106.05,8.65,114.55000000000001,97.39999999999999,17.15000000000002,3344.250000000004,142.89211567849998,3201.357884321504,Reversal,2025-07-03,0,False,False,1602427,72411,79652,0,99671,4.5
2025-07-01 10:55:00,2025-07-02 09:15:00,BEAR_CALL,25520.95,25500,26000,127.45,8.2,132.35,4.4,119.25,127.94999999999999,-8.699999999999989,-1696.4999999999977,143.265580712,-1839.7655807119977,Reversal,2025-07-03,1,True,False,1605629,72309,79540,0,99532,4.5
2025-07-02 09:15:00,2025-07-02 09:40:00,BULL_PUT,25590.8,25600,25100,88.7,3.55,99.8,3.9,85.15,95.89999999999999,-10.749999999999986,-2096.2499999999973,129.12648574850002,-2225.376485748497,Reversal,2025-07-03,0,False,False,1603789,72507,79758,0,99804,4.5
2025-07-02 09:40:00,2025-07-02 15:00:00,BEAR_CALL,25535.9,25550,26050,82.5,2.4,35.3,1.4,80.1,33.9,46.199999999999996,9009.0,120.950376008,8888.049623992,Reversal,2025-07-03,0,False,False,1601564,72352,79587,0,99590,4.5
2025-07-02 15:00:00,2025-07-03 09:25:00,BULL_PUT,25456.35,25450,24950,69.75,2.35,53.45,1.05,67.4,52.400000000000006,15.0,2925.0,118.911684158,2806.088315842,Reversal,2025-07-03,1,True,False,1610452,72126,79339,0,99280,4.5
2025-07-03 09:25:00,2025-07-03 09:45:00,BEAR_CALL,25435.45,25450,25950,179.05,27.85,204.5,32.0,151.20000000000002,172.5,-21.299999999999983,-4153.499999999996,173.26598244200002,-4326.765982441996,Reversal,2025-07-10,0,False,True,1613258,103861,114248,31794,99198,6.4
2025-07-03 09:45:00,2025-07-03 12:15:00,BULL_PUT,25518.15,25500,25000,144.45,25.8,147.6,25.1,118.64999999999999,122.5,-3.8500000000000085,-750.7500000000017,156.5932688585,-907.3432688585017,Reversal,2025-07-10,0,False,True,1608931,104199,114619,31898,99521,6.5
2025-07-03 12:15:00,2025-07-03 13:35:00,BEAR_CALL,25489.9,25500,26000,170.35,23.65,194.35,29.05,146.7,165.29999999999998,-18.599999999999994,-3626.999999999999,168.77868456199997,-3795.778684561999,Reversal,2025-07-10,0,False,True,1608024,104084,114492,31862,99411,6.5
2025-07-03 13:35:00,2025-07-03 13:55:00,BULL_PUT,25569.5,25550,25050,156.0,27.2,164.8,27.95,128.8,136.85000000000002,-8.050000000000011,-1569.7500000000023,162.2155716485,-1731.9655716485022,Reversal,2025-07-10,0,False,True,1604228,104409,114850,31962,99721,6.5
2025-07-03 13:55:00,2025-07-04 14:35:00,BEAR_CALL,25499.45,25500,26000,181.5,27.65,107.45,11.55,153.85,95.9,57.94999999999999,11300.249999999998,159.7383413345,11140.511658665499,Reversal,2025-07-10,1,True,True,1602496,104123,114535,31874,99448,6.5
2025-07-04 14:35:00,2025-07-09 13:00:00,BULL_PUT,25433.45,25450,24950,148.8,19.65,31.35,2.1,129.15,29.25,99.9,19480.5,140.67654679700001,19339.823453203,Reversal,2025-07-10,5,True,False,1613636,72061,79268,0,99190,4.5
2025-07-09 13:00:00,2025-07-10 13:10:00,BEAR_CALL,25490.5,25500,26000,95.4,2.5,5.0,0.6,92.9,4.4,88.5,17257.5,121.64928420500001,17135.850715795,Target,2025-07-10,1,True,False,1632976,72223,79445,0,99413,4.4
2025-07-10 13:10:00,2025-07-14 14:50:00,BEAR_CALL,25382.25,25400,25900,154.3,18.7,23.2,3.1,135.60000000000002,20.099999999999998,115.50000000000003,22522.500000000007,141.677651759,22380.822348241007,Reversal,2025-07-17,4,True,True,1650112,103644,114009,31728,98991,6.3
2025-07-14 14:50:00,2025-07-15 14:50:00,BULL_PUT,25083.55,25100,24600,107.7,8.9,39.0,2.8,98.8,36.2,62.599999999999994,12206.999999999998,129.214080392,12077.785919607999,Reversal,2025-07-17,1,True,False,1672493,71070,78177,0,97826,4.2
2025-07-15 14:50:00,2025-07-15 15:20:00,BEAR_CALL,25164.0,25150,25650,98.5,4.25,118.95,4.0,94.25,114.95,-20.700000000000003,-4036.5000000000005,133.612150991,-4170.112150991001,Reversal,2025-07-17,0,False,False,1684571,71298,78428,0,98140,4.2
2025-07-15 15:20:00,2025-07-16 09:15:00,BULL_PUT,25220.85,25200,24700,57.95,3.4,73.4,2.2,54.550000000000004,71.2,-16.65,-3246.7499999999995,117.80632507850001,-3364.5563250784994,Reversal,2025-07-17,1,True,False,1680401,71459,78605,0,98361,4.3
2025-07-16 09:15:00,2025-07-16 11:50:00,BEAR_CALL,25159.75,25150,25650,81.85,2.4,72.1,2.0,79.44999999999999,70.1,9.349999999999994,1823.2499999999989,124.16884116050001,1699.0811588394988,Reversal,2025-07-17,0,False,False,1677036,71286,78415,0,98123,4.3
2025-07-16 11:50:00,2025-07-17 09:45:00,BULL_PUT,25209.65,25200,24700,76.0,1.55,39.95,0.8,74.45,39.150000000000006,35.3,6883.499999999999,119.31755672899999,6764.182443270999,Reversal,2025-07-17,1,True,False,1678735,71427,78570,0,98318,4.3
2025-07-17 09:45:00,2025-07-18 14:30:00,BEAR_CALL,25183.9,25200,25700,137.65,14.25,58.6,6.15,123.4,52.45,70.95,13835.25,140.6291425895,13694.6208574105,Reversal,2025-07-24,1,True,True,1685499,102834,113118,31480,98217,6.1
2025-07-18 14:30:00,2025-07-21 09:20:00,BULL_PUT,25004.6,25000,24500,114.35,14.55,133.7,10.75,99.8,122.94999999999999,-23.14999999999999,-4514.249999999998,142.0722611105,-4656.322261110498,Reversal,2025-07-24,3,True,False,1699194,70846,77931,0,97518,4.2
2025-07-21 09:20:00,2025-07-21 09:45:00,BEAR_CALL,24925.4,24950,25450,113.15,9.85,120.1,10.9,103.30000000000001,109.19999999999999,-5.899999999999977,-1150.4999999999955,140.17405352000003,-1290.6740535199956,Reversal,2025-07-24,0,False,False,1694538,70622,77684,0,97209,4.2
2025-07-21 09:45:00,2025-07-22 10:40:00,BULL_PUT,24996.4,25000,24500,123.1,10.15,39.7,3.45,112.94999999999999,36.25,76.69999999999999,14956.499999999998,133.83096123199996,14822.669038767997,Reversal,2025-07-24,1,True,False,1693247,70823,77905,0,97486,4.2
2025-07-22 10:40:00,2025-07-23 09:15:00,BEAR_CALL,25087.85,25100,25600,80.35,3.4,79.45,1.8,76.94999999999999,77.65,-0.700000000000017,-136.50000000000333,124.43138644999999,-260.9313864500033,Reversal,2025-07-24,1,True,False,1708070,71082,78190,0,97843,4.2
2025-07-23 09:15:00,2025-07-24 09:45:00,BULL_PUT,25132.6,25150,24650,69.3,1.9,14.1,1.05,67.39999999999999,13.049999999999999,54.349999999999994,10598.249999999998,115.2912228005,10482.958777199497,Reversal,2025-07-24,1,True,False,1707809,71209,78330,0,98017,4.2
2025-07-24 09:45:00,2025-07-24 13:45:00,BEAR_CALL,25175.95,25200,25700,136.5,12.65,85.0,9.75,123.85,75.25,48.599999999999994,9476.999999999998,143.486053757,9333.513946242998,Reversal,2025-07-31,0,False,True,1718292,102802,113082,31470,98186,6.0
2025-07-24 13:45:00,2025-07-25 09:15:00,BULL_PUT,25099.5,25100,24600,128.75,19.2,197.7,25.85,109.55,171.85,-62.3,-12148.5,156.27315504499998,-12304.773155045,Reversal,2025-07-31,1,True,True,1727625,102490,112739,31374,97888,5.9
2025-07-25 09:15:00,2025-07-25 09:25:00,BEAR_CALL,24934.5,24950,25450,134.1,13.6,124.45,12.45,120.5,112.0,8.5,1657.5,147.117668198,1510.382331802,Reversal,2025-07-31,0,False,False,1715320,70648,77713,0,97245,4.1
2025-07-25 09:25:00,2025-07-25 10:10:00,BULL_PUT,24990.85,25000,24500,153.05,20.5,160.5,20.45,132.55,140.05,-7.5,-1462.5,158.35490133500002,-1620.854901335,Reversal,2025-07-31,0,False,False,1716831,70807,77888,0,97464,4.1
2025-07-25 10:10:00,2025-07-28 09:30:00,BEAR_CALL,24903.3,24900,25400,144.25,14.95,80.55,8.1,129.3,72.45,56.85000000000001,11085.750000000002,144.9868155455,10940.763184454501,Reversal,2025-07-31,3,True,False,1715210,70559,77615,0,97123,4.1
2025-07-28 09:30:00,2025-07-28 10:45:00,BULL_PUT,24844.65,24850,24350,123.65,10.95,122.8,11.65,112.7,111.14999999999999,1.5500000000000114,302.2500000000022,143.6239022015,158.62609779850223,Reversal,2025-07-31,0,False,False,1726151,70393,77432,0,96894,4.1
2025-07-28 10:45:00,2025-07-29 12:50:00,BEAR_CALL,24782.95,24800,25300,130.7,13.4,53.8,6.8,117.29999999999998,47.0,70.29999999999998,13708.499999999996,138.387873761,13570.112126238997,Reversal,2025-07-31,1,True,False,1726309,70218,77240,0,96654,4.1
2025-07-29 12:50:00,2025-07-31 09:15:00,BULL_PUT,24710.6,24700,24200,75.7,5.95,73.15,2.95,69.75,70.2,-0.45000000000000284,-87.75000000000055,123.13256038249999,-210.88256038250054,Reversal,2025-07-31,2,True,False,1739879,70013,77015,0,96371,4.0
2025-07-31 09:15:00,2025-07-31 11:00:00,BEAR_CALL,24680.3,24700,25200,166.45,25.25,183.7,27.9,141.2,155.79999999999998,-14.599999999999994,-2846.999999999999,166.58500877899996,-3013.585008778999,Reversal,2025-08-07,0,False,True,1739669,100778,110856,30850,96253,5.8
2025-07-31 11:00:00,2025-07-31 14:45:00,BULL_PUT,24758.85,24750,24250,160.5,34.5,95.9,20.7,126.0,75.2,50.8,9906.0,156.04325070800002,9749.956749292,Reversal,2025-08-07,0,False,True,1736655,101099,111209,30949,96560,5.8
2025-07-31 14:45:00,2025-08-04 09:15:00,BEAR_CALL,24858.3,24850,25350,176.2,22.1,53.25,5.2,154.1,48.05,106.05,20679.75,151.26335125249997,20528.4866487475,Reversal,2025-08-07,4,True,True,1746405,101505,111655,31073,96947,5.8
2025-08-04 09:15:00,2025-08-05 09:35:00,BULL_PUT,24639.5,24650,24150,147.75,20.1,93.25,8.6,127.65,84.65,43.0,8385.0,147.662602211,8237.337397789,Reversal,2025-08-07,1,True,False,1766933,69812,76793,0,96094,4.0
2025-08-05 09:35:00,2025-08-07 10:10:00,BEAR_CALL,24633.45,24650,25150,122.45,6.95,6.4,1.3,115.5,5.1000000000000005,110.4,21528.0,129.84944027300003,21398.150559727,Target,2025-08-07,2,True,False,1775171,69795,76774,0,96070,3.9
2025-08-07 10:10:00,2025-08-07 14:10:00,BEAR_CALL,24476.05,24500,25000,149.65,16.55,111.8,11.15,133.1,100.64999999999999,32.45,6327.750000000001,150.2127032645,6177.537296735501,Reversal,2025-08-14,0,False,True,1796569,99944,109938,30595,95457,5.6
2025-08-07 14:10:00,2025-08-08 09:25:00,BULL_PUT,24427.6,24450,23950,147.95,23.95,76.7,11.0,123.99999999999999,65.7,58.29999999999998,11368.499999999996,147.267262448,11221.232737551996,Reversal,2025-08-14,1,True,True,1802746,99746,109721,30534,95268,5.5
2025-08-08 09:25:00,2025-08-11 10:15:00,BEAR_CALL,24515.5,24500,25000,179.4,18.0,95.6,8.05,161.4,87.55,73.85000000000001,14400.750000000002,156.2987828615,14244.451217138501,Reversal,2025-08-14,3,True,False,1813968,69461,76407,0,95610,3.8
2025-08-11 10:15:00,2025-08-12 10:25:00,BULL_PUT,24421.4,24400,23900,100.95,10.85,22.35,3.9,90.10000000000001,18.450000000000003,71.65,13971.750000000002,126.35794817150001,13845.392051828501,Reversal,2025-08-14,1,True,False,1828212,69194,76113,0,95243,3.8
2025-08-12 10:25:00,2025-08-12 12:35:00,BEAR_CALL,24613.65,24600,25100,135.0,5.8,113.1,4.25,129.2,108.85,20.349999999999994,3968.249999999999,143.4136472345,3824.836352765499,Reversal,2025-08-14,0,False,False,1842058,69739,76713,0,95993,3.8
2025-08-12 12:35:00,2025-08-12 14:05:00,BULL_PUT,24637.4,24650,24150,88.95,6.75,124.4,7.95,82.2,116.45,-34.25,-6678.75,132.7593223715,-6811.5093223715,Reversal,2025-08-14,0,False,False,1845882,69806,76787,0,96086,3.8
2025-08-12 14:05:00,2025-08-13 09:15:00,BEAR_CALL,24553.05,24550,25050,99.9,4.0,101.35,2.7,95.9,98.64999999999999,-2.749999999999986,-536.2499999999973,132.0720013085,-668.3220013084973,Reversal,2025-08-14,1,True,False,1839071,69567,76524,0,95757,3.8
2025-08-13 09:15:00,2025-08-14 14:10:00,BULL_PUT,24566.3,24550,24050,52.35,2.2,2.8,0.4,50.15,2.4,47.75,9311.25,109.4501123825,9201.7998876175,Target,2025-08-14,1,True,False,1838403,69605,76565,0,95809,3.8
2025-08-14 14:10:00,2025-08-18 11:55:00,BULL_PUT,24638.15,24650,24150,124.0,19.35,25.55,3.7,104.65,21.85,82.80000000000001,16146.000000000002,133.714712138,16012.285287862001,Reversal,2025-08-21,4,True,True,1847604,100606,110666,30798,96089,5.4
2025-08-18 11:55:00,2025-08-18 13:05:00,BEAR_CALL,24916.65,24900,25400,156.55,12.1,146.5,10.45,144.45000000000002,136.05,8.400000000000006,1638.0000000000011,154.587005528,1483.4129944720012,Reversal,2025-08-21,0,False,False,1863617,70597,77657,0,97175,3.8
2025-08-18 13:05:00,2025-08-18 15:05:00,BULL_PUT,24944.85,24950,24450,113.6,9.9,118.4,10.15,103.69999999999999,108.25,-4.550000000000011,-887.2500000000023,139.94603099149998,-1027.1960309915023,Reversal,2025-08-21,0,False,False,1865100,70677,77745,0,97285,3.8
2025-08-18 15:05:00,2025-08-19 11:05:00,BEAR_CALL,24877.7,24900,25400,126.3,7.8,110.45,3.55,118.5,106.9,11.599999999999994,2261.999999999999,140.752899203,2121.247100796999,Reversal,2025-08-21,1,True,False,1864073,70487,77535,0,97023,3.8
2025-08-19 11:05:00,2025-08-19 14:05:00,BULL_PUT,24939.15,24950,24450,81.55,4.75,72.8,4.6,76.8,68.2,8.599999999999994,1676.9999999999989,125.07380143099999,1551.9261985689989,Reversal,2025-08-21,0,False,False,1866194,70661,77727,0,97263,3.8
2025-08-19 14:05:00,2025-08-20 10:15:00,BEAR_CALL,24939.65,24950,25450,85.4,2.8,95.7,1.45,82.60000000000001,94.25,-11.649999999999991,-2271.749999999998,127.10782617049999,-2398.8578261704984,Reversal,2025-08-21,1,True,False,1867746,70662,77729,0,97265,3.8
2025-08-20 10:15:00,2025-08-21 12:40:00,BULL_PUT,24998.95,25000,24500,70.35,2.45,3.8,0.7,67.89999999999999,3.0999999999999996,64.8,12636.0,114.62872439899999,12521.371275601,Target,2025-08-21,1,True,False,1865347,70830,77913,0,97496,3.8
2025-08-21 12:40:00,2025-08-21 15:05:00,BULL_PUT,25122.55,25100,24600,103.05,15.1,104.65,13.15,87.95,91.5,-3.549999999999997,-692.2499999999994,137.10381094849998,-829.3538109484994,Reversal,2025-08-28,0,False,True,1877869,102584,112842,31403,97978,5.5
2025-08-21 15:05:00,2025-08-25 09:15:00,BEAR_CALL,25084.2,25100,25600,139.65,9.15,41.6,2.85,130.5,38.75,91.75,17891.25,138.32791724749998,17752.9220827525,Reversal,2025-08-28,4,True,True,1877039,102427,112670,31355,97828,5.5
2025-08-25 09:15:00,2025-08-25 10:05:00,BULL_PUT,24923.8,24900,24400,78.45,5.35,73.45,4.55,73.10000000000001,68.9,4.200000000000003,819.0000000000006,124.311093134,694.6889068660006,Reversal,2025-08-28,0,False,False,1894792,70617,77679,0,97203,3.7
2025-08-25 10:05:00,2025-08-25 11:55:00,BEAR_CALL,24905.25,24900,25400,110.1,5.4,133.6,5.6,104.69999999999999,128.0,-23.30000000000001,-4543.500000000002,138.656135261,-4682.1561352610015,Reversal,2025-08-28,0,False,False,1895487,70565,77621,0,97130,3.7
2025-08-25 11:55:00,2025-08-25 15:10:00,BULL_PUT,24964.15,24950,24450,68.55,3.8,60.65,3.75,64.75,56.9,7.850000000000001,1530.7500000000002,120.08693065250002,1410.6630693475001,Reversal,2025-08-28,0,False,False,1890805,70732,77805,0,97360,3.7
2025-08-25 15:10:00,2025-08-28 09:25:00,BEAR_CALL,24954.9,24950,25450,97.7,3.35,3.65,1.9,94.35000000000001,1.75,92.60000000000001,18057.0,122.60251155799999,17934.397488442,Target,2025-08-28,3,True,False,1892215,70706,77776,0,97324,3.7
2025-08-28 09:25:00,2025-08-28 09:50:00,BEAR_CALL,24529.05,24550,25050,145.2,19.0,153.75,19.0,126.19999999999999,134.75,-8.550000000000011,-1667.2500000000023,155.05430857850004,-1822.3043085785023,Reversal,2025-09-02,0,False,True,1910150,100160,110176,30661,95663,5.2
2025-08-28 09:50:00,2025-08-28 12:20:00,BULL_PUT,24596.65,24600,24100,120.65,19.35,98.45,11.95,101.30000000000001,86.5,14.800000000000011,2886.0000000000023,141.475081352,2744.5249186480023,Reversal,2025-09-02,0,False,True,1908327,100436,110480,30746,95927,5.3
2025-08-28 12:20:00,2025-08-29 11:10:00,BEAR_CALL,24584.15,24600,25100,134.8,11.95,82.8,3.5,122.85000000000001,79.3,43.55000000000001,8492.250000000002,141.0293055215,8351.220694478501,Reversal,2025-09-02,1,True,True,1911072,100385,110424,30730,95878,5.3
2025-08-29 11:10:00,2025-08-29 13:55:00,BULL_PUT,24556.45,24550,24050,82.25,5.2,102.8,6.2,77.05,96.6,-19.549999999999997,-3812.2499999999995,128.3854305635,-3940.6354305634995,Reversal,2025-09-02,0,False,False,1919423,69577,76534,0,95770,3.6
2025-08-29 13:55:00,2025-09-01 09:15:00,BEAR_CALL,24483.75,24500,25000,99.65,4.25,102.6,3.2,95.4,99.39999999999999,-3.999999999999986,-779.9999999999973,132.272999411,-912.2729994109973,Reversal,2025-09-02,3,True,False,1915482,69371,76308,0,95487,3.6
2025-09-01 09:15:00,2025-09-02 10:40:00,BULL_PUT,24523.5,24500,24000,54.15,2.45,3.4,1.0,51.699999999999996,2.4,49.3,9613.5,110.18953493,9503.31046507,Target,2025-09-02,1,True,False,1914570,69483,76432,0,95642,3.6
2025-09-02 10:40:00,2025-09-02 13:20:00,BULL_PUT,24736.65,24750,24250,117.3,17.0,132.55,19.2,100.3,113.35000000000001,-13.050000000000011,-2544.7500000000023,145.34407091149998,-2690.094070911502,Reversal,2025-09-09,0,False,True,1924074,101008,111109,30921,96473,5.2
2025-09-02 13:20:00,2025-09-03 12:10:00,BEAR_CALL,24686.15,24700,25200,154.4,13.0,84.8,5.6,141.4,79.2,62.2,12129.0,147.307767614,11981.692232386,Reversal,2025-09-09,1,True,True,1921383,100802,110882,30858,96276,5.2
2025-09-03 12:10:00,2025-09-04 10:10:00,BULL_PUT,24630.55,24650,24150,121.5,12.2,32.45,6.3,109.3,26.150000000000002,83.14999999999999,16214.249999999998,133.7204519435,16080.529548056498,Reversal,2025-09-09,1,True,False,1933365,69787,76765,0,96059,3.6
2025-09-04 10:10:00,2025-09-05 09:15:00,BEAR_CALL,24835.7,24850,25350,126.35,7.2,73.0,3.1,119.14999999999999,69.9,49.249999999999986,9603.749999999996,137.2999976795,9466.450002320496,Reversal,2025-09-09,1,True,False,1949446,70368,77405,0,96859,3.6
2025-09-05 09:15:00,2025-09-05 10:10:00,BULL_PUT,24827.5,24850,24350,100.8,5.55,146.3,9.65,95.25,136.65,-41.400000000000006,-8073.000000000001,138.33064094899999,-8211.330640949001,Reversal,2025-09-09,0,False,False,1958912,70345,77379,0,96827,3.6
2025-09-05 10:10:00,2025-09-05 13:45:00,BEAR_CALL,24679.35,24700,25200,120.75,4.85,113.95,4.3,115.9,109.65,6.25,1218.75,139.47168202549997,1079.2783179745,Reversal,2025-09-09,0,False,False,1950701,69925,76917,0,96249,3.6
2025-09-05 13:45:00,2025-09-08 14:45:00,BULL_PUT,24742.85,24750,24250,86.25,5.2,17.15,2.05,81.05,15.099999999999998,65.95,12860.25,120.8208468095,12739.4291531905,Reversal,2025-09-09,3,True,False,1951780,70105,77115,0,96497,3.6
2025-09-08 14:45:00,2025-09-09 09:15:00,BEAR_CALL,24779.7,24800,25300,100.9,1.6,88.05,1.25,99.30000000000001,86.8,12.500000000000014,2437.5000000000027,130.568354534,2306.931645466003,Reversal,2025-09-09,1,True,False,1964519,70209,77230,0,96641,3.6
2025-09-09 09:15:00,2025-09-10 13:15:00,BULL_PUT,24854.2,24850,24350,106.0,16.85,58.0,7.75,89.15,50.25,38.900000000000006,7585.500000000001,132.481423718,7453.018576282001,Reversal,2025-09-16,1,True,True,1966826,101488,111637,31068,96931,5.2
2025-09-10 13:15:00,2025-09-11 09:15:00,BEAR_CALL,24951.0,24950,25450,137.65,8.55,133.9,7.1,129.1,126.80000000000001,2.299999999999983,448.4999999999967,147.005568236,301.4944317639967,Reversal,2025-09-16,1,True,False,1974279,70694,77764,0,97309,3.6
2025-09-11 09:15:00,2025-09-15 10:05:00,BULL_PUT,25000.8,25000,24500,102.15,9.4,26.3,2.05,92.75,24.25,68.5,13357.5,126.39749473700002,13231.102505263,Reversal,2025-09-16,4,True,False,1974581,70836,77919,0,97503,3.6
2025-09-15 10:05:00,2025-09-16 09:20:00,BEAR_CALL,25074.3,25050,25550,90.65,1.45,81.1,0.95,89.2,80.14999999999999,9.050000000000011,1764.7500000000023,127.02254081449999,1637.7274591855023,Reversal,2025-09-16,1,True,False,1987812,71044,78148,0,97790,3.6
2025-09-16 09:20:00,2025-09-18 12:40:00,BULL_PUT,25116.9,25100,24600,106.4,14.35,14.75,4.1,92.05000000000001,10.65,81.4,15873.000000000002,127.56278934800001,15745.437210652002,Reversal,2025-09-23,2,True,True,1989450,102561,112817,31396,97956,5.2
2025-09-18 12:40:00,2025-09-18 14:55:00,BEAR_CALL,25385.85,25400,25900,103.75,3.55,108.55,3.85,100.2,104.7,-4.5,-877.5,134.049808211,-1011.549808211,Reversal,2025-09-23,0,False,False,2005195,71927,79119,0,99005,3.6
2025-09-18 14:55:00,2025-09-19 09:20:00,BULL_PUT,25393.8,25400,24900,61.15,5.6,81.9,5.35,55.55,76.55000000000001,-21.000000000000014,-4095.0000000000027,120.50500801999999,-4215.505008020003,Reversal,2025-09-23,1,True,False,2004184,71949,79144,0,99036,3.6
2025-09-19 09:20:00,2025-09-19 14:00:00,BEAR_CALL,25362.85,25350,25850,92.3,2.5,86.85,2.2,89.8,84.64999999999999,5.150000000000006,1004.2500000000011,128.4230717255,875.8269282745011,Reversal,2025-09-23,0,False,False,1999968,71861,79048,0,98915,3.6
2025-09-19 14:00:00,2025-09-22 09:15:00,BULL_PUT,25350.2,25350,24850,57.25,3.5,105.2,3.65,53.75,101.55,-47.8,-9321.0,120.81598824800001,-9441.815988248,Reversal,2025-09-23,3,True,False,2000844,71826,79008,0,98866,3.6
2025-09-22 09:15:00,2025-09-22 09:30:00,BEAR_CALL,25258.55,25250,25750,76.35,2.15,92.05,1.65,74.19999999999999,90.39999999999999,-16.200000000000003,-3159.0000000000005,124.27882328599999,-3283.2788232860003,Reversal,2025-09-23,0,False,False,1991402,71566,78722,0,98508,3.6
2025-09-22 09:30:00,2025-09-22 13:55:00,BULL_PUT,25300.9,25300,24800,55.85,2.25,46.95,2.5,53.6,44.45,9.149999999999999,1784.2499999999998,114.88351695649999,1669.3664830434998,Reversal,2025-09-23,0,False,False,1988119,71686,78854,0,98674,3.6
2025-09-22 13:55:00,2025-09-23 09:15:00,BEAR_CALL,25256.25,25250,25750,87.45,1.65,41.95,1.2,85.8,40.75,45.05,8784.75,122.78427731750001,8661.9657226825,Reversal,2025-09-23,1,True,False,1989788,71559,78715,0,98499,3.6
2025-09-23 09:15:00,2025-09-23 09:30:00,BULL_PUT,25227.1,25250,24750,112.0,17.5,139.85,21.8,94.5,118.05,-23.549999999999997,-4592.249999999999,145.28132252450004,-4737.531322524499,Reversal,2025-09-30,0,False,True,1998450,103011,113312,31534,98386,5.2
2025-09-23 09:30:00,2025-09-23 12:30:00,BEAR_CALL,25168.85,25150,25650,178.2,17.9,174.35,17.45,160.29999999999998,156.9,3.3999999999999773,662.9999999999956,165.478250477,497.5217495229956,Reversal,2025-09-30,0,False,True,1993713,102773,113050,31461,98159,5.2
2025-09-23 12:30:00,2025-09-23 15:00:00,BULL_PUT,25186.25,25200,24700,114.3,17.5,92.8,12.75,96.8,80.05,16.75,3266.25,139.2790569305,3126.9709430695,Reversal,2025-09-30,0,False,True,1994210,102844,113128,31483,98226,5.2
2025-09-23 15:00:00,2025-09-24 13:00:00,BEAR_CALL,25175.9,25200,25700,164.35,14.35,93.85,6.25,150.0,87.6,62.400000000000006,12168.000000000002,151.157284844,12016.842715156003,Reversal,2025-09-30,1,True,True,1997337,102802,113082,31470,98186,5.1
2025-09-24 13:00:00,2025-09-24 14:40:00,BULL_PUT,25120.95,25100,24600,75.25,8.2,82.4,8.55,67.05,73.85000000000001,-6.800000000000011,-1326.0000000000023,125.56912947200003,-1451.5691294720023,Reversal,2025-09-30,0,False,False,2009354,71176,78294,0,97972,3.5
2025-09-24 14:40:00,2025-09-29 09:25:00,BEAR_CALL,25065.45,25050,25550,164.6,10.65,8.0,1.85,153.95,6.15,147.79999999999998,28820.999999999996,142.14220751300002,28678.857792486997,Reversal,2025-09-30,5,True,False,2007902,71019,78121,0,97755,3.5
2025-09-29 09:25:00,2025-09-29 11:30:00,BULL_PUT,24712.1,24700,24200,51.55,3.0,46.55,3.3,48.55,43.25,5.299999999999997,1033.4999999999995,113.944812872,919.5551871279995,Reversal,2025-09-30,0,False,False,2036581,70018,77019,0,96377,3.4
2025-09-29 11:30:00,2025-09-29 13:20:00,BEAR_CALL,24706.75,24700,25200,108.75,3.1,72.9,2.95,105.65,69.95,35.7,6961.500000000001,132.01461505100002,6829.485384949001,Reversal,2025-09-30,0,False,False,2037501,70002,77003,0,96356,3.4
2025-09-29 13:20:00,2025-09-29 15:00:00,BULL_PUT,24696.05,24700,24200,56.45,2.85,69.2,3.0,53.6,66.2,-12.600000000000001,-2457.0000000000005,117.19522134500001,-2574.1952213450004,Reversal,2025-09-30,0,False,False,2044330,69972,76969,0,96315,3.4
2025-09-29 15:00:00,2025-09-30 09:15:00,BEAR_CALL,24616.7,24600,25100,115.8,3.9,135.95,2.55,111.89999999999999,133.39999999999998,-21.499999999999986,-4192.499999999997,139.46480396599998,-4331.964803965997,Reversal,2025-09-30,1,True,False,2041756,69747,76722,0,96005,3.4
2025-09-30 09:15:00,2025-09-30 10:25:00,BULL_PUT,24713.65,24700,24200,112.3,19.7,146.35,28.05,92.6,118.3,-25.700000000000003,-5011.500000000001,147.859733132,-5159.359733132001,Reversal,2025-10-07,0,False,True,2037424,100914,111005,30892,96383,5.0
2025-09-30 10:25:00,2025-10-01 09:45:00,BEAR_CALL,24624.0,24600,25100,207.9,28.25,190.7,14.75,179.65,175.95,3.700000000000017,721.5000000000033,175.30202010800002,546.1979798920033,Reversal,2025-10-07,1,True,True,2032265,100548,110603,30780,96034,4.9
2025-10-01 09:45:00,2025-10-03 09:25:00,BULL_PUT,24692.1,24700,24200,111.75,13.7,45.6,4.15,98.05,41.45,56.599999999999994,11036.999999999998,131.711112176,10905.288887823997,Reversal,2025-10-07,2,True,False,2032811,69961,76957,0,96299,3.4
2025-10-03 09:25:00,2025-10-03 14:35:00,BEAR_CALL,24779.5,24800,25300,93.45,2.95,107.5,2.5,90.5,105.0,-14.5,-2827.5,130.678010132,-2958.178010132,Reversal,2025-10-07,0,False,False,2043716,70209,77229,0,96640,3.4
2025-10-03 14:35:00,2025-10-07 09:25:00,BULL_PUT,24867.05,24850,24350,68.05,5.35,3.35,1.3,62.699999999999996,2.05,60.65,11826.75,114.3730453715,11712.3769546285,Target,2025-10-07,4,True,False,2040758,70457,77502,0,96981,3.5
2025-10-07 09:25:00,2025-10-07 11:20:00,BULL_PUT,25119.05,25100,24600,99.1,15.2,85.75,12.5,83.89999999999999,73.25,10.649999999999991,2076.749999999998,134.1783906065,1942.5716093934982,Reversal,2025-10-14,0,False,True,2052470,102569,112826,31399,97964,5.0
2025-10-07 11:20:00,2025-10-07 13:00:00,BEAR_CALL,25102.45,25100,25600,172.15,13.9,188.5,14.5,158.25,174.0,-15.75,-3071.25,163.8769103015,-3235.1269103015,Reversal,2025-10-14,0,False,True,2054413,102502,112752,31378,97900,5.0
2025-10-07 13:00:00,2025-10-07 14:35:00,BULL_PUT,25183.65,25200,24700,106.6,11.8,116.6,12.8,94.8,103.8,-9.0,-1755.0,138.749931314,-1893.749931314,Reversal,2025-10-14,0,False,True,2051178,102833,113117,31480,98216,5.0
2025-10-07 14:35:00,2025-10-08 09:20:00,BEAR_CALL,25140.5,25150,25650,130.95,8.05,131.5,8.65,122.89999999999999,122.85,0.04999999999999716,9.749999999999446,145.3243769645,-135.57437696450057,Reversal,2025-10-14,1,True,True,2049284,102657,112923,31426,98048,5.0
2025-10-08 09:20:00,2025-10-08 10:50:00,BULL_PUT,25174.7,25150,24650,91.55,9.6,104.0,9.7,81.95,94.3,-12.349999999999994,-2408.249999999999,132.42270775549997,-2540.6727077554992,Reversal,2025-10-14,0,False,False,2049149,71328,78461,0,98181,3.5
2025-10-08 10:50:00,2025-10-08 13:05:00,BEAR_CALL,25103.6,25100,25600,132.5,7.9,107.7,7.5,124.6,100.2,24.39999999999999,4757.999999999998,143.331531428,4614.668468571998,Reversal,2025-10-14,0,False,False,2046608,71127,78240,0,97904,3.5
2025-10-08 13:05:00,2025-10-08 15:10:00,BULL_PUT,25096.3,25100,24600,103.15,10.35,122.3,9.4,92.80000000000001,112.89999999999999,-20.09999999999998,-3919.499999999996,137.22588377600002,-4056.725883775996,Reversal,2025-10-14,0,False,False,2051223,71106,78217,0,97876,3.5
2025-10-08 15:10:00,2025-10-09 09:25:00,BEAR_CALL,25036.4,25050,25550,103.85,7.15,144.4,8.2,96.69999999999999,136.20000000000002,-39.50000000000003,-7702.5000000000055,138.74746596800003,-7841.247465968006,Reversal,2025-10-14,1,True,False,2047166,70936,78030,0,97642,3.5
2025-10-09 09:25:00,2025-10-13 09:15:00,BULL_PUT,25108.1,25100,24600,87.2,7.6,31.35,3.4,79.60000000000001,27.950000000000003,51.650000000000006,10071.750000000002,122.9159663165,9948.834033683503,Reversal,2025-10-14,4,True,False,2039325,71140,78254,0,97922,3.5
2025-10-13 09:15:00,2025-10-13 14:25:00,BEAR_CALL,25213.8,25200,25700,100.25,2.05,89.6,1.8,98.2,87.8,10.400000000000006,2028.0000000000011,130.716325331,1897.2836746690011,Reversal,2025-10-14,0,False,False,2049273,71439,78583,0,98334,3.5
2025-10-13 14:25:00,2025-10-14 09:50:00,BULL_PUT,25251.4,25250,24750,58.6,3.95,49.6,1.2,54.65,48.4,6.25,1218.75,115.66722531049999,1103.0827746895,Reversal,2025-10-14,1,True,False,2051171,71546,78700,0,98480,3.5
2025-10-14 09:50:00,2025-10-14 14:30:00,BEAR_CALL,25224.4,25200,25700,192.0,19.6,130.75,11.45,172.4,119.3,53.10000000000001,10354.500000000002,163.958459594,10190.541540406002,Reversal,2025-10-20,0,False,True,2052274,103000,113300,31530,98375,5.0
2025-10-14 14:30:00,2025-10-17 09:40:00,BULL_PUT,25168.9,25150,24650,117.4,16.55,7.95,3.7,100.85000000000001,4.25,96.60000000000001,18837.0,130.094787128,18706.905212872,Target,2025-10-20,3,True,True,2062464,102773,113050,31461,98159,5.0
2025-10-17 09:40:00,2025-10-17 12:50:00,BULL_PUT,25618.9,25600,25100,72.15,7.0,54.8,7.5,65.15,47.3,17.85000000000001,3480.750000000002,121.89000591349999,3358.859994086502,Reversal,2025-10-20,0,False,False,2081171,72587,79846,0,99914,3.5
2025-10-17 12:50:00,2025-10-17 14:35:00,BEAR_CALL,25698.45,25700,26200,106.7,3.5,106.0,2.9,103.2,103.1,0.10000000000000853,19.500000000001663,134.37540743300002,-114.87540743299836,Reversal,2025-10-20,0,False,False,2084530,72812,80094,0,100224,3.5
2025-10-17 14:35:00,2025-10-20 12:40:00,BULL_PUT,25729.45,25750,25250,84.1,6.95,4.1,1.05,77.14999999999999,3.05,74.1,14449.499999999998,118.95581390600002,14330.544186093997,Target,2025-10-20,3,True,False,2084415,72900,80190,0,100345,3.5
2025-10-20 12:40:00,2025-10-23 13:55:00,BULL_PUT,25868.7,25850,25350,118.8,22.45,38.0,8.15,96.35,29.85,66.5,12967.5,134.872802162,12832.627197838,Reversal,2025-10-28,3,True,True,2098746,105631,116194,32336,100888,5.0
2025-10-23 13:55:00,2025-10-27 09:15:00,BEAR_CALL,25990.0,26000,26500,156.3,11.55,46.7,3.5,144.75,43.2,101.55,19802.25,143.77851107150002,19658.4714889285,Reversal,2025-10-28,4,True,False,2111578,73638,81002,0,101361,3.5
2025-10-27 09:15:00,2025-10-28 10:00:00,BULL_PUT,25861.4,25850,25350,52.2,3.35,21.3,1.45,48.85,19.85,29.0,5655.0,111.425349029,5543.574650971,Reversal,2025-10-28,1,True,False,2131237,73274,80601,0,100859,3.4
2025-10-28 10:00:00,2025-10-28 12:40:00,BEAR_CALL,25928.65,25950,26450,237.25,49.75,196.9,39.35,187.5,157.55,29.94999999999999,5840.249999999998,192.67836014750003,5647.571639852498,Reversal,2025-11-04,0,False,True,2136780,105875,116463,32411,101122,5.0
2025-10-28 12:40:00,2025-10-28 14:00:00,BULL_PUT,25929.0,25950,25450,162.05,32.95,158.95,26.3,129.10000000000002,132.64999999999998,-3.5499999999999545,-692.2499999999911,163.4255205575,-855.6755205574912,Reversal,2025-11-04,0,False,True,2142428,105877,116464,32411,101123,4.9
2025-10-28 14:00:00,2025-10-28 15:00:00,BEAR_CALL,25857.9,25850,26350,239.7,48.5,228.95,42.35,191.2,186.6,4.599999999999994,896.9999999999989,196.89323298500003,700.1067670149988,Reversal,2025-11-04,0,False,True,2141572,105586,116145,32322,100846,4.9
2025-10-28 15:00:00,2025-10-30 09:15:00,BULL_PUT,25920.15,25900,25400,132.2,19.8,76.1,9.2,112.39999999999999,66.89999999999999,45.5,8872.5,141.988967699,8730.511032301,Reversal,2025-11-04,2,True,True,2142272,105841,116425,32400,101089,4.9
2025-10-30 09:15:00,2025-10-31 09:30:00,BEAR_CALL,25985.15,26000,26500,155.75,17.2,98.8,6.3,138.55,92.5,46.05000000000001,8979.750000000002,149.47417637149996,8830.275823628503,Reversal,2025-11-04,1,True,False,2151003,73625,80987,0,101342,3.4
2025-10-31 09:30:00,2025-10-31 10:15:00,BULL_PUT,25947.3,25950,25450,106.0,8.8,133.75,8.7,97.2,125.05,-27.849999999999994,-5430.749999999999,138.6909635675,-5569.440963567499,Reversal,2025-11-04,0,False,False,2159833,73517,80869,0,101194,3.4
2025-10-31 10:15:00,2025-11-03 09:45:00,BEAR_CALL,25859.75,25850,26350,136.75,8.7,56.3,3.6,128.05,52.699999999999996,75.35000000000002,14693.250000000004,138.9840437705,14554.265956229503,Reversal,2025-11-04,3,True,False,2154264,73269,80596,0,100853,3.4
2025-11-03 09:45:00,2025-11-04 09:30:00,BULL_PUT,25751.45,25750,25250,82.45,4.1,84.15,1.05,78.35000000000001,83.10000000000001,-4.75,-926.25,125.27962270249999,-1051.5296227025,Reversal,2025-11-04,1,True,False,2168818,72962,80259,0,100431,3.4
2025-11-04 09:30:00,2025-11-06 09:15:00,BEAR_CALL,25703.4,25700,26200,189.55,29.55,127.1,9.55,160.0,117.55,42.45,8277.75,163.30693462250002,8114.4430653775,Reversal,2025-11-11,2,True,True,2167767,104956,115451,32129,100243,4.8
2025-11-06 09:15:00,2025-11-06 10:05:00,BULL_PUT,25666.7,25650,25150,100.3,13.2,118.65,12.3,87.1,106.35000000000001,-19.250000000000014,-3753.7500000000027,137.1694653035,-3890.919465303503,Reversal,2025-11-11,0,False,False,2175881,72722,79995,0,100100,3.3
2025-11-06 10:05:00,2025-11-06 12:50:00,BEAR_CALL,25572.2,25550,26050,179.95,14.1,155.75,12.35,165.85,143.4,22.44999999999999,4377.749999999998,162.5828562545,4215.167143745498,Reversal,2025-11-11,0,False,False,2171990,72455,79700,0,99732,3.3
2025-11-06 12:50:00,2025-11-06 13:50:00,BULL_PUT,25601.3,25600,25100,103.15,9.5,131.45,10.55,93.65,120.89999999999999,-27.249999999999986,-5313.749999999997,138.27344352949999,-5452.023443529497,Reversal,2025-11-11,0,False,False,2176205,72537,79791,0,99845,3.3
2025-11-06 13:50:00,2025-11-07 11:15:00,BEAR_CALL,25518.95,25500,26000,143.9,10.75,61.75,3.75,133.15,58.0,75.15,14654.250000000002,141.66479129450002,14512.585208705501,Reversal,2025-11-11,1,True,False,2170753,72304,79534,0,99524,3.3
2025-11-07 11:15:00,2025-11-10 15:05:00,BULL_PUT,25415.95,25400,24900,76.6,5.25,8.9,1.85,71.35,7.050000000000001,64.3,12538.5,117.372304238,12421.127695762,Reversal,2025-11-11,3,True,False,2185266,72012,79213,0,99122,3.3
2025-11-10 15:05:00,2025-11-11 11:50:00,BEAR_CALL,25577.4,25600,26100,73.65,1.5,9.15,0.55,72.15,8.6,63.550000000000004,12392.25,115.88769835550002,12276.3623016445,Reversal,2025-11-11,1,True,False,2197687,72469,79716,0,99752,3.3
2025-11-11 11:50:00,2025-11-12 15:20:00,BULL_PUT,25530.35,25550,25050,152.5,27.5,30.8,7.45,125.0,23.35,101.65,19821.75,143.8244504975,19677.9255495025,Reversal,2025-11-18,1,True,True,2209963,104249,114674,31913,99568,4.7
2025-11-12 15:20:00,2025-11-13 10:05:00,BEAR_CALL,25858.4,25850,26350,181.6,16.65,164.0,14.35,164.95,149.65,15.299999999999983,2983.499999999997,164.54246415800003,2818.957535841997,Reversal,2025-11-18,1,True,False,2229641,73265,80592,0,100848,3.3
2025-11-13 10:05:00,2025-11-13 13:55:00,BULL_PUT,25894.9,25900,25400,115.6,16.75,81.1,16.2,98.85,64.89999999999999,33.95,6620.250000000001,139.50119277949997,6480.748807220501,Reversal,2025-11-18,0,False,False,2232460,73369,80706,0,100990,3.3
2025-11-13 13:55:00,2025-11-14 09:30:00,BEAR_CALL,25929.15,25950,26450,159.2,13.7,95.55,8.0,145.5,87.55,57.95,11300.25,150.3077634635,11149.9422365365,Reversal,2025-11-18,1,True,False,2238941,73466,80813,0,101124,3.3
2025-11-14 09:30:00,2025-11-14 10:00:00,BULL_PUT,25877.1,25900,25400,136.55,15.25,159.35,17.8,121.30000000000001,141.54999999999998,-20.24999999999997,-3948.7499999999945,152.4885040385,-4101.238504038494,Reversal,2025-11-18,0,False,False,2250091,73318,80650,0,100921,3.3
2025-11-14 10:00:00,2025-11-14 10:55:00,BEAR_CALL,25774.65,25750,26250,179.9,18.85,208.1,22.15,161.05,185.95,-24.899999999999977,-4855.499999999995,170.29881376999995,-5025.798813769996,Reversal,2025-11-18,0,False,False,2245990,73028,80331,0,100521,3.3
2025-11-14 10:55:00,2025-11-14 13:35:00,BULL_PUT,25848.15,25850,25350,102.9,10.65,108.0,8.7,92.25,99.3,-7.049999999999997,-1374.7499999999995,135.73306355750003,-1510.4830635574995,Reversal,2025-11-18,0,False,False,2240964,73236,80560,0,100808,3.3
2025-11-14 13:35:00,2025-11-14 15:00:00,BEAR_CALL,25767.15,25750,26250,171.95,12.9,177.6,12.3,159.04999999999998,165.29999999999998,-6.25,-1218.75,162.16691509250003,-1380.9169150925,Reversal,2025-11-18,0,False,False,2239453,73007,80308,0,100492,3.3
2025-11-14 15:00:00,2025-11-18 09:15:00,BULL_PUT,25886.25,25900,25400,122.75,8.65,42.05,1.45,114.1,40.599999999999994,73.5,14332.5,133.25470678699998,14199.245293213,Reversal,2025-11-18,4,True,False,2238072,73344,80679,0,100956,3.3
2025-11-18 09:15:00,2025-11-18 11:40:00,BEAR_CALL,25947.35,25950,26450,179.8,27.0,186.5,26.85,152.8,159.65,-6.849999999999994,-1335.7499999999989,170.3915672945,-1506.1415672944988,Reversal,2025-11-25,0,False,True,2252272,105952,116547,32434,101195,4.7
2025-11-18 11:40:00,2025-11-18 15:00:00,BULL_PUT,25956.35,25950,25450,150.0,27.85,152.75,26.95,122.15,125.8,-3.6499999999999915,-711.7499999999983,159.27536445650003,-871.0253644564983,Reversal,2025-11-25,0,False,True,2250766,105988,116587,32445,101230,4.7
2025-11-18 15:00:00,2025-11-19 10:10:00,BEAR_CALL,25923.2,25900,26400,196.05,27.5,177.0,18.2,168.55,158.8,9.75,1901.25,171.7061388125,1729.5438611875,Reversal,2025-11-25,1,True,True,2249895,105853,116438,32404,101100,4.7
2025-11-19 10:10:00,2025-11-21 09:15:00,BULL_PUT,25952.1,25950,25450,136.55,18.75,48.2,6.45,117.80000000000001,41.75,76.05000000000001,14829.750000000002,139.88933056850001,14689.860669431502,Reversal,2025-11-25,2,True,False,2251624,73531,80884,0,101213,3.3
2025-11-21 09:15:00,2025-11-21 12:15:00,BEAR_CALL,26138.75,26150,26650,107.25,5.6,100.55,4.55,101.65,96.0,5.650000000000006,1101.7500000000011,134.69052760850002,967.0594723915011,Reversal,2025-11-25,0,False,False,2266314,74060,81466,0,101941,3.3
2025-11-21 12:15:00,2025-11-21 13:20:00,BULL_PUT,26138.2,26150,25650,108.6,8.2,113.1,8.3,100.39999999999999,104.8,-4.400000000000006,-858.0000000000011,137.43384386600002,-995.4338438660011,Reversal,2025-11-25,0,False,False,2267281,74058,81464,0,101939,3.3
2025-11-21 13:20:00,2025-11-24 10:10:00,BEAR_CALL,26108.4,26100,26600,117.95,5.4,100.85,1.9,112.55,98.94999999999999,13.600000000000009,2652.000000000002,136.929037343,2515.070962657002,Reversal,2025-11-25,3,True,False,2266286,73974,81371,0,101823,3.3
2025-11-24 10:10:00,2025-11-24 11:50:00,BULL_PUT,26128.5,26150,25650,79.35,3.2,90.55,2.95,76.14999999999999,87.6,-11.450000000000003,-2232.7500000000005,125.4303316115,-2358.1803316115006,Reversal,2025-11-25,0,False,False,2268801,74031,81434,0,101901,3.3
2025-11-24 11:50:00,2025-11-25 10:05:00,BEAR_CALL,26069.85,26050,26550,111.2,2.1,32.3,1.0,109.10000000000001,31.299999999999997,77.80000000000001,15171.000000000002,128.49918675800004,15042.500813242003,Reversal,2025-11-25,1,True,False,2266442,73865,81251,0,101672,3.3
2025-11-25 10:05:00,2025-11-25 10:55:00,BULL_PUT,26005.15,26000,25500,137.65,22.3,152.35,24.55,115.35000000000001,127.8,-12.449999999999989,-2427.7499999999977,154.6672251155,-2582.417225115498,Reversal,2025-12-02,0,False,True,2281485,106188,116806,32506,101420,4.7
2025-11-25 10:55:00,2025-11-25 13:05:00,BEAR_CALL,25939.1,25950,26450,196.75,28.0,200.1,27.45,168.75,172.65,-3.9000000000000057,-760.5000000000011,176.535033149,-937.0350331490012,Reversal,2025-12-02,0,False,True,2278903,105918,116510,32424,101162,4.6
2025-11-25 13:05:00,2025-11-25 14:35:00,BULL_PUT,26001.55,26000,25500,141.55,20.9,148.15,19.95,120.65,128.20000000000002,-7.550000000000011,-1472.2500000000023,153.98146194650002,-1626.2314619465023,Reversal,2025-12-02,0,False,True,2277965,106173,116790,32502,101406,4.7
2025-11-25 14:35:00,2025-11-26 09:15:00,BEAR_CALL,25947.35,25950,26450,182.2,23.0,179.1,15.85,159.2,163.25,-4.050000000000011,-789.7500000000023,167.0081846945,-956.7581846945022,Reversal,2025-12-02,1,True,True,2276339,105952,116547,32434,101195,4.7
2025-11-26 09:15:00,2025-11-27 12:20:00,BULL_PUT,25969.65,25950,25450,96.9,11.1,31.25,5.4,85.80000000000001,25.85,59.95000000000001,11690.250000000002,126.4553242295,11563.794675770501,Reversal,2025-12-02,1,True,False,2275383,73581,80939,0,101282,3.2
2025-11-27 12:20:00,2025-11-27 14:35:00,BEAR_CALL,26222.7,26200,26700,143.1,8.55,130.2,5.9,134.54999999999998,124.29999999999998,10.25,1998.75,147.8577647825,1850.8922352175,Reversal,2025-12-02,0,False,False,2286946,74298,81727,0,102269,3.2
2025-11-27 14:35:00,2025-11-28 14:10:00,BULL_PUT,26217.1,26200,25700,92.45,8.5,77.15,4.65,83.95,72.5,11.450000000000003,2232.7500000000005,128.81824363249999,2103.9317563675004,Reversal,2025-12-02,1,True,False,2288797,74282,81710,0,102247,3.2
2025-11-28 14:10:00,2025-12-01 09:15:00,BEAR_CALL,26200.75,26200,26700,104.9,3.15,151.35,2.85,101.75,148.5,-46.75,-9116.25,137.81554421750002,-9254.0655442175,Reversal,2025-12-02,3,True,False,2290901,74235,81659,0,102183,3.2
2025-12-01 09:15:00,2025-12-01 10:50:00,BULL_PUT,26285.3,26300,25800,68.35,3.1,86.35,3.5,65.25,82.85,-17.599999999999994,-3431.999999999999,122.15815331899998,-3554.158153318999,Reversal,2025-12-02,0,False,False,2281647,74475,81923,0,102513,3.3
2025-12-01 10:50:00,2025-12-02 11:25:00,BEAR_CALL,26229.65,26250,26750,83.35,1.6,3.7,0.7,81.75,3.0,78.75,15356.25,118.14608169049998,15238.1039183095,Target,2025-12-02,1,True,False,2278093,74317,81749,0,102296,3.3
2025-12-02 11:25:00,2025-12-03 14:55:00,BEAR_CALL,26068.4,26050,26550,204.35,25.35,100.8,7.55,179.0,93.25,85.75,16721.25,164.1733816715,16557.0766183285,Reversal,2025-12-09,1,True,True,2293331,106446,117091,32586,101667,4.6
2025-12-03 14:55:00,2025-12-04 11:50:00,BULL_PUT,25976.1,26000,25500,126.4,12.2,83.9,6.7,114.2,77.2,37.0,7215.0,139.707562196,7075.292437804,Reversal,2025-12-09,1,True,False,2309888,73599,80959,0,101307,3.2
2025-12-04 11:50:00,2025-12-04 14:55:00,BEAR_CALL,26016.7,26000,26500,139.35,8.8,136.4,7.55,130.54999999999998,128.85,1.6999999999999886,331.4999999999978,147.84263042300003,183.65736957699775,Reversal,2025-12-09,0,False,False,2316963,73714,81085,0,101465,3.2
2025-12-04 14:55:00,2025-12-08 09:35:00,BULL_PUT,26042.25,26050,25550,98.7,6.35,36.65,1.9,92.35000000000001,34.75,57.60000000000001,11232.000000000002,126.041542868,11105.958457132001,Reversal,2025-12-09,4,True,False,2317147,73786,81165,0,101565,3.2
2025-12-08 09:35:00,2025-12-09 09:25:00,BEAR_CALL,26120.0,26100,26600,94.6,1.95,4.55,1.7,92.64999999999999,2.8499999999999996,89.8,17511.0,121.644544964,17389.355455036,Target,2025-12-09,1,True,False,2328253,74007,81407,0,101868,3.2
2025-12-09 09:25:00,2025-12-09 10:15:00,BEAR_CALL,25800.1,25800,26300,197.35,27.4,179.65,24.8,169.95,154.85,15.099999999999994,2944.499999999999,174.11829569600002,2770.381704303999,Reversal,2025-12-16,0,False,True,2345642,105350,115885,32250,100620,4.5
2025-12-09 10:15:00,2025-12-09 14:20:00,BULL_PUT,25831.7,25850,25350,146.25,23.65,116.1,14.3,122.6,101.8,20.799999999999997,4055.9999999999995,151.144771889,3904.8552281109996,Reversal,2025-12-16,0,False,True,2348413,105479,116027,32290,100744,4.5
2025-12-09 14:20:00,2025-12-10 09:30:00,BEAR_CALL,25824.55,25800,26300,195.1,22.6,204.55,21.4,172.5,183.15,-10.650000000000006,-2076.750000000001,174.3188085995,-2251.0688085995007,Reversal,2025-12-16,1,True,True,2352318,105450,115995,32281,100716,4.5
2025-12-10 09:30:00,2025-12-10 10:55:00,BULL_PUT,25901.95,25900,25400,117.9,13.75,137.45,14.85,104.15,122.6,-18.44999999999999,-3597.7499999999977,144.4503056885,-3742.200305688498,Reversal,2025-12-16,0,False,False,2350067,73389,80728,0,101018,3.1
2025-12-10 10:55:00,2025-12-11 10:10:00,BEAR_CALL,25835.3,25850,26350,145.25,12.25,98.85,7.75,133.0,91.1,41.900000000000006,8170.500000000001,146.537075783,8023.962924217001,Reversal,2025-12-16,1,True,False,2346324,73200,80520,0,100758,3.1
2025-12-11 10:10:00,2025-12-15 09:15:00,BULL_PUT,25807.55,25800,25300,114.15,10.8,23.5,2.4,103.35000000000001,21.1,82.25,16038.75,129.6952864355,15909.0547135645,Reversal,2025-12-16,4,True,False,2354348,73121,80434,0,100649,3.1
2025-12-15 09:15:00,2025-12-15 10:45:00,BEAR_CALL,25953.3,25950,26450,80.45,2.1,78.65,1.65,78.35000000000001,77.0,1.3500000000000085,263.25000000000165,124.23308449550001,139.01691550450164,Reversal,2025-12-16,0,False,False,2370257,73534,80888,0,101218,3.1
2025-12-15 10:45:00,2025-12-16 09:15:00,BULL_PUT,25989.6,26000,25500,85.35,3.0,90.7,1.5,82.35,89.2,-6.8500000000000085,-1335.7500000000016,126.68621994649999,-1462.4362199465015,Reversal,2025-12-16,1,True,False,2370396,73637,81001,0,101359,3.1
2025-12-16 09:15:00,2025-12-17 09:20:00,BEAR_CALL,25943.3,25950,26450,155.9,13.4,110.6,6.7,142.5,103.89999999999999,38.60000000000001,7527.000000000002,150.32919495800002,7376.670805042002,Reversal,2025-12-23,1,True,True,2368934,105935,116529,32429,101179,4.5
2025-12-17 09:20:00,2025-12-17 10:00:00,BULL_PUT,25919.7,25900,25400,112.65,12.05,126.7,12.4,100.60000000000001,114.3,-13.699999999999989,-2671.4999999999977,141.223982894,-2812.723982893998,Reversal,2025-12-23,0,False,False,2376311,73439,80783,0,101087,3.1
2025-12-17 10:00:00,2025-12-18 10:15:00,BEAR_CALL,25845.65,25850,26350,147.55,10.4,93.8,5.8,137.15,88.0,49.150000000000006,9584.250000000002,146.0279614565,9438.222038543501,Reversal,2025-12-23,1,True,False,2373498,73229,80552,0,100798,3.1
2025-12-18 10:15:00,2025-12-18 14:00:00,BULL_PUT,25823.4,25800,25300,96.15,7.4,67.65,5.1,88.75,62.550000000000004,26.199999999999996,5108.999999999999,129.036682769,4979.963317230999,Reversal,2025-12-23,0,False,False,2382936,73166,80483,0,100711,3.1
2025-12-18 14:00:00,2025-12-19 09:15:00,BEAR_CALL,25830.45,25850,26350,110.15,5.05,138.0,5.2,105.10000000000001,132.8,-27.700000000000003,-5401.500000000001,138.914920892,-5540.414920892001,Reversal,2025-12-23,1,True,False,2387916,73186,80505,0,100739,3.1
2025-12-19 09:15:00,2025-12-23 09:25:00,BULL_PUT,25925.1,25950,25450,103.05,5.4,4.75,1.25,97.64999999999999,3.5,94.14999999999999,18359.25,124.18101840349999,18235.0689815965,Target,2025-12-23,4,True,False,2382376,73454,80800,0,101108,3.1
2025-12-23 09:25:00,2025-12-23 14:40:00,BULL_PUT,26149.65,26150,25650,108.5,14.65,76.84,8.44,93.85,68.4,25.44999999999999,4962.749999999998,134.82657293089997,4827.923427069099,Reversal,2025-12-30,0,False,True,2400611,106778,117456,32687,101984,4.4
2025-12-23 14:40:00,2025-12-24 09:30:00,BEAR_CALL,26167.2,26150,26650,163.15,8.6,158.0,7.8,154.55,150.2,4.350000000000023,848.2500000000044,156.38377185650003,691.8662281435044,Reversal,2025-12-30,1,True,True,2405439,106849,117534,32709,102052,4.4
2025-12-24 09:30:00,2025-12-24 13:20:00,BULL_PUT,26222.65,26200,25700,82.5,7.75,83.4,5.2,74.75,78.2,-3.450000000000003,-672.7500000000006,126.69767857549999,-799.4476785755005,Reversal,2025-12-30,0,False,False,2406130,74298,81727,0,102268,3.1
2025-12-24 13:20:00,2025-12-29 09:30:00,BEAR_CALL,26170.2,26150,26650,122.35,3.8,25.55,1.35,118.55,24.2,94.35,18398.25,131.24094512149998,18267.0090548785,Reversal,2025-12-30,5,True,False,2405331,74149,81564,0,102064,3.1
2025-12-29 09:30:00,2025-12-29 10:00:00,BULL_PUT,26074.4,26050,25550,42.7,1.65,57.35,1.65,41.050000000000004,55.7,-14.649999999999999,-2856.7499999999995,111.86651151050002,-2968.6165115104995,Reversal,2025-12-30,0,False,False,2423598,73877,81265,0,101690,3.0
2025-12-29 10:00:00,2025-12-30 09:40:00,BEAR_CALL,26031.5,26050,26550,46.15,1.55,8.65,0.85,44.6,7.800000000000001,36.8,7175.999999999999,108.31419083600001,7067.685809163999,Reversal,2025-12-30,1,True,False,2420629,73756,81132,0,101523,3.0
2025-12-30 09:40:00,2025-12-30 11:25:00,BULL_PUT,25939.75,25950,25450,108.35,10.19,110.45,9.85,98.16,100.60000000000001,-2.440000000000012,-475.80000000000234,137.73595302920003,-613.5359530292023,Reversal,2026-01-06,0,False,True,2427697,105921,116513,32425,101165,4.4
2025-12-30 11:25:00,2025-12-30 13:45:00,BEAR_CALL,25914.95,25900,26400,158.1,11.45,173.8,11.6,146.65,162.20000000000002,-15.550000000000011,-3032.2500000000023,157.6756569185,-3189.925656918502,Reversal,2026-01-06,0,False,True,2427084,105819,116401,32394,101068,4.4
2025-12-30 13:45:00,2025-12-31 15:10:00,BULL_PUT,25954.4,25950,25450,87.7,7.4,31.15,4.84,80.3,26.31,53.989999999999995,10528.05,123.41818264669999,10404.6318173533,Reversal,2026-01-06,1,True,True,2423894,105980,116579,32443,101222,4.4
2025-12-31 15:10:00,2026-01-01 09:25:00,BEAR_CALL,26122.95,26100,26600,148.35,5.9,138.0,4.34,142.45,133.66,8.789999999999992,1714.0499999999984,149.33218641169998,1564.7178135882984,Reversal,2026-01-06,1,True,False,2434298,74015,81417,0,101880,3.0
2026-01-01 09:25:00,2026-01-01 12:05:00,BULL_PUT,26187.2,26200,25700,98.35,5.85,99.65,5.05,92.5,94.60000000000001,-2.1000000000000085,-409.50000000000165,132.306764207,-541.8067642070016,Reversal,2026-01-06,0,False,False,2435863,74197,81617,0,102130,3.0
2026-01-01 12:05:00,2026-01-02 09:20:00,BEAR_CALL,26130.85,26150,26650,90.9,2.6,104.85,1.7,88.30000000000001,103.14999999999999,-14.84999999999998,-2895.749999999996,129.48660773150002,-3025.236607731496,Reversal,2026-01-06,1,True,False,2435321,74037,81441,0,101910,3.0
2026-01-02 09:20:00,2026-01-05 09:30:00,BULL_PUT,26192.45,26200,25700,67.84,3.05,27.9,2.15,64.79,25.75,39.040000000000006,7612.800000000001,116.5046360522,7496.295363947801,Reversal,2026-01-06,3,True,False,2432296,74212,81633,0,102151,3.1
2026-01-05 09:30:00,2026-01-05 10:05:00,BEAR_CALL,26272.35,26250,26750,90.4,1.3,94.8,1.25,89.10000000000001,93.55,-4.449999999999989,-867.7499999999977,128.2265492825,-995.9765492824977,Reversal,2026-01-06,0,False,False,2439792,74438,81882,0,102462,3.1
2026-01-05 10:05:00,2026-01-05 13:25:00,BULL_PUT,26335.35,26350,25850,81.8,3.0,77.45,2.65,78.8,74.8,4.0,780.0,124.857647987,655.142352013,Reversal,2026-01-06,0,False,False,2438796,74617,82079,0,102708,3.1
2026-01-05 13:25:00,2026-01-05 14:55:00,BEAR_CALL,26294.65,26300,26800,54.2,1.1,26.9,1.05,53.1,25.849999999999998,27.250000000000004,5313.750000000001,112.16277044750001,5201.5872295525005,Reversal,2026-01-06,0,False,False,2439451,74502,81952,0,102549,3.1
2026-01-05 14:55:00,2026-01-06 09:15:00,BULL_PUT,26280.1,26300,25800,83.4,1.75,66.2,1.14,81.65,65.06,16.590000000000003,3235.0500000000006,123.78464372869999,3111.265356271301,Reversal,2026-01-06,1,True,False,2444653,74460,81906,0,102492,3.0
2026-01-06 09:15:00,2026-01-06 09:55:00,BEAR_CALL,26195.8,26200,26700,183.55,14.3,174.0,12.6,169.25,161.4,7.849999999999994,1530.7499999999989,165.2697960035,1365.4802039964989,Reversal,2026-01-13,0,False,True,2447764,106966,117663,32745,102164,4.4
2026-01-06 09:55:00,2026-01-06 11:10:00,BULL_PUT,26256.8,26250,25750,107.0,11.9,119.4,12.4,95.1,107.0,-11.900000000000006,-2320.500000000001,139.00465174099998,-2459.504651741001,Reversal,2026-01-13,0,False,True,2449130,107215,117937,32821,102402,4.4
2026-01-06 11:10:00,2026-01-07 11:00:00,BEAR_CALL,26194.45,26200,26700,150.1,9.4,98.0,4.75,140.7,93.25,47.44999999999999,9252.749999999998,146.72450921749999,9106.025490782498,Reversal,2026-01-13,1,True,True,2446670,106961,117657,32743,102158,4.4
2026-01-07 11:00:00,2026-01-07 12:15:00,BULL_PUT,26179.05,26200,25700,104.8,6.95,126.0,7.25,97.85,118.75,-20.900000000000006,-4075.500000000001,137.11374185,-4212.613741850001,Reversal,2026-01-13,0,False,False,2455776,74174,81591,0,102098,3.0
2026-01-07 12:15:00,2026-01-07 15:05:00,BEAR_CALL,26102.75,26100,26600,127.65,6.0,127.35,5.4,121.65,121.94999999999999,-0.29999999999998295,-58.499999999996675,142.965552932,-201.46555293199668,Reversal,2026-01-13,0,False,False,2451564,73958,81354,0,101801,3.0
2026-01-07 15:05:00,2026-01-08 09:25:00,BULL_PUT,26145.5,26150,25650,91.2,5.2,110.6,4.9,86.0,105.69999999999999,-19.69999999999999,-3841.4999999999977,131.189473097,-3972.6894730969975,Reversal,2026-01-13,1,True,False,2451362,74079,81487,0,101967,3.0
2026-01-08 09:25:00,2026-01-09 09:15:00,BEAR_CALL,26064.5,26050,26550,124.4,5.05,42.85,2.85,119.35000000000001,40.0,79.35000000000001,15473.250000000002,133.8535729445,15339.396427055502,Reversal,2026-01-13,1,True,False,2447390,73849,81234,0,101652,3.0
2026-01-09 09:15:00,2026-01-09 10:55:00,BULL_PUT,25938.8,25950,25450,100.95,7.25,131.0,9.05,93.7,121.95,-28.25,-5508.75,137.0114468975,-5645.7614468975,Reversal,2026-01-13,0,False,False,2462729,73493,80843,0,101161,3.0
2026-01-09 10:55:00,2026-01-12 11:25:00,BEAR_CALL,25821.65,25800,26300,133.05,5.7,9.44,3.3,127.35000000000001,6.14,121.21000000000001,23635.95,133.4966705987,23502.4533294013,Target,2026-01-13,3,True,False,2457083,73161,80477,0,100704,3.0
2026-01-12 11:25:00,2026-01-12 12:10:00,BEAR_CALL,25502.4,25500,26000,90.5,4.65,91.2,4.4,85.85,86.8,-0.9500000000000028,-185.25000000000057,129.1047906725,-314.3547906725006,Reversal,2026-01-13,0,False,False,2480586,72257,79482,0,99459,2.9
2026-01-12 12:10:00,2026-01-13 09:25:00,BULL_PUT,25578.3,25600,25100,115.15,5.4,7.25,1.14,109.75,6.11,103.64,20209.8,127.7216506922,20082.078349307798,Reversal,2026-01-13,1,True,False,2480271,72472,79719,0,99755,2.9
2026-01-13 09:25:00,2026-01-13 14:50:00,BEAR_CALL,25762.85,25750,26250,212.9,31.95,133.55,16.6,180.95000000000002,116.95000000000002,64.0,12480.0,172.50460385,12307.49539615,Reversal,2026-01-20,0,False,True,2500353,105198,115718,32204,100475,4.2
2026-01-13 14:50:00,2026-01-14 13:35:00,BULL_PUT,25713.9,25700,25200,131.25,20.75,107.6,13.9,110.5,93.69999999999999,16.80000000000001,3276.0000000000023,145.87789380499999,3130.1221061950023,Reversal,2026-01-20,1,True,True,2512661,104998,115498,32142,100284,4.2
2026-01-14 13:35:00,2026-01-16 09:15:00,BEAR_CALL,25671.2,25650,26150,162.5,14.7,173.4,13.05,147.8,160.35,-12.549999999999983,-2447.249999999997,159.5463456995,-2606.7963456994967,Reversal,2026-01-20,2,True,False,2515791,72735,80009,0,100118,2.9
2026-01-16 09:15:00,2026-01-16 12:25:00,BULL_PUT,25730.45,25750,25250,117.35,11.0,63.4,5.95,106.35,57.449999999999996,48.9,9535.5,135.08710135099997,9400.412898649,Reversal,2026-01-20,0,False,False,2513184,72903,80193,0,100349,2.9
2026-01-16 12:25:00,2026-01-19 14:00:00,BEAR_CALL,25752.05,25750,26250,161.85,8.1,24.1,1.6,153.75,22.5,131.25,25593.75,142.5014128595,25451.2485871405,Reversal,2026-01-20,3,True,False,2522585,72964,80261,0,100433,2.9
2026-01-19 14:00:00,2026-01-20 09:20:00,BULL_PUT,25617.6,25600,25100,65.34,3.0,85.2,1.2,62.34,84.0,-21.659999999999997,-4223.699999999999,120.5775716462,-4344.277571646199,Reversal,2026-01-20,1,True,False,2548036,72583,79842,0,99909,2.8
2026-01-20 09:20:00,2026-01-21 11:15:00,BEAR_CALL,25514.35,25500,26000,194.15,27.05,38.35,8.3,167.1,30.05,137.04999999999998,26724.749999999996,156.21992314550002,26568.530076854495,Reversal,2026-01-27,1,True,True,2543692,104184,114602,31893,99506,4.1
2026-01-21 11:15:00,2026-01-21 13:50:00,BULL_PUT,25075.65,25100,24600,169.55,43.4,121.85,34.35,126.15,87.5,38.650000000000006,7536.750000000001,165.39183866450003,7371.358161335501,Reversal,2026-01-27,0,False,False,2570260,71048,78152,0,97795,2.8
2026-01-21 13:50:00,2026-01-22 09:15:00,BEAR_CALL,25168.85,25150,25650,199.65,28.8,262.05,35.55,170.85,226.5,-55.650000000000006,-10851.750000000002,185.09348711149997,-11036.843487111502,Reversal,2026-01-27,1,True,False,2577631,71312,78443,0,98159,2.8
2026-01-22 09:15:00,2026-01-22 10:25:00,BULL_PUT,25318.0,25300,24800,114.3,19.25,104.6,19.9,95.05,84.69999999999999,10.350000000000009,2018.2500000000016,142.4496562715,1875.8003437285015,Reversal,2026-01-27,0,False,False,2566595,71734,78908,0,98740,2.8
2026-01-22 10:25:00,2026-01-22 14:45:00,BEAR_CALL,25291.9,25300,25800,175.2,19.0,140.45,13.4,156.2,127.04999999999998,29.150000000000006,5684.250000000001,160.64453297149998,5523.605467028501,Reversal,2026-01-27,0,False,False,2568470,71660,78826,0,98638,2.8
2026-01-22 14:45:00,2026-01-23 11:45:00,BULL_PUT,25298.45,25300,24800,111.0,15.0,137.5,13.55,96.0,123.95,-27.950000000000003,-5450.250000000001,142.2932167415,-5592.543216741501,Reversal,2026-01-27,1,True,False,2573994,71679,78847,0,98664,2.8
2026-01-23 11:45:00,2026-01-27 09:35:00,BEAR_CALL,25193.35,25200,25700,130.55,6.85,34.75,2.15,123.70000000000002,32.6,91.10000000000002,17764.500000000004,134.809781009,17629.690218991003,Reversal,2026-01-27,4,True,False,2568401,71381,78519,0,98254,2.8
2026-01-27 09:35:00,2026-01-27 10:40:00,BULL_PUT,25091.5,25100,24600,296.7,122.25,246.7,98.9,174.45,147.79999999999998,26.650000000000006,5196.750000000001,236.38170636650003,4960.368293633501,Reversal,2026-02-03,0,False,True,2586031,102457,112703,31364,97857,4.0
2026-01-27 10:40:00,2026-01-27 11:40:00,BEAR_CALL,25030.0,25050,25550,351.25,124.0,340.5,121.7,227.25,218.8,8.449999999999989,1647.7499999999977,266.19906639350006,1381.5509336064977,Reversal,2026-02-03,0,False,True,2590991,102206,112426,31288,97617,3.9
2026-01-27 11:40:00,2026-01-28 13:40:00,BULL_PUT,25154.65,25150,24650,271.65,107.1,159.5,47.9,164.54999999999998,111.6,52.94999999999999,10325.249999999998,206.3271508745,10118.922849125498,Reversal,2026-02-03,1,True,True,2592373,102715,112986,31443,98103,4.0
2026-01-28 13:40:00,2026-01-28 14:55:00,BEAR_CALL,25208.35,25200,25700,252.45,64.05,300.6,79.65,188.39999999999998,220.95000000000002,-32.55000000000004,-6347.250000000008,218.4154934525,-6565.665493452509,Reversal,2026-02-03,0,False,False,2602492,71424,78566,0,98313,2.7
2026-01-28 14:55:00,2026-01-29 09:35:00,BULL_PUT,25320.7,25300,24800,184.25,53.4,200.25,54.0,130.85,146.25,-15.400000000000006,-3003.000000000001,182.67084199700003,-3185.670841997001,Reversal,2026-02-03,1,True,False,2595926,71742,78916,0,98751,2.8
2026-01-29 09:35:00,2026-01-29 11:20:00,BEAR_CALL,25225.7,25250,25750,219.75,48.35,224.0,51.9,171.4,172.1,-0.6999999999999886,-136.49999999999778,193.56463621999998,-330.06463621999774,Reversal,2026-02-03,0,False,False,2592741,71473,78620,0,98380,2.8
2026-01-29 11:20:00,2026-01-30 09:15:00,BULL_PUT,25287.5,25300,24800,199.85,52.85,201.2,52.8,147.0,148.39999999999998,-1.3999999999999773,-272.99999999999557,186.694554521,-459.69455452099555,Reversal,2026-02-03,1,True,False,2592411,71648,78813,0,98621,2.8
2026-01-30 09:15:00,2026-01-30 13:50:00,BEAR_CALL,25259.3,25250,25750,208.0,42.05,239.95,58.0,165.95,181.95,-16.0,-3120.0,192.84727724,-3312.84727724,Reversal,2026-02-03,0,False,False,2591951,71568,78725,0,98511,2.8
2026-01-30 13:50:00,2026-02-01 11:40:00,BULL_PUT,25329.6,25350,24850,219.35,58.65,188.55,44.0,160.7,144.55,16.149999999999977,3149.2499999999955,189.0566228465,2960.1933771534955,Reversal,2026-02-03,2,True,False,2588638,71767,78944,0,98785,2.8
2026-02-01 11:40:00,2026-02-01 12:35:00,BEAR_CALL,25311.55,25300,25800,234.75,55.05,77.4,17.7,179.7,59.7,119.99999999999999,23399.999999999996,175.958466587,23224.041533412998,Reversal,2026-02-03,0,False,False,2591598,71716,78888,0,98715,2.8
2026-02-01 12:35:00,2026-02-01 14:45:00,BULL_PUT,25009.95,25000,24500,295.95,97.35,155.0,33.25,198.6,121.75,76.85,14985.749999999998,207.74840907650002,14778.001590923499,Reversal,2026-02-03,0,False,False,2614822,70862,77948,0,97539,2.7
2026-02-01 14:45:00,2026-02-02 09:50:00,BEAR_CALL,24967.05,24950,25450,211.2,32.1,113.35,11.45,179.1,101.89999999999999,77.2,15054.0,168.846174803,14885.153825197,Reversal,2026-02-03,1,True,False,2629600,70740,77814,0,97371,2.7
2026-02-02 09:50:00,2026-02-02 11:05:00,BULL_PUT,24936.15,24950,24450,201.75,39.4,260.2,42.25,162.35,217.95,-55.599999999999994,-10841.999999999998,188.29950486799999,-11030.299504867999,Reversal,2026-02-03,0,False,False,2644485,70652,77718,0,97251,2.7
2026-02-02 11:05:00,2026-02-02 11:40:00,BEAR_CALL,24723.0,24700,25200,151.6,12.3,201.6,17.15,139.29999999999998,184.45,-45.150000000000006,-8804.250000000002,159.9289836695,-8964.178983669502,Reversal,2026-02-03,0,False,False,2633455,70048,77053,0,96420,2.7
2026-02-02 11:40:00,2026-02-03 09:15:00,BULL_PUT,24868.4,24850,24350,128.9,14.1,11.55,3.7,114.80000000000001,7.8500000000000005,106.95000000000002,20855.250000000004,133.38112019749997,20721.868879802503,Reversal,2026-02-03,1,True,False,2624491,70460,77507,0,96987,2.7
2026-02-03 09:15:00,2026-02-04 14:15:00,BEAR_CALL,25809.75,25800,26300,246.95,115.65,168.5,24.05,131.29999999999998,144.45,-13.150000000000006,-2564.250000000001,194.42104484449996,-2758.671044844501,Reversal,2026-02-10,1,True,True,2645213,105390,115929,32262,100658,4.0
2026-02-04 14:15:00,2026-02-05 09:20:00,BULL_PUT,25806.2,25800,25300,142.5,27.55,193.0,33.25,114.95,159.75,-44.8,-8736.0,162.45197636900002,-8898.451976369,Reversal,2026-02-10,1,True,False,2642454,73118,80429,0,100644,2.8
2026-02-05 09:20:00,2026-02-06 11:30:00,BEAR_CALL,25682.3,25700,26200,151.55,20.85,64.9,7.85,130.70000000000002,57.050000000000004,73.65,14361.750000000002,146.08316954449998,14215.666830455502,Reversal,2026-02-10,1,True,False,2633556,72767,80043,0,100161,2.8
2026-02-06 11:30:00,2026-02-06 12:30:00,BULL_PUT,25607.8,25600,25100,112.65,12.7,119.55,12.7,99.95,106.85,-6.8999999999999915,-1345.4999999999984,140.736153188,-1486.2361531879983,Reversal,2026-02-10,0,False,False,2647771,72555,79811,0,99870,2.7
2026-02-06 12:30:00,2026-02-06 14:35:00,BEAR_CALL,25543.3,25550,26050,118.35,10.6,147.0,12.85,107.75,134.15,-26.400000000000006,-5148.000000000001,144.58312114400002,-5292.583121144001,Reversal,2026-02-10,0,False,False,2646285,72373,79610,0,99619,2.7
2026-02-06 14:35:00,2026-02-10 09:25:00,BULL_PUT,25631.55,25650,25150,116.55,12.65,4.4,1.95,103.89999999999999,2.45,101.44999999999999,19782.749999999996,128.7202590965,19654.029740903497,Target,2026-02-10,4,True,False,2640993,72623,79885,0,99963,2.7
2026-02-10 09:25:00,2026-02-10 13:45:00,BULL_PUT,25917.6,25900,25400,127.9,27.2,117.5,21.0,100.7,96.5,4.200000000000003,819.0000000000006,148.35268236800002,670.6473176320005,Reversal,2026-02-17,0,False,True,2660647,105830,116413,32397,101079,4.0
2026-02-10 13:45:00,2026-02-11 09:15:00,BEAR_CALL,25921.9,25900,26400,175.05,20.4,198.0,18.7,154.65,179.3,-24.650000000000006,-4806.750000000001,167.24885525449997,-4973.998855254501,Reversal,2026-02-17,1,True,True,2661317,105848,116433,32402,101095,4.0
2026-02-11 09:15:00,2026-02-11 10:00:00,BULL_PUT,25985.0,26000,25500,116.3,16.9,143.65,22.55,99.4,121.10000000000001,-21.700000000000003,-4231.500000000001,146.96116572200003,-4378.461165722001,Reversal,2026-02-17,0,False,False,2656343,73624,80987,0,101342,2.8
2026-02-11 10:00:00,2026-02-13 12:30:00,BEAR_CALL,25915.8,25900,26400,166.9,15.05,20.4,4.85,151.85,15.549999999999999,136.29999999999998,26578.499999999996,145.085847836,26433.414152163998,Reversal,2026-02-17,2,True,False,2651965,73428,80771,0,101072,2.8
2026-02-13 12:30:00,2026-02-13 13:45:00,BULL_PUT,25602.45,25600,25100,101.3,11.65,117.75,12.45,89.64999999999999,105.3,-15.650000000000006,-3051.750000000001,137.2728027845,-3189.022802784501,Reversal,2026-02-17,0,False,False,2678398,72540,79794,0,99850,2.7
2026-02-13 13:45:00,2026-02-16 09:30:00,BEAR_CALL,25510.3,25500,26000,135.65,13.05,83.7,6.3,122.60000000000001,77.4,45.2,8814.0,142.21596868100002,8671.784031319,Reversal,2026-02-17,3,True,False,2675209,72279,79507,0,99490,2.7
2026-02-16 09:30:00,2026-02-16 09:45:00,BULL_PUT,25521.9,25500,25000,86.25,8.35,102.05,9.2,77.9,92.85,-14.949999999999989,-2915.2499999999977,130.5351260855,-3045.7851260854977,Reversal,2026-02-17,0,False,False,2683881,72312,79543,0,99535,2.7
2026-02-16 09:45:00,2026-02-16 10:10:00,BEAR_CALL,25455.05,25450,25950,94.85,6.45,131.25,7.6,88.39999999999999,123.65,-35.250000000000014,-6873.750000000003,134.8719038945,-7008.621903894503,Reversal,2026-02-17,0,False,False,2680835,72123,79335,0,99275,2.7
2026-02-16 10:10:00,2026-02-17 09:15:00,BULL_PUT,25551.45,25550,25050,96.25,9.5,29.8,2.05,86.75,27.75,59.0,11505.0,125.079490088,11379.920509912,Reversal,2026-02-17,1,True,False,2673827,72396,79635,0,99651,2.7
2026-02-17 09:15:00,2026-02-17 10:05:00,BEAR_CALL,25612.45,25600,26100,179.2,28.7,204.2,31.4,150.5,172.79999999999998,-22.299999999999983,-4348.499999999996,173.18964840499996,-4521.689648404997,Reversal,2026-02-24,0,False,True,2685206,104584,115043,32016,99889,3.9
2026-02-17 10:05:00,2026-02-17 14:10:00,BULL_PUT,25665.45,25650,25150,153.75,35.2,124.7,28.05,118.55,96.65,21.89999999999999,4270.499999999998,158.80056307099997,4111.699436928998,Reversal,2026-02-24,0,False,True,2680685,104801,115281,32082,100095,3.9
2026-02-17 14:10:00,2026-02-18 13:20:00,BEAR_CALL,25670.95,25650,26150,204.6,28.6,192.55,18.05,176.0,174.5,1.5,292.5,175.495256294,117.004743706,Reversal,2026-02-24,1,True,True,2684796,104823,115305,32089,100117,3.9
2026-02-18 13:20:00,2026-02-19 09:35:00,BULL_PUT,25744.85,25750,25250,123.7,21.7,87.85,14.85,102.0,73.0,29.0,5655.0,142.39850420300002,5512.601495797,Reversal,2026-02-24,1,True,False,2684913,72944,80238,0,100405,2.7
2026-02-19 09:35:00,2026-02-20 09:45:00,BEAR_CALL,25790.65,25800,26300,126.15,9.4,31.65,6.15,116.75,25.5,91.25,17793.75,134.6506781105,17659.0993218895,Reversal,2026-02-24,1,True,False,2690426,73074,80381,0,100584,2.7
2026-02-20 09:45:00,2026-02-20 13:10:00,BULL_PUT,25507.9,25500,25000,129.55,26.2,107.8,26.1,103.35000000000001,81.69999999999999,21.65000000000002,4221.750000000004,149.2824980795,4072.4675019205038,Reversal,2026-02-24,0,False,False,2708085,72272,79500,0,99481,2.7
2026-02-20 13:10:00,2026-02-20 14:45:00,BEAR_CALL,25554.6,25550,26050,139.75,14.85,196.05,19.25,124.9,176.8,-51.900000000000006,-10120.500000000002,156.96487963699997,-10277.464879637002,Reversal,2026-02-24,0,False,False,2712158,72405,79645,0,99663,2.7
2026-02-20 14:45:00,2026-02-23 10:45:00,BULL_PUT,25649.85,25650,25150,120.3,25.0,106.2,13.9,95.3,92.3,3.0,585.0,143.09524080199998,441.904759198,Reversal,2026-02-24,3,True,False,2701880,72675,79942,0,100034,2.7
2026-02-23 10:45:00,2026-02-23 15:00:00,BEAR_CALL,25653.65,25650,26150,103.75,5.2,117.45,4.55,98.55,112.9,-14.350000000000009,-2798.250000000002,135.1703527985,-2933.420352798502,Reversal,2026-02-24,0,False,False,2702322,72685,79954,0,100049,2.7
2026-02-23 15:00:00,2026-02-24 09:15:00,BULL_PUT,25718.25,25700,25200,86.3,10.8,136.5,3.1,75.5,133.4,-57.900000000000006,-11290.500000000002,132.100466921,-11422.600466921001,Reversal,2026-02-24,1,True,False,2699389,72868,80155,0,100301,2.7
2026-02-24 09:15:00,2026-02-24 15:20:00,BEAR_CALL,25571.45,25550,26050,226.0,38.1,143.5,20.3,187.9,123.2,64.7,12616.5,178.57208317700002,12437.927916823,Reversal,2026-03-02,0,False,True,2687966,104417,114858,31964,99729,3.9
2026-02-24 15:20:00,2026-02-25 12:30:00,BULL_PUT,25441.1,25450,24950,163.4,39.15,72.15,17.0,124.25,55.150000000000006,69.1,13474.499999999998,154.144021571,13320.355978428997,Reversal,2026-03-02,1,True,True,2700404,103884,114273,31801,99220,3.8
2026-02-25 12:30:00,2026-02-26 09:15:00,BEAR_CALL,25536.2,25550,26050,177.1,18.1,151.75,14.0,159.0,137.75,21.25,4143.75,162.25047469849997,3981.4995253015,Reversal,2026-03-02,1,True,False,2713724,72353,79588,0,99591,2.7
2026-02-26 09:15:00,2026-02-26 11:40:00,BULL_PUT,25535.1,25550,25050,105.9,17.9,147.95,23.85,88.0,124.1,-36.099999999999994,-7039.499999999999,144.906129128,-7184.4061291279995,Reversal,2026-03-02,0,False,False,2717706,72349,79584,0,99587,2.7
2026-02-26 11:40:00,2026-02-26 14:40:00,BEAR_CALL,25461.35,25450,25950,158.65,14.6,145.2,12.5,144.05,132.7,11.350000000000023,2213.2500000000045,155.84189329850003,2057.4081067015045,Reversal,2026-03-02,0,False,False,2710521,72140,79355,0,99299,2.7
2026-02-26 14:40:00,2026-02-27 09:15:00,BULL_PUT,25513.0,25500,25000,115.4,17.35,160.15,17.7,98.05000000000001,142.45000000000002,-44.400000000000006,-8658.000000000002,146.857301078,-8804.857301078002,Reversal,2026-03-02,1,True,False,2712579,72287,79516,0,99501,2.7
2026-02-27 09:15:00,2026-03-02 09:25:00,BEAR_CALL,25395.4,25400,25900,111.3,7.5,3.7,1.25,103.8,2.45,101.35,19763.25,126.55836796249999,19636.6916320375,Target,2026-03-02,3,True,False,2703774,71954,79149,0,99042,2.7
2026-03-02 09:25:00,2026-03-02 09:30:00,BEAR_CALL,24889.4,24900,25400,286.5,83.0,317.6,91.2,203.5,226.40000000000003,-22.900000000000034,-4465.500000000006,234.20364752900002,-4699.703647529006,Reversal,2026-03-10,0,False,True,2723411,101632,111795,31112,97069,3.7
2026-03-02 09:30:00,2026-03-02 10:40:00,BULL_PUT,24974.55,24950,24450,253.0,112.75,279.0,114.35,140.25,164.65,-24.400000000000006,-4758.000000000001,230.559520133,-4988.559520133001,Reversal,2026-03-10,0,False,True,2718711,101979,112177,31218,97401,3.8
2026-03-02 10:40:00,2026-03-02 14:05:00,BEAR_CALL,24813.7,24800,25300,314.6,88.65,238.9,60.25,225.95000000000002,178.65,47.30000000000001,9223.500000000002,226.997921612,8996.502078388003,Reversal,2026-03-10,0,False,True,2713722,101323,111455,31017,96773,3.7
2026-03-02 14:05:00,2026-03-04 09:15:00,BULL_PUT,24746.5,24750,24250,279.2,124.95,477.8,224.7,154.25,253.10000000000002,-98.85000000000002,-19275.750000000004,286.91487828950005,-19562.664878289503,Reversal,2026-03-10,2,True,True,2722719,101048,111153,30933,96511,3.7
2026-03-04 09:15:00,2026-03-04 14:05:00,BEAR_CALL,24385.1,24400,24900,286.15,88.75,343.35,111.65,197.39999999999998,231.70000000000002,-34.30000000000004,-6688.500000000008,242.53782943700003,-6931.037829437008,Reversal,2026-03-10,0,False,False,2703156,69091,76000,0,95102,2.6
2026-03-04 14:05:00,2026-03-04 15:15:00,BULL_PUT,24494.6,24500,24000,322.1,168.05,325.55,170.05,154.05,155.5,-1.4499999999999886,-282.7499999999978,274.0731590225,-556.8231590224977,Reversal,2026-03-10,0,False,False,2696225,69401,76342,0,95529,2.6
2026-03-04 15:15:00,2026-03-05 09:20:00,BEAR_CALL,24456.9,24450,24950,327.5,103.45,327.2,91.85,224.05,235.35,-11.299999999999983,-2203.499999999997,248.37948800000004,-2451.879487999997,Reversal,2026-03-10,1,True,False,2695668,69295,76224,0,95382,2.6
2026-03-05 09:20:00,2026-03-06 09:15:00,BULL_PUT,24607.2,24600,24100,259.1,106.75,220.15,73.3,152.35000000000002,146.85000000000002,5.5,1072.5,215.18283155900002,857.3171684409999,Reversal,2026-03-10,1,True,False,2693216,69720,76692,0,95968,2.6
2026-03-06 09:15:00,2026-03-09 11:25:00,BEAR_CALL,24594.4,24600,25100,212.4,39.85,17.15,5.1,172.55,12.049999999999999,160.5,31297.5,159.650730935,31137.849269065,Reversal,2026-03-10,3,True,False,2694074,69684,76653,0,95918,2.6
2026-03-09 11:25:00,2026-03-10 10:40:00,BULL_PUT,23877.25,23900,23400,216.0,70.15,7.15,1.05,145.85,6.1000000000000005,139.75,27251.25,161.3091308405,27089.9408691595,Target,2026-03-10,1,True,False,2725212,67652,74417,0,93121,2.5
2026-03-10 10:40:00,2026-03-11 09:50:00,BULL_PUT,24217.05,24200,23700,288.45,134.75,245.3,101.0,153.7,144.3,9.399999999999977,1832.9999999999955,235.65321528500002,1597.3467847149955,Reversal,2026-03-17,1,True,True,2752302,98886,108775,30271,94446,3.6
2026-03-11 09:50:00,2026-03-12 10:35:00,BEAR_CALL,24148.55,24150,24650,296.55,82.45,97.75,25.6,214.10000000000002,72.15,141.95000000000002,27680.250000000004,199.45839888050003,27480.791601119505,Reversal,2026-03-17,1,True,False,2753899,68421,75263,0,94179,2.5
2026-03-12 10:35:00,2026-03-12 14:40:00,BULL_PUT,23712.95,23700,23200,274.15,115.55,231.35,87.65,158.59999999999997,143.7,14.899999999999977,2905.4999999999955,225.082872281,2680.4171277189953,Reversal,2026-03-17,0,False,False,2781380,67187,73905,0,92481,2.4
