entry_time,exit_time,type,entry_spot,sell_strike,buy_strike,sell_entry,buy_entry,sell_exit,buy_exit,net_credit,exit_spread,pnl_per_unit,gross_pnl,charges,total_pnl,exit_reason,expiry,days_held,overnight,is_next_expiry,equity_at_entry,margin_at_entry,margin_req,elm_component,elm_raw,margin_util_pct
2024-10-01 09:15:00,2024-10-01 10:00:00,BULL_PUT,25897.35,25900,25400,105.0,9.4,114.85,8.85,95.6,106.0,-10.400000000000006,-2028.0000000000011,136.848152903,-2164.848152903001,Reversal,2024-10-03,0,False,False,300000,73376,80713,0,101000,24.5
2024-10-01 10:00:00,2024-10-01 11:45:00,BEAR_CALL,25829.3,25850,26350,100.4,5.25,87.9,4.25,95.15,83.65,11.5,2242.5,131.56823731400002,2110.931762686,Reversal,2024-10-03,0,False,False,297835,73183,80501,0,100734,24.6
2024-10-01 11:45:00,2024-10-01 12:40:00,BULL_PUT,25809.9,25800,25300,69.55,4.9,95.2,6.95,64.64999999999999,88.25,-23.60000000000001,-4602.000000000002,124.38157065799999,-4726.381570658002,Reversal,2024-10-03,0,False,False,299946,73128,80441,0,100659,24.4
2024-10-01 12:40:00,2024-10-01 13:25:00,BEAR_CALL,25771.1,25750,26250,116.7,6.05,133.15,6.65,110.65,126.5,-15.849999999999994,-3090.749999999999,140.79263460650003,-3231.542634606499,Reversal,2024-10-03,0,False,False,295220,73018,80320,0,100507,24.7
2024-10-01 13:25:00,2024-10-01 14:40:00,BULL_PUT,25813.55,25800,25300,76.0,4.75,85.65,3.7,71.25,81.95,-10.700000000000003,-2086.5000000000005,124.415925563,-2210.9159255630007,Reversal,2024-10-03,0,False,False,291988,73138,80452,0,100673,25.0
2024-10-01 14:40:00,2024-10-01 15:00:00,BEAR_CALL,25757.6,25750,26250,101.55,3.25,114.65,3.1,98.3,111.55000000000001,-13.250000000000014,-2583.7500000000027,133.74214440650002,-2717.4921444065026,Reversal,2024-10-03,0,False,False,289777,72980,80278,0,100455,25.2
2024-10-01 15:00:00,2024-10-03 09:15:00,BULL_PUT,25817.05,25800,25300,64.8,2.75,253.8,25.4,62.05,228.4,-166.35000000000002,-32438.250000000004,141.9179879525,-32580.167987952504,Reversal,2024-10-03,2,True,False,287060,73148,80463,0,100686,25.5
2024-10-03 09:15:00,2024-10-03 09:25:00,BEAR_CALL,25530.45,25550,26050,227.9,34.54,215.05,32.45,193.36,182.60000000000002,10.759999999999991,2098.199999999998,188.4355937222,1909.7644062777981,Reversal,2024-10-10,0,False,True,254480,104249,114674,31913,99569,41.0
2024-10-03 09:25:00,2024-10-03 10:00:00,BULL_PUT,25588.15,25600,25100,165.65,44.2,153.35,37.9,121.45,115.44999999999999,6.000000000000014,1170.0000000000027,168.131952593,1001.8680474070027,Reversal,2024-10-10,0,False,True,256389,104485,114933,31985,99794,40.8
2024-10-03 10:00:00,2024-10-04 09:30:00,BEAR_CALL,25558.6,25550,26050,218.25,32.6,56.95,8.1,185.65,48.85,136.8,26676.000000000004,164.96106211699998,26511.038937883004,Reversal,2024-10-10,1,True,True,257391,104364,114801,31948,99679,40.5
2024-10-04 09:30:00,2024-10-04 10:15:00,BULL_PUT,25198.75,25200,24700,185.0,67.3,161.5,53.9,117.7,107.6,10.100000000000009,1969.5000000000016,180.668191451,1788.8318085490016,Reversal,2024-10-10,0,False,False,283902,71396,78536,0,98275,25.1
2024-10-04 10:15:00,2024-10-04 10:30:00,BEAR_CALL,25176.05,25200,25700,219.8,32.2,211.4,31.6,187.60000000000002,179.8,7.800000000000011,1521.0000000000023,185.43045185000003,1335.5695481500022,Reversal,2024-10-10,0,False,False,285691,71332,78465,0,98187,25.0
2024-10-04 10:30:00,2024-10-04 11:30:00,BULL_PUT,25258.35,25250,24750,184.0,58.0,148.44,46.1,126.0,102.34,23.659999999999997,4613.699999999999,176.2667443802,4437.433255619799,Reversal,2024-10-10,0,False,False,287027,71565,78722,0,98508,24.9
2024-10-04 11:30:00,2024-10-04 11:50:00,BEAR_CALL,25281.1,25300,25800,213.1,34.7,244.9,41.6,178.39999999999998,203.3,-24.900000000000034,-4855.500000000006,189.50654780899998,-5045.006547809006,Reversal,2024-10-10,0,False,False,291464,71630,78793,0,98596,24.6
2024-10-04 11:50:00,2024-10-04 12:30:00,BULL_PUT,25365.5,25350,24850,167.95,53.65,141.0,46.9,114.29999999999998,94.1,20.19999999999999,3938.9999999999977,171.00715848499996,3767.992841514998,Reversal,2024-10-10,0,False,False,286419,71869,79056,0,98925,25.1
2024-10-04 12:30:00,2024-10-07 09:15:00,BEAR_CALL,25392.6,25400,25900,227.2,37.29,65.2,10.45,189.91,54.75,135.16,26356.2,169.22756854820003,26186.9724314518,Reversal,2024-10-10,3,True,False,290187,71946,79140,0,99031,24.8
2024-10-07 09:15:00,2024-10-07 09:45:00,BULL_PUT,25101.0,25100,24600,143.0,29.7,162.69,40.5,113.3,122.19,-8.89,-1733.5500000000002,162.12518407070002,-1895.6751840707002,Reversal,2024-10-10,0,False,False,316374,71120,78231,0,97894,22.5
2024-10-07 09:45:00,2024-10-07 11:20:00,BEAR_CALL,25038.0,25050,25550,205.8,29.65,133.05,21.4,176.15,111.65,64.5,12577.5,171.621602237,12405.878397763,Reversal,2024-10-10,0,False,False,314478,70941,78035,0,97648,22.6
2024-10-07 11:20:00,2024-10-07 11:50:00,BULL_PUT,24956.15,24950,24450,188.5,52.7,167.3,49.55,135.8,117.75000000000001,18.049999999999997,3519.7499999999995,179.6598097715,3340.0901902284995,Reversal,2024-10-10,0,False,False,326884,70709,77780,0,97329,21.6
2024-10-07 11:50:00,2024-10-07 14:05:00,BEAR_CALL,24900.05,24900,25400,240.8,41.75,156.69,28.55,199.05,128.14,70.91000000000003,13827.450000000004,186.43571406770005,13641.014285932304,Reversal,2024-10-10,0,False,False,330224,70550,77605,0,97110,21.4
2024-10-07 14:05:00,2024-10-07 14:25:00,BULL_PUT,24819.3,24800,24300,185.75,51.05,204.4,55.85,134.7,148.55,-13.850000000000023,-2700.7500000000045,183.7568428415,-2884.5068428415047,Reversal,2024-10-10,0,False,False,343865,70321,77353,0,96795,20.5
2024-10-07 14:25:00,2024-10-07 14:40:00,BEAR_CALL,24721.9,24700,25200,235.0,47.75,223.65,44.25,187.25,179.4,7.849999999999994,1530.7499999999989,195.5862765095,1335.1637234904988,Reversal,2024-10-10,0,False,False,340981,70045,77050,0,96415,20.5
2024-10-07 14:40:00,2024-10-07 14:55:00,BULL_PUT,24816.65,24800,24300,214.9,59.0,159.3,40.4,155.9,118.9,37.0,7215.0,184.288475768,7030.711524232,Reversal,2024-10-10,0,False,False,342316,70314,77345,0,96785,20.5
2024-10-07 14:55:00,2024-10-08 09:45:00,BEAR_CALL,24799.7,24800,25300,208.6,35.95,203.2,27.3,172.64999999999998,175.89999999999998,-3.25,-633.75,180.74632598149998,-814.4963259814999,Reversal,2024-10-10,1,True,False,349347,70266,77292,0,96719,20.1
2024-10-08 09:45:00,2024-10-08 14:50:00,BULL_PUT,24879.2,24900,24400,194.85,47.65,121.75,23.35,147.2,98.4,48.79999999999998,9515.999999999996,169.717232588,9346.282767411996,Reversal,2024-10-10,0,False,False,348532,70491,77540,0,97029,20.2
2024-10-08 14:50:00,2024-10-08 15:20:00,BEAR_CALL,24939.45,24950,25450,124.85,9.8,153.0,12.5,115.05,140.5,-25.450000000000003,-4962.750000000001,146.7433166945,-5109.493316694501,Reversal,2024-10-10,0,False,False,357879,70662,77728,0,97264,19.7
2024-10-08 15:20:00,2024-10-09 11:50:00,BULL_PUT,25029.15,25050,24550,164.9,28.85,62.9,6.05,136.05,56.85,79.20000000000002,15444.000000000004,149.80934980100002,15294.190650199003,Reversal,2024-10-10,1,True,False,352769,70916,78008,0,97614,20.1
2024-10-09 11:50:00,2024-10-10 09:15:00,BEAR_CALL,25135.55,25150,25650,92.85,4.25,38.2,0.75,88.6,37.45,51.14999999999999,9974.249999999998,124.05434141149999,9850.195658588498,Reversal,2024-10-10,1,True,False,368063,71217,78339,0,98029,19.3
2024-10-10 09:15:00,2024-10-10 09:50:00,BULL_PUT,25055.35,25050,24550,166.6,42.4,180.0,43.3,124.19999999999999,136.7,-12.5,-2437.5,172.073495549,-2609.573495549,Reversal,2024-10-17,0,False,True,377913,102309,112540,31319,97716,27.1
2024-10-10 09:50:00,2024-10-10 09:55:00,BEAR_CALL,25002.3,25000,25500,215.6,38.9,231.15,41.9,176.7,189.25,-12.550000000000011,-2447.2500000000023,189.44328405649998,-2636.6932840565023,Reversal,2024-10-17,0,False,True,375304,102093,112302,31253,97509,27.2
2024-10-10 09:55:00,2024-10-10 10:45:00,BULL_PUT,25080.65,25100,24600,185.25,43.75,168.75,37.0,141.5,131.75,9.75,1901.25,174.6246928925,1726.6253071075,Reversal,2024-10-17,0,False,True,372667,102413,112654,31351,97815,27.5
2024-10-10 10:45:00,2024-10-11 10:05:00,BEAR_CALL,25049.85,25050,25550,208.0,33.29,146.35,15.1,174.71,131.25,43.46000000000001,8474.7,171.9738838862,8302.726116113801,Reversal,2024-10-17,1,True,True,374394,102287,112516,31312,97694,27.3
2024-10-11 10:05:00,2024-10-11 10:55:00,BULL_PUT,25019.95,25000,24500,137.15,25.5,154.0,28.95,111.65,125.05,-13.399999999999991,-2612.999999999998,156.173463128,-2769.1734631279983,Reversal,2024-10-17,0,False,False,382696,70890,77979,0,97578,18.5
2024-10-11 10:55:00,2024-10-14 09:15:00,BEAR_CALL,24951.45,24950,25450,178.3,19.1,177.9,15.45,159.20000000000002,162.45000000000002,-3.25,-633.75,165.3691941725,-799.1191941725,Reversal,2024-10-17,3,True,False,379927,70696,77765,0,97311,18.6
2024-10-14 09:15:00,2024-10-14 11:00:00,BULL_PUT,25055.95,25050,24550,142.25,18.89,92.85,10.65,123.36,82.19999999999999,41.16000000000001,8026.200000000003,146.56559148320002,7879.634408516802,Reversal,2024-10-17,0,False,False,379128,70992,78091,0,97718,18.7
2024-10-14 11:00:00,2024-10-14 11:35:00,BEAR_CALL,25075.4,25100,25600,126.8,6.2,136.6,7.5,120.6,129.1,-8.5,-1657.5,144.141820973,-1801.641820973,Reversal,2024-10-17,0,False,False,387008,71047,78152,0,97794,18.4
2024-10-14 11:35:00,2024-10-14 12:55:00,BULL_PUT,25130.9,25150,24650,128.15,14.0,121.0,13.45,114.15,107.55,6.6000000000000085,1287.0000000000016,145.47869865799998,1141.5213013420016,Reversal,2024-10-17,0,False,False,385206,71204,78325,0,98011,18.5
2024-10-14 12:55:00,2024-10-15 09:15:00,BEAR_CALL,25108.75,25100,25600,137.0,6.6,156.19,6.9,130.4,149.29,-18.889999999999986,-3683.5499999999975,148.55668767470002,-3832.1066876746972,Reversal,2024-10-17,1,True,False,386348,71141,78256,0,97924,18.4
2024-10-15 09:15:00,2024-10-15 09:45:00,BULL_PUT,25198.5,25200,24700,107.9,7.6,118.9,7.75,100.30000000000001,111.15,-10.849999999999994,-2115.749999999999,137.54435315450002,-2253.2943531544993,Reversal,2024-10-17,0,False,False,382516,71396,78535,0,98274,18.7
2024-10-15 09:45:00,2024-10-15 10:35:00,BEAR_CALL,25118.7,25100,25600,136.85,5.15,81.09,4.34,131.7,76.75,54.94999999999999,10715.249999999998,141.0823184009,10574.167681599098,Reversal,2024-10-17,0,False,False,380262,71170,78287,0,97963,18.7
2024-10-15 10:35:00,2024-10-15 13:00:00,BULL_PUT,25081.3,25100,24600,146.6,11.75,142.4,9.15,134.85,133.25,1.5999999999999943,311.99999999999886,151.080064337,160.91993566299885,Reversal,2024-10-17,0,False,False,390836,71064,78170,0,97817,18.2
2024-10-15 13:00:00,2024-10-15 13:40:00,BEAR_CALL,25033.15,25050,25550,92.7,4.09,93.9,3.9,88.61,90.0,-1.3900000000000006,-271.0500000000001,129.7636306517,-400.8136306517001,Reversal,2024-10-17,0,False,False,390997,70927,78020,0,97629,18.1
2024-10-15 13:40:00,2024-10-16 09:15:00,BULL_PUT,25064.05,25050,24550,103.35,5.55,117.0,4.45,97.8,112.55,-14.75,-2876.25,135.02307702049998,-3011.2730770205,Reversal,2024-10-17,1,True,False,390597,71015,78116,0,97750,18.2
2024-10-16 09:15:00,2024-10-16 09:35:00,BEAR_CALL,25017.1,25000,25500,84.0,3.0,113.65,3.55,81.0,110.10000000000001,-29.10000000000001,-5674.500000000002,128.89591394599998,-5803.395913946002,Reversal,2024-10-17,0,False,False,387585,70882,77970,0,97567,18.3
2024-10-16 09:35:00,2024-10-16 10:25:00,BULL_PUT,25068.5,25050,24550,84.1,2.95,77.55,3.35,81.14999999999999,74.2,6.949999999999989,1355.2499999999977,125.6929936085,1229.5570063914977,Reversal,2024-10-17,0,False,False,381782,71027,78130,0,97767,18.6
2024-10-16 10:25:00,2024-10-16 13:05:00,BEAR_CALL,25039.4,25050,25550,86.05,2.35,45.05,2.35,83.7,42.699999999999996,41.00000000000001,7995.000000000002,123.048802754,7871.951197246002,Reversal,2024-10-17,0,False,False,383011,70945,78039,0,97654,18.5
2024-10-16 13:05:00,2024-10-16 14:45:00,BULL_PUT,24970.0,24950,24450,67.59,2.6,36.79,1.55,64.99000000000001,35.24,29.750000000000007,5801.250000000002,117.01052339389999,5684.239476606102,Reversal,2024-10-17,0,False,False,390883,70748,77823,0,97383,18.1
2024-10-16 14:45:00,2024-10-17 11:00:00,BEAR_CALL,24995.6,25000,25500,88.35,1.75,4.9,0.7,86.6,4.2,82.39999999999999,16067.999999999998,119.649581591,15948.350418408998,Target,2024-10-17,1,True,False,396568,70821,77903,0,97483,17.9
2024-10-17 11:00:00,2024-10-18 09:30:00,BEAR_CALL,24824.45,24800,25300,190.15,24.6,99.7,11.65,165.55,88.05,77.50000000000001,15112.500000000004,161.213342843,14951.286657157003,Reversal,2024-10-24,1,True,True,412516,101367,111503,31031,96815,24.6
2024-10-18 09:30:00,2024-10-18 09:50:00,BULL_PUT,24637.8,24650,24150,170.0,41.1,131.0,27.9,128.9,103.1,25.80000000000001,5031.000000000002,164.33159809999998,4866.668401900002,Reversal,2024-10-24,0,False,False,427467,69807,76788,0,96087,16.3
2024-10-18 09:50:00,2024-10-18 10:25:00,BEAR_CALL,24631.6,24650,25150,202.0,25.15,193.8,22.4,176.85,171.4,5.449999999999989,1062.7499999999977,175.78674321050002,886.9632567894977,Reversal,2024-10-24,0,False,False,432334,69790,76768,0,96063,16.1
2024-10-18 10:25:00,2024-10-21 09:25:00,BULL_PUT,24694.35,24700,24200,147.6,29.5,55.9,7.5,118.1,48.4,69.69999999999999,13591.499999999998,144.86139351500003,13446.638606484998,Reversal,2024-10-24,3,True,False,433221,69967,76964,0,96308,16.2
2024-10-21 09:25:00,2024-10-21 10:00:00,BEAR_CALL,24892.75,24900,25400,128.44,7.9,68.2,4.9,120.53999999999999,63.300000000000004,57.23999999999999,11161.799999999997,138.0173459072,11023.782654092798,Reversal,2024-10-24,0,False,False,446668,70529,77582,0,97082,15.8
2024-10-21 10:00:00,2024-10-21 11:30:00,BULL_PUT,24808.35,24800,24300,169.7,25.05,138.9,17.5,144.64999999999998,121.4,23.24999999999997,4533.7499999999945,160.65201032449997,4373.097989675494,Reversal,2024-10-24,0,False,False,457691,70290,77319,0,96753,15.4
2024-10-21 11:30:00,2024-10-21 13:15:00,BEAR_CALL,24753.0,24750,25250,133.4,9.25,110.0,8.1,124.15,101.9,22.25,4338.75,144.0676047725,4194.6823952275,Reversal,2024-10-24,0,False,False,462064,70134,77147,0,96537,15.2
2024-10-21 13:15:00,2024-10-21 14:55:00,BULL_PUT,24804.2,24800,24300,165.1,19.7,115.5,13.5,145.4,102.0,43.400000000000006,8463.000000000002,155.744696894,8307.255303106002,Reversal,2024-10-24,0,False,False,466259,70279,77306,0,96736,15.1
2024-10-21 14:55:00,2024-10-22 09:15:00,BEAR_CALL,24803.6,24800,25300,122.0,6.4,94.25,4.55,115.6,89.7,25.89999999999999,5050.499999999998,138.29296043600002,4912.2070395639985,Reversal,2024-10-24,1,True,False,474566,70277,77305,0,96734,14.8
2024-10-22 09:15:00,2024-10-22 10:10:00,BULL_PUT,24832.4,24850,24350,163.6,17.6,122.0,10.45,146.0,111.55,34.45,6717.750000000001,154.8708891995,6562.879110800501,Reversal,2024-10-24,0,False,False,479479,70358,77394,0,96846,14.7
2024-10-22 10:10:00,2024-10-22 11:00:00,BEAR_CALL,24757.85,24750,25250,145.6,6.7,107.8,4.84,138.9,102.96,35.94000000000001,7008.300000000002,146.12663287220002,6862.173367127802,Reversal,2024-10-24,0,False,False,486041,70147,77162,0,96556,14.4
2024-10-22 11:00:00,2024-10-22 11:40:00,BULL_PUT,24723.8,24700,24200,93.55,8.65,138.75,14.2,84.89999999999999,124.55,-39.650000000000006,-7731.750000000001,137.1919183445,-7868.941918344501,Reversal,2024-10-24,0,False,False,492904,70051,77056,0,96423,14.2
2024-10-22 11:40:00,2024-10-23 09:15:00,BEAR_CALL,24644.15,24650,25150,129.0,7.75,48.05,3.65,121.25,44.4,76.85,14985.749999999998,136.0431835235,14849.706816476499,Reversal,2024-10-24,1,True,False,485035,69825,76808,0,96112,14.4
2024-10-23 09:15:00,2024-10-23 09:35:00,BULL_PUT,24511.95,24500,24000,127.05,12.35,119.0,12.15,114.7,106.85,7.8500000000000085,1530.7500000000016,144.4933391465,1386.2566608535017,Reversal,2024-10-24,0,False,False,499884,69451,76396,0,95597,13.9
2024-10-23 09:35:00,2024-10-23 09:45:00,BEAR_CALL,24411.15,24400,24900,172.35,11.1,148.0,9.35,161.25,138.65,22.599999999999994,4406.999999999999,158.702596904,4248.2974030959995,Reversal,2024-10-24,0,False,False,501271,69165,76081,0,95203,13.8
2024-10-23 09:45:00,2024-10-23 14:00:00,BULL_PUT,24496.75,24500,24000,151.1,17.64,72.3,4.05,133.45999999999998,68.25,65.20999999999998,12715.949999999995,145.2740119667,12570.675988033296,Reversal,2024-10-24,0,False,False,505519,69407,76348,0,95537,13.7
2024-10-23 14:00:00,2024-10-24 10:05:00,BEAR_CALL,24523.35,24500,25000,96.2,2.35,16.75,0.8,93.85000000000001,15.95,77.9,15190.500000000002,122.945150543,15067.554849457001,Reversal,2024-10-24,1,True,False,518090,69483,76431,0,95641,13.4
2024-10-24 10:05:00,2024-10-24 14:20:00,BULL_PUT,24443.65,24450,23950,163.4,36.85,169.7,35.45,126.55000000000001,134.25,-7.699999999999989,-1501.4999999999977,167.620636502,-1669.1206365019978,Reversal,2024-10-31,0,False,True,533157,99812,109793,30555,95330,18.7
2024-10-24 14:20:00,2024-10-25 09:25:00,BEAR_CALL,24369.1,24350,24850,200.2,25.55,195.5,24.45,174.64999999999998,171.05,3.599999999999966,701.9999999999934,176.040442091,525.9595579089935,Reversal,2024-10-31,1,True,True,531488,99507,109458,30461,95039,18.7
2024-10-25 09:25:00,2024-10-25 09:35:00,BULL_PUT,24433.35,24450,23950,170.4,34.04,177.9,35.45,136.36,142.45,-6.089999999999975,-1187.5499999999952,170.0329575677,-1357.5829575676953,Reversal,2024-10-31,0,False,False,532014,69228,76151,0,95290,13.0
2024-10-25 09:35:00,2024-10-25 11:15:00,BEAR_CALL,24328.4,24350,24850,182.6,21.1,91.75,11.65,161.5,80.1,81.4,15873.000000000002,158.11640237299997,15714.883597627002,Reversal,2024-10-31,0,False,False,530656,68930,75824,0,94881,13.0
2024-10-25 11:15:00,2024-10-25 11:30:00,BULL_PUT,24197.65,24200,23700,180.9,42.5,196.5,46.05,138.4,150.45,-12.049999999999983,-2349.749999999997,178.2541383485,-2528.004138348497,Reversal,2024-10-31,0,False,False,546371,68560,75416,0,94371,12.5
2024-10-25 11:30:00,2024-10-25 14:50:00,BEAR_CALL,24132.65,24150,24650,167.85,22.4,150.55,16.55,145.45,134.0,11.449999999999989,2232.7499999999977,160.66696503049997,2072.083034969498,Reversal,2024-10-31,0,False,False,543843,68376,75213,0,94117,12.6
2024-10-25 14:50:00,2024-10-28 09:30:00,BULL_PUT,24135.4,24150,23650,158.69,31.1,124.6,23.5,127.59,101.1,26.49000000000001,5165.550000000002,158.5396816307,5007.010318369302,Reversal,2024-10-31,3,True,False,545915,68384,75222,0,94128,12.5
2024-10-28 09:30:00,2024-10-28 09:50:00,BEAR_CALL,24202.25,24200,24700,152.0,12.25,135.85,9.4,139.75,126.44999999999999,13.300000000000011,2593.5000000000023,152.11362798500002,2441.386372015002,Reversal,2024-10-31,0,False,False,550922,68573,75430,0,94389,12.4
2024-10-28 09:50:00,2024-10-28 12:45:00,BULL_PUT,24257.1,24250,23750,172.65,31.3,57.9,9.69,141.35,48.21,93.13999999999999,18162.299999999996,152.74022643019998,18009.559773569796,Reversal,2024-10-31,0,False,False,553364,68728,75601,0,94603,12.4
2024-10-28 12:45:00,2024-10-29 11:35:00,BEAR_CALL,24425.65,24450,24950,112.35,5.95,30.5,2.29,106.39999999999999,28.21,78.19,15247.05,129.3550902467,15117.6949097533,Reversal,2024-10-31,1,True,False,571373,69206,76127,0,95260,12.1
2024-10-29 11:35:00,2024-10-29 13:35:00,BULL_PUT,24226.5,24250,23750,135.0,13.4,85.25,7.1,121.6,78.15,43.44999999999999,8472.749999999998,142.4244021725,8330.325597827497,Reversal,2024-10-31,0,False,False,586491,68642,75506,0,94483,11.7
2024-10-29 13:35:00,2024-10-29 14:00:00,BEAR_CALL,24275.3,24300,24800,106.25,3.95,130.85,4.59,102.3,126.25999999999999,-23.959999999999994,-4672.199999999999,136.9410845132,-4809.141084513199,Reversal,2024-10-31,0,False,False,594821,68780,75658,0,94674,11.6
2024-10-29 14:00:00,2024-10-30 09:15:00,BULL_PUT,24373.2,24350,23850,106.35,9.5,67.34,7.05,96.85,60.290000000000006,36.55999999999999,7129.199999999998,132.5592700112,6996.640729988798,Reversal,2024-10-31,1,True,False,590012,69057,75963,0,95055,11.7
2024-10-30 09:15:00,2024-10-30 10:50:00,BEAR_CALL,24365.2,24350,24850,130.44,3.75,146.1,4.2,126.69,141.9,-15.210000000000008,-2965.9500000000016,144.8552298887,-3110.8052298887014,Reversal,2024-10-31,0,False,False,597009,69035,75938,0,95024,11.6
2024-10-30 10:50:00,2024-10-30 13:15:00,BULL_PUT,24442.6,24450,23950,93.1,6.4,91.75,5.0,86.69999999999999,86.75,-0.05000000000001137,-9.750000000002217,130.1931611375,-139.94316113750222,Reversal,2024-10-31,0,False,False,593898,69254,76179,0,95326,11.7
2024-10-30 13:15:00,2024-10-31 11:15:00,BEAR_CALL,24401.0,24400,24900,95.45,2.1,4.9,0.8,93.35000000000001,4.1000000000000005,89.25000000000001,17403.750000000004,121.67461304749999,17282.075386952503,Target,2024-10-31,1,True,False,593758,69136,76050,0,95164,11.6
2024-10-31 11:15:00,2024-10-31 15:25:00,BEAR_CALL,24245.9,24250,24750,240.0,45.75,237.5,43.6,194.25,193.9,0.3499999999999943,68.24999999999889,197.8320000155,-129.5820000155011,Reversal,2024-11-07,0,False,True,611040,99004,108905,30307,94559,16.2
2024-10-31 15:25:00,2024-11-01 18:40:00,BULL_PUT,24238.5,24250,23750,202.0,65.15,193.25,54.25,136.85,139.0,-2.1500000000000057,-419.25000000000114,188.0737798295,-607.3237798295012,Reversal,2024-11-07,1,True,True,610911,98974,108871,30298,94530,16.2
2024-11-01 18:40:00,2024-11-04 11:55:00,BEAR_CALL,24305.4,24300,24800,193.95,28.15,55.0,6.05,165.79999999999998,48.95,116.84999999999998,22785.749999999996,157.1003754845,22628.649624515496,Reversal,2024-11-07,3,True,False,610303,68865,75752,0,94791,11.3
2024-11-04 11:55:00,2024-11-04 12:35:00,BULL_PUT,23887.45,23900,23400,239.0,69.09,222.4,61.7,169.91,160.7,9.210000000000008,1795.9500000000016,203.29219453970003,1592.6578054603017,Reversal,2024-11-07,0,False,False,632932,67681,74449,0,93161,10.7
2024-11-04 12:35:00,2024-11-04 13:55:00,BEAR_CALL,23882.45,23900,24400,198.8,37.0,193.75,35.85,161.8,157.9,3.9000000000000057,760.5000000000011,179.66228430200002,580.8377156980011,Reversal,2024-11-07,0,False,False,634525,67667,74434,0,93142,10.7
2024-11-04 13:55:00,2024-11-05 09:45:00,BULL_PUT,23914.5,23900,23400,220.0,60.4,162.9,40.6,159.6,122.30000000000001,37.29999999999998,7273.499999999996,186.195667457,7087.304332542996,Reversal,2024-11-07,1,True,False,635105,67758,74534,0,93267,10.7
2024-11-05 09:45:00,2024-11-05 10:25:00,BEAR_CALL,23938.65,23950,24450,195.1,25.4,199.85,27.0,169.7,172.85,-3.1500000000000057,-614.2500000000011,175.7030367305,-789.9530367305011,Reversal,2024-11-07,0,False,False,642193,67826,74609,0,93361,10.6
2024-11-05 10:25:00,2024-11-05 11:25:00,BULL_PUT,24022.9,24000,23500,186.8,42.4,209.4,50.6,144.4,158.8,-14.400000000000006,-2808.000000000001,182.272910996,-2990.272910996001,Reversal,2024-11-07,0,False,False,641403,68065,74871,0,93689,10.6
2024-11-05 11:25:00,2024-11-05 12:45:00,BEAR_CALL,23931.5,23950,24450,185.7,25.75,171.9,22.9,159.95,149.0,10.949999999999989,2135.2499999999977,169.5395084375,1965.7104915624977,Reversal,2024-11-07,0,False,False,638413,67806,74587,0,93333,10.6
2024-11-05 12:45:00,2024-11-06 10:25:00,BULL_PUT,23930.5,23950,23450,199.55,46.1,13.15,4.5,153.45000000000002,8.65,144.8,28236.000000000004,156.122915579,28079.877084421005,Reversal,2024-11-07,1,True,False,640378,67803,74583,0,93329,10.6
2024-11-06 10:25:00,2024-11-06 11:10:00,BEAR_CALL,24324.8,24300,24800,142.35,8.4,131.6,7.6,133.95,124.0,9.949999999999989,1940.2499999999977,148.2306934685,1792.0193065314977,Reversal,2024-11-07,0,False,False,668458,68920,75812,0,94867,10.3
2024-11-06 11:10:00,2024-11-06 14:45:00,BULL_PUT,24369.05,24350,23850,107.95,10.6,41.3,4.2,97.35000000000001,37.099999999999994,60.250000000000014,11748.750000000004,130.0224435515,11618.727556448504,Reversal,2024-11-07,0,False,False,670250,69046,75950,0,95039,10.3
2024-11-06 14:45:00,2024-11-07 10:30:00,BEAR_CALL,24462.55,24450,24950,88.3,3.3,4.7,0.7,85.0,4.0,81.0,15795.0,119.75430911000002,15675.24569089,Target,2024-11-07,1,True,False,681869,69311,76242,0,95404,10.2
2024-11-07 10:30:00,2024-11-07 10:55:00,BEAR_CALL,24187.15,24200,24700,194.25,32.35,222.8,40.35,161.9,182.45000000000002,-20.55000000000001,-4007.2500000000023,181.79160004250002,-4189.041600042502,Reversal,2024-11-14,0,False,True,697544,98764,108641,30234,94330,14.2
2024-11-07 10:55:00,2024-11-07 13:40:00,BULL_PUT,24252.7,24250,23750,166.05,38.1,181.65,39.4,127.95000000000002,142.25,-14.299999999999983,-2788.499999999997,170.608152176,-2959.108152175997,Reversal,2024-11-14,0,False,True,693355,99032,108935,30316,94586,14.3
2024-11-07 13:40:00,2024-11-08 09:25:00,BEAR_CALL,24181.3,24200,24700,193.65,29.7,160.0,19.7,163.95000000000002,140.3,23.650000000000006,4611.750000000001,170.1569001215,4441.593099878501,Reversal,2024-11-14,1,True,True,690396,98740,108614,30227,94307,14.3
2024-11-08 09:25:00,2024-11-08 09:50:00,BULL_PUT,24170.5,24150,23650,176.35,41.65,130.3,28.2,134.7,102.10000000000001,32.59999999999998,6356.999999999996,166.160370695,6190.839629304996,Reversal,2024-11-14,0,False,False,694838,68483,75331,0,94265,9.9
2024-11-08 09:50:00,2024-11-08 13:10:00,BEAR_CALL,24176.55,24200,24700,211.05,33.35,140.5,14.5,177.70000000000002,126.0,51.70000000000002,10081.500000000004,172.143933722,9909.356066278004,Reversal,2024-11-14,0,False,False,701028,68500,75350,0,94289,9.8
2024-11-08 13:10:00,2024-11-08 15:25:00,BULL_PUT,24169.1,24150,23650,133.4,21.25,152.19,25.75,112.15,126.44,-14.289999999999992,-2786.5499999999984,153.71614209170002,-2940.2661420916984,Reversal,2024-11-14,0,False,False,710938,68479,75327,0,94259,9.6
2024-11-08 15:25:00,2024-11-11 09:25:00,BEAR_CALL,24110.35,24100,24600,174.35,17.7,130.0,10.3,156.65,119.7,36.95,7205.250000000001,158.5183867805,7046.731613219501,Reversal,2024-11-14,3,True,False,707997,68313,75144,0,94030,9.6
2024-11-11 09:25:00,2024-11-11 12:05:00,BULL_PUT,24099.15,24100,23600,147.0,19.14,56.95,6.95,127.86,50.0,77.86,15182.7,143.7251207852,15038.9748792148,Reversal,2024-11-14,0,False,False,715044,68281,75109,0,93987,9.5
2024-11-11 12:05:00,2024-11-11 14:30:00,BEAR_CALL,24257.45,24250,24750,136.75,7.15,73.34,4.4,129.6,68.94,60.66,11828.699999999999,140.5661898932,11688.1338101068,Reversal,2024-11-14,0,False,False,730083,68729,75602,0,94604,9.4
2024-11-11 14:30:00,2024-11-11 15:15:00,BULL_PUT,24174.0,24150,23650,126.6,11.05,106.15,8.15,115.55,98.0,17.549999999999997,3422.2499999999995,142.01789752850001,3280.2321024714997,Reversal,2024-11-14,0,False,False,741771,68493,75342,0,94279,9.2
2024-11-11 15:15:00,2024-11-12 09:15:00,BEAR_CALL,24130.0,24150,24650,127.55,7.4,153.19,8.69,120.14999999999999,144.5,-24.35000000000001,-4748.250000000002,146.24174922289998,-4894.4917492229015,Reversal,2024-11-14,1,True,False,745052,68368,75205,0,94107,9.2
2024-11-12 09:15:00,2024-11-12 09:35:00,BULL_PUT,24208.25,24200,23700,96.1,6.45,136.5,10.9,89.64999999999999,125.6,-35.95,-7010.250000000001,136.5933157685,-7146.843315768501,Reversal,2024-11-14,0,False,False,740157,68590,75449,0,94412,9.3
2024-11-12 09:35:00,2024-11-12 09:55:00,BEAR_CALL,24136.15,24150,24650,124.45,6.6,109.45,6.25,117.85000000000001,103.2,14.650000000000006,2856.750000000001,140.7950999525,2715.954900047501,Reversal,2024-11-14,0,False,False,733010,68386,75224,0,94131,9.3
2024-11-12 09:55:00,2024-11-12 10:35:00,BULL_PUT,24229.05,24250,23750,178.15,15.65,168.1,12.7,162.5,155.4,7.099999999999994,1384.4999999999989,163.40212989800003,1221.0978701019988,Reversal,2024-11-14,0,False,False,735726,68649,75514,0,94493,9.3
2024-11-12 10:35:00,2024-11-13 12:45:00,BEAR_CALL,24120.4,24100,24600,137.0,7.55,7.7,1.45,129.45,6.25,123.19999999999999,24023.999999999996,134.088000131,23889.911999868997,Target,2024-11-14,1,True,False,736947,68341,75175,0,94070,9.3
2024-11-13 12:45:00,2024-11-13 13:45:00,BEAR_CALL,23675.2,23700,24200,87.6,4.95,95.5,4.5,82.64999999999999,91.0,-8.350000000000009,-1628.2500000000016,128.7332730065,-1756.9832730065016,Reversal,2024-11-14,0,False,False,760837,67080,73788,0,92333,8.8
2024-11-13 13:45:00,2024-11-13 14:15:00,BULL_PUT,23707.6,23700,23200,88.55,3.45,113.25,4.09,85.1,109.16,-24.060000000000002,-4691.700000000001,130.3101574442,-4822.010157444201,Reversal,2024-11-14,0,False,False,759080,67172,73889,0,92460,8.8
2024-11-13 14:15:00,2024-11-13 15:20:00,BEAR_CALL,23643.55,23650,24150,91.0,4.25,63.8,2.85,86.75,60.949999999999996,25.800000000000004,5031.000000000001,126.37215409699999,4904.627845903001,Reversal,2024-11-14,0,False,False,754258,66990,73689,0,92210,8.9
2024-11-13 15:20:00,2024-11-14 10:35:00,BULL_PUT,23603.75,23600,23100,89.5,4.65,50.7,0.9,84.85,49.800000000000004,35.04999999999999,6834.749999999998,124.3010573225,6710.448942677498,Reversal,2024-11-14,1,True,False,759163,66877,73565,0,92055,8.8
2024-11-14 10:35:00,2024-11-18 10:00:00,BEAR_CALL,23573.2,23550,24050,208.2,27.0,75.65,4.84,181.2,70.81,110.38999999999999,21526.049999999996,162.42503034470002,21363.624969655295,Reversal,2024-11-21,4,True,True,765873,96257,105883,29467,91935,12.6
2024-11-18 10:00:00,2024-11-18 10:25:00,BULL_PUT,23471.35,23450,22950,155.0,20.0,133.44,16.85,135.0,116.59,18.409999999999997,3589.9499999999994,155.4771542927,3434.4728457072993,Reversal,2024-11-21,0,False,False,787237,66502,73152,0,91538,8.4
2024-11-18 10:25:00,2024-11-18 11:25:00,BEAR_CALL,23406.1,23400,23900,161.8,12.2,129.3,8.25,149.60000000000002,121.05000000000001,28.55000000000001,5567.250000000002,153.92983647650001,5413.320163523502,Reversal,2024-11-21,0,False,False,790671,66317,72949,0,91284,8.4
2024-11-18 11:25:00,2024-11-18 12:55:00,BULL_PUT,23426.35,23450,22950,161.5,19.75,100.3,11.35,141.75,88.95,52.8,10296.0,152.821340627,10143.178659373,Reversal,2024-11-21,0,False,False,796085,66375,73012,0,91363,8.3
2024-11-18 12:55:00,2024-11-19 09:15:00,BEAR_CALL,23480.35,23500,24000,132.0,6.6,128.9,4.4,125.4,124.5,0.9000000000000057,175.5000000000011,144.082295897,31.417704103001114,Reversal,2024-11-21,1,True,False,806228,66528,73180,0,91573,8.3
2024-11-19 09:15:00,2024-11-19 14:05:00,BULL_PUT,23590.05,23600,23100,130.85,10.35,42.05,3.15,120.5,38.9,81.6,15911.999999999998,136.11847503200002,15775.881524967997,Reversal,2024-11-21,0,False,False,806259,66838,73522,0,92001,8.3
2024-11-19 14:05:00,2024-11-21 09:45:00,BEAR_CALL,23716.55,23700,24200,108.0,1.95,3.35,0.75,106.05,2.6,103.45,20172.75,124.98760205149999,20047.7623979485,Target,2024-11-21,2,True,False,822035,67197,73917,0,92495,8.2
2024-11-21 09:45:00,2024-11-21 12:00:00,BEAR_CALL,23296.95,23300,23800,216.4,35.35,235.2,39.45,181.05,195.75,-14.699999999999989,-2866.4999999999977,189.03017673199997,-3055.530176731998,Reversal,2024-11-28,0,False,True,842083,95129,104642,29121,90858,11.3
2024-11-21 12:00:00,2024-11-22 09:35:00,BULL_PUT,23361.05,23350,22850,160.69,41.25,106.85,25.7,119.44,81.14999999999999,38.290000000000006,7466.550000000001,159.0354738887,7307.514526111301,Reversal,2024-11-28,1,True,True,839027,95391,104930,29201,91108,11.4
2024-11-22 09:35:00,2024-11-22 09:55:00,BEAR_CALL,23437.2,23450,23950,238.0,37.7,207.6,30.85,200.3,176.75,23.55000000000001,4592.250000000002,190.41315251449998,4401.8368474855015,Reversal,2024-11-28,0,False,False,846335,66405,73046,0,91405,7.8
2024-11-22 09:55:00,2024-11-22 10:40:00,BULL_PUT,23500.05,23500,23000,189.05,50.35,157.1,41.25,138.70000000000002,115.85,22.850000000000023,4455.750000000005,176.4108542825,4279.339145717505,Reversal,2024-11-28,0,False,False,850737,66583,73242,0,91650,7.8
2024-11-22 10:40:00,2024-11-22 11:35:00,BEAR_CALL,23523.3,23500,24000,232.25,38.15,216.25,34.9,194.1,181.35,12.75,2486.25,190.74157377649996,2295.5084262235,Reversal,2024-11-28,0,False,False,855016,66649,73314,0,91741,7.8
2024-11-22 11:35:00,2024-11-22 15:25:00,BULL_PUT,23565.55,23550,23050,195.1,53.05,94.75,28.7,142.05,66.05,76.00000000000001,14820.000000000004,169.37111850800002,14650.628881492004,Reversal,2024-11-28,0,False,False,857312,66769,73446,0,91906,7.8
2024-11-22 15:25:00,2024-11-25 09:15:00,BEAR_CALL,23873.5,23850,24350,208.7,32.45,490.8,150.4,176.25,340.4,-164.14999999999998,-32009.249999999996,239.82465078049998,-32249.074650780498,Reversal,2024-11-28,3,True,False,871962,67642,74406,0,93107,7.8
2024-11-25 09:15:00,2024-11-25 12:50:00,BULL_PUT,24288.6,24300,23800,172.9,35.5,154.05,27.25,137.4,126.80000000000001,10.599999999999994,2066.999999999999,166.48752781099998,1900.512472188999,Reversal,2024-11-28,0,False,False,839713,68818,75699,0,94726,8.2
2024-11-25 12:50:00,2024-11-25 13:25:00,BEAR_CALL,24209.8,24200,24700,188.8,22.1,159.1,15.35,166.70000000000002,143.75,22.950000000000017,4475.250000000004,166.8620471705,4308.387952829504,Reversal,2024-11-28,0,False,False,841614,68594,75454,0,94418,8.2
2024-11-25 13:25:00,2024-11-25 15:00:00,BULL_PUT,24217.6,24200,23700,140.15,29.85,118.4,23.35,110.30000000000001,95.05000000000001,15.25,2973.75,152.70847090249998,2821.0415290975,Reversal,2024-11-28,0,False,False,845922,68617,75478,0,94449,8.1
2024-11-25 15:00:00,2024-11-26 09:15:00,BEAR_CALL,24182.75,24200,24700,170.0,15.75,177.65,15.4,154.25,162.25,-8.0,-1560.0,162.740167844,-1722.740167844,Reversal,2024-11-28,1,True,False,848743,68518,75370,0,94313,8.1
2024-11-26 09:15:00,2024-11-26 09:45:00,BULL_PUT,24310.35,24300,23800,142.4,22.85,154.65,24.2,119.55000000000001,130.45000000000002,-10.900000000000006,-2125.500000000001,156.136286183,-2281.6362861830007,Reversal,2024-11-28,0,False,False,847020,68879,75767,0,94810,8.1
2024-11-26 09:45:00,2024-11-26 11:00:00,BEAR_CALL,24238.2,24250,24750,138.85,9.6,102.15,5.75,129.25,96.4,32.849999999999994,6405.749999999999,144.26749740050002,6261.482502599499,Reversal,2024-11-28,0,False,False,844739,68675,75542,0,94529,8.1
2024-11-26 11:00:00,2024-11-26 12:20:00,BULL_PUT,24237.8,24250,23750,141.3,18.45,170.8,24.3,122.85000000000001,146.5,-23.64999999999999,-4611.749999999998,156.8913584555,-4768.641358455498,Reversal,2024-11-28,0,False,False,851000,68674,75541,0,94527,8.1
2024-11-26 12:20:00,2024-11-26 14:00:00,BEAR_CALL,24146.15,24150,24650,128.1,8.0,145.35,6.95,120.1,138.4,-18.30000000000001,-3568.5000000000023,145.276214792,-3713.776214792002,Reversal,2024-11-28,0,False,False,846232,68414,75256,0,94170,8.1
2024-11-26 14:00:00,2024-11-27 09:25:00,BULL_PUT,24201.45,24200,23700,115.45,15.4,102.85,8.69,100.05,94.16,5.890000000000001,1148.5500000000002,139.17131696570002,1009.3786830343001,Reversal,2024-11-28,1,True,False,842518,68571,75428,0,94386,8.1
2024-11-27 09:25:00,2024-11-27 09:50:00,BEAR_CALL,24170.35,24150,24650,121.1,5.0,140.94,5.75,116.1,135.19,-19.090000000000003,-3722.5500000000006,142.3540862177,-3864.9040862177008,Reversal,2024-11-28,0,False,False,843527,68483,75331,0,94264,8.1
2024-11-27 09:50:00,2024-11-27 14:10:00,BULL_PUT,24222.65,24200,23700,79.0,6.55,36.54,3.6,72.45,32.94,39.510000000000005,7704.450000000001,121.0637246447,7583.3862753553,Reversal,2024-11-28,0,False,False,839662,68631,75494,0,94468,8.2
2024-11-27 14:10:00,2024-11-28 10:00:00,BEAR_CALL,24287.85,24300,24800,97.5,1.65,79.09,1.3,95.85,77.79,18.059999999999988,3521.6999999999975,128.8578494702,3392.8421505297974,Reversal,2024-11-28,1,True,False,847246,68816,75697,0,94723,8.1
2024-11-28 10:00:00,2024-11-28 10:30:00,BULL_PUT,24330.25,24350,23850,158.35,31.45,162.65,31.25,126.89999999999999,131.4,-4.500000000000014,-877.5000000000027,163.964987531,-1041.4649875310026,Reversal,2024-12-05,0,False,True,850638,99349,109283,30413,94888,11.7
2024-11-28 10:30:00,2024-11-28 11:45:00,BEAR_CALL,24225.8,24250,24750,231.7,36.65,135.3,21.45,195.04999999999998,113.85000000000001,81.19999999999997,15833.999999999995,179.621823713,15654.378176286995,Reversal,2024-12-05,0,False,True,849597,98922,108814,30282,94481,11.6
2024-11-28 11:45:00,2024-11-28 12:30:00,BULL_PUT,24107.2,24100,23600,174.1,41.15,166.35,38.1,132.95,128.25,4.699999999999989,916.4999999999977,171.401824211,745.0981757889978,Reversal,2024-12-05,0,False,True,865251,98438,108282,30134,94018,11.4
2024-11-28 12:30:00,2024-11-28 13:55:00,BEAR_CALL,24051.15,24050,24550,238.1,48.15,200.8,37.9,189.95,162.9,27.049999999999983,5274.749999999996,192.71418901849998,5082.035810981496,Reversal,2024-12-05,0,False,True,865997,98209,108030,30064,93799,11.3
2024-11-28 13:55:00,2024-11-28 14:10:00,BULL_PUT,24046.1,24050,23550,180.75,42.55,160.0,35.35,138.2,124.65,13.549999999999983,2642.249999999997,172.0472828495,2470.202717150497,Reversal,2024-12-05,0,False,True,871079,98188,108007,30058,93780,11.3
2024-11-28 14:10:00,2024-11-28 14:25:00,BEAR_CALL,23958.9,23950,24450,273.25,59.95,223.95,48.9,213.3,175.04999999999998,38.25000000000003,7458.7500000000055,208.56685001150004,7250.183149988506,Reversal,2024-12-05,0,False,True,873549,97832,107615,29949,93440,11.2
2024-11-28 14:25:00,2024-11-28 14:40:00,BULL_PUT,23974.1,23950,23450,159.25,33.75,164.4,35.65,125.5,128.75,-3.25,-633.75,165.7887363215,-799.5387363215,Reversal,2024-12-05,0,False,True,880799,97894,107684,29968,93499,11.1
2024-11-28 14:40:00,2024-11-28 15:25:00,BEAR_CALL,23923.45,23900,24400,248.95,54.85,267.1,53.2,194.1,213.90000000000003,-19.80000000000004,-3861.0000000000077,206.36926508300002,-4067.3692650830076,Reversal,2024-12-05,0,False,True,879999,97687,107456,29904,93301,11.1
2024-11-28 15:25:00,2024-11-29 10:10:00,BULL_PUT,23957.45,23950,23450,146.0,31.45,141.0,33.5,114.55,107.5,7.049999999999997,1374.7499999999995,159.26582302850002,1215.4841769714994,Reversal,2024-12-05,1,True,True,875932,97826,107609,29947,93434,11.2
2024-11-29 10:10:00,2024-11-29 10:30:00,BEAR_CALL,23969.0,23950,24450,263.3,52.35,269.85,53.65,210.95000000000002,216.20000000000002,-5.25,-1023.75,210.49059626450003,-1234.2405962645,Reversal,2024-12-05,0,False,False,877147,67912,74703,0,93479,7.7
2024-11-29 10:30:00,2024-12-02 09:15:00,BULL_PUT,24104.2,24100,23600,203.35,53.5,160.8,31.0,149.85,129.8,20.049999999999983,3909.749999999997,178.13430924950003,3731.615690750497,Reversal,2024-12-05,3,True,False,875913,68295,75125,0,94006,7.8
2024-12-02 09:15:00,2024-12-02 09:30:00,BEAR_CALL,24037.75,24050,24550,181.05,19.6,174.0,16.3,161.45000000000002,157.7,3.7500000000000284,731.2500000000056,166.0677010985,565.1822989015055,Reversal,2024-12-05,0,False,False,879645,68107,74918,0,93747,7.7
2024-12-02 09:30:00,2024-12-02 10:50:00,BULL_PUT,24087.65,24100,23600,155.65,27.15,136.3,23.9,128.5,112.4,16.099999999999994,3139.499999999999,158.48916059,2981.010839409999,Reversal,2024-12-05,0,False,False,880210,68248,75073,0,93942,7.8
2024-12-02 10:50:00,2024-12-02 12:25:00,BEAR_CALL,24112.65,24100,24600,189.5,19.39,211.35,23.1,170.11,188.25,-18.139999999999986,-3537.2999999999975,173.5538948642,-3710.8538948641976,Reversal,2024-12-05,0,False,False,883191,68319,75151,0,94039,7.7
2024-12-02 12:25:00,2024-12-04 11:55:00,BULL_PUT,24186.5,24200,23700,164.5,31.2,47.0,3.4,133.3,43.6,89.70000000000002,17491.500000000004,147.774387443,17343.725612557002,Reversal,2024-12-05,2,True,False,879480,68528,75381,0,94327,7.8
2024-12-04 11:55:00,2024-12-04 12:10:00,BEAR_CALL,24414.0,24400,24900,146.05,7.0,130.4,5.05,139.05,125.35000000000001,13.700000000000003,2671.5000000000005,148.320855755,2523.1791442450003,Reversal,2024-12-05,0,False,False,896824,69173,76090,0,95215,7.7
2024-12-04 12:10:00,2024-12-04 14:15:00,BULL_PUT,24449.7,24450,23950,144.8,16.89,82.25,7.55,127.91000000000001,74.7,53.21000000000001,10375.95,145.3065335987,10230.643466401301,Reversal,2024-12-05,0,False,False,899347,69274,76202,0,95354,7.7
2024-12-04 14:15:00,2024-12-05 09:15:00,BEAR_CALL,24473.95,24450,24950,151.15,4.15,131.69,3.6,147.0,128.09,18.909999999999997,3687.4499999999994,149.1948276317,3538.2551723682996,Reversal,2024-12-05,1,True,False,909578,69343,76277,0,95448,7.6
2024-12-05 09:15:00,2024-12-05 09:45:00,BULL_PUT,24496.75,24500,24000,216.55,67.15,245.35,84.5,149.4,160.85,-11.449999999999989,-2232.7499999999977,205.2345447365,-2437.984544736498,Reversal,2024-12-12,0,False,True,913116,100028,110031,30621,95537,11.0
2024-12-05 09:45:00,2024-12-05 12:00:00,BEAR_CALL,24420.5,24400,24900,297.89,78.4,259.5,72.75,219.48999999999998,186.75,32.73999999999998,6384.2999999999965,226.7409047402,6157.559095259797,Reversal,2024-12-12,0,False,True,910678,99717,109689,30526,95240,10.9
2024-12-05 12:00:00,2024-12-05 14:50:00,BULL_PUT,24402.25,24400,23900,264.7,96.0,104.95,34.65,168.7,70.30000000000001,98.39999999999998,19187.999999999996,194.965717889,18993.034282110995,Reversal,2024-12-12,0,False,True,916836,99643,109607,30503,95169,10.9
2024-12-05 14:50:00,2024-12-05 15:00:00,BEAR_CALL,24624.8,24600,25100,321.45,81.4,229.25,57.7,240.04999999999998,171.55,68.49999999999997,13357.499999999995,226.70455027400004,13130.795449725994,Reversal,2024-12-12,0,False,True,935829,100551,110606,30781,96037,10.7
2024-12-05 15:00:00,2024-12-06 10:05:00,BULL_PUT,24666.85,24650,24150,244.7,74.55,185.65,51.1,170.14999999999998,134.55,35.599999999999966,6941.999999999994,199.18662428,6742.813375719994,Reversal,2024-12-12,1,True,True,948959,100723,110795,30834,96201,10.6
2024-12-06 10:05:00,2024-12-06 10:25:00,BEAR_CALL,24643.3,24650,25150,266.1,67.3,248.4,58.4,198.8,190.0,8.800000000000011,1716.0000000000023,212.010905126,1503.9890948740021,Reversal,2024-12-12,0,False,False,955702,69823,76805,0,96109,7.3
2024-12-06 10:25:00,2024-12-06 14:30:00,BULL_PUT,24721.15,24700,24200,196.45,49.3,190.7,41.45,147.14999999999998,149.25,-2.1000000000000227,-409.50000000000443,181.37495467699998,-590.8749546770044,Reversal,2024-12-12,0,False,False,957206,70043,77048,0,96412,7.3
2024-12-06 14:30:00,2024-12-09 11:20:00,BEAR_CALL,24662.25,24650,25150,212.6,39.04,165.0,24.5,173.56,140.5,33.06,6446.700000000001,177.9948336782,6268.705166321801,Reversal,2024-12-12,3,True,False,956615,69876,76864,0,96183,7.3
2024-12-09 11:20:00,2024-12-09 12:35:00,BULL_PUT,24656.9,24650,24150,155.25,23.65,165.4,24.6,131.6,140.8,-9.200000000000017,-1794.0000000000034,160.820822507,-1954.8208225070034,Reversal,2024-12-12,0,False,False,962884,69861,76847,0,96162,7.3
2024-12-09 12:35:00,2024-12-10 09:50:00,BEAR_CALL,24625.0,24600,25100,167.5,23.45,153.35,16.45,144.05,136.9,7.150000000000006,1394.2500000000011,160.88048527249998,1233.3695147275012,Reversal,2024-12-12,1,True,False,960929,69771,76748,0,96038,7.3
2024-12-10 09:50:00,2024-12-10 10:35:00,BULL_PUT,24658.35,24650,24150,135.8,13.1,134.44,12.05,122.70000000000002,122.39,0.3100000000000165,60.450000000003214,148.31129885570002,-87.8612988556968,Reversal,2024-12-12,0,False,False,962163,69865,76852,0,96168,7.3
2024-12-10 10:35:00,2024-12-10 15:00:00,BEAR_CALL,24616.05,24600,25100,144.1,14.1,111.45,9.94,130.0,101.51,28.489999999999995,5555.549999999999,148.0943502017,5407.455649798299,Reversal,2024-12-12,0,False,False,962075,69745,76720,0,96003,7.2
2024-12-10 15:00:00,2024-12-11 12:35:00,BULL_PUT,24588.95,24600,24100,125.85,9.6,50.95,3.6,116.25,47.35,68.9,13435.500000000002,135.5740472,13299.925952800002,Reversal,2024-12-12,1,True,False,967482,69669,76636,0,95897,7.2
2024-12-11 12:35:00,2024-12-12 09:30:00,BEAR_CALL,24632.5,24650,25150,79.0,3.15,46.9,3.7,75.85,43.199999999999996,32.65,6366.75,121.7027521325,6245.0472478675,Reversal,2024-12-12,1,True,False,980782,69792,76771,0,96067,7.1
2024-12-12 09:30:00,2024-12-12 10:05:00,BULL_PUT,24666.7,24650,24150,135.15,23.75,151.44,27.6,111.4,123.84,-12.439999999999998,-2425.7999999999997,154.86699736219998,-2580.6669973621997,Reversal,2024-12-19,0,False,True,987027,100722,110795,30833,96200,10.2
2024-12-12 10:05:00,2024-12-13 10:55:00,BEAR_CALL,24614.55,24600,25100,206.75,30.9,64.59,9.94,175.85,54.650000000000006,121.19999999999999,23633.999999999996,162.8071282934,23471.192871706597,Reversal,2024-12-19,1,True,True,984447,100509,110560,30768,95997,10.2
2024-12-13 10:55:00,2024-12-13 12:30:00,BULL_PUT,24260.0,24250,23750,197.4,45.65,68.25,14.75,151.75,53.5,98.25,19158.75,163.1666536115,18995.5833463885,Reversal,2024-12-19,0,False,False,1007918,68737,75610,0,94614,6.8
2024-12-13 12:30:00,2024-12-13 12:55:00,BEAR_CALL,24538.4,24550,25050,197.55,31.05,200.75,31.95,166.5,168.8,-2.3000000000000114,-448.5000000000022,178.328039819,-626.8280398190022,Reversal,2024-12-19,0,False,False,1026913,69525,76478,0,95700,6.8
2024-12-13 12:55:00,2024-12-13 13:15:00,BULL_PUT,24634.7,24650,24150,213.3,50.75,170.7,38.95,162.55,131.75,30.80000000000001,6006.000000000002,183.720351731,5822.279648269002,Reversal,2024-12-19,0,False,False,1026286,69798,76778,0,96075,6.8
2024-12-13 13:15:00,2024-12-13 13:30:00,BEAR_CALL,24608.35,24600,25100,208.3,30.0,212.05,30.2,178.3,181.85000000000002,-3.5500000000000114,-692.2500000000023,181.72120644649996,-873.9712064465023,Reversal,2024-12-19,0,False,False,1032109,69724,76696,0,95973,6.8
2024-12-13 13:30:00,2024-12-16 09:20:00,BULL_PUT,24669.75,24650,24150,164.85,36.6,109.85,17.6,128.25,92.25,36.0,7020.0,157.799227307,6862.200772693,Reversal,2024-12-19,3,True,False,1031235,69898,76887,0,96212,6.8
2024-12-16 09:20:00,2024-12-16 09:45:00,BEAR_CALL,24725.1,24750,25250,146.55,14.6,164.9,22.0,131.95000000000002,142.9,-10.949999999999989,-2135.2499999999977,156.85207547149997,-2292.1020754714978,Reversal,2024-12-19,0,False,False,1038097,70054,77060,0,96428,6.7
2024-12-16 09:45:00,2024-12-16 10:15:00,BULL_PUT,24754.25,24750,24250,156.5,25.8,183.3,29.55,130.7,153.75,-23.05000000000001,-4494.750000000002,164.2992115445,-4659.049211544502,Reversal,2024-12-19,0,False,False,1035805,70137,77151,0,96542,6.8
2024-12-16 10:15:00,2024-12-16 13:15:00,BEAR_CALL,24694.0,24700,25200,156.25,20.05,158.6,21.85,136.2,136.75,-0.5500000000000114,-107.25000000000222,159.42261925250003,-266.6726192525023,Reversal,2024-12-19,0,False,False,1031146,69966,76963,0,96307,6.8
2024-12-16 13:15:00,2024-12-17 09:15:00,BULL_PUT,24673.75,24650,24150,156.3,25.9,183.95,27.95,130.4,156.0,-25.599999999999994,-4991.999999999999,163.86651518300002,-5155.866515182999,Reversal,2024-12-19,1,True,False,1030879,69909,76900,0,96228,6.8
2024-12-17 09:15:00,2024-12-17 10:55:00,BEAR_CALL,24598.35,24600,25100,156.05,19.85,104.95,13.9,136.20000000000002,91.05,45.15000000000002,8804.250000000004,152.43529969250002,8651.814700307503,Reversal,2024-12-19,0,False,False,1025723,69695,76665,0,95934,6.8
2024-12-17 10:55:00,2024-12-17 11:25:00,BULL_PUT,24485.65,24500,24000,180.25,25.75,173.6,22.7,154.5,150.9,3.5999999999999943,701.9999999999989,168.12386414900004,533.8761358509988,Reversal,2024-12-19,0,False,False,1034375,69376,76314,0,95494,6.7
2024-12-17 11:25:00,2024-12-17 12:25:00,BEAR_CALL,24419.45,24400,24900,186.85,29.85,146.69,24.05,157.0,122.64,34.36,6700.2,168.32238404720002,6531.8776159528,Reversal,2024-12-19,0,False,False,1034909,69188,76107,0,95236,6.7
2024-12-17 12:25:00,2024-12-17 13:10:00,BULL_PUT,24427.8,24450,23950,171.3,18.5,154.65,13.05,152.8,141.6,11.200000000000017,2184.000000000003,160.670682725,2023.3293172750032,Reversal,2024-12-19,0,False,False,1041441,69212,76133,0,95268,6.6
2024-12-17 13:10:00,2024-12-18 09:35:00,BEAR_CALL,24370.6,24350,24850,165.55,26.65,96.0,14.0,138.9,82.0,56.900000000000006,11095.500000000002,154.905507686,10940.594492314001,Reversal,2024-12-19,1,True,False,1043464,69050,75955,0,95045,6.6
2024-12-18 09:35:00,2024-12-18 09:55:00,BULL_PUT,24348.9,24350,23850,136.94,10.95,106.6,8.1,125.99,98.5,27.489999999999995,5360.549999999999,144.8988114917,5215.651188508299,Reversal,2024-12-19,0,False,False,1054405,68989,75887,0,94961,6.5
2024-12-18 09:55:00,2024-12-18 10:40:00,BEAR_CALL,24267.55,24250,24750,156.35,19.89,116.5,17.45,136.45999999999998,99.05,37.40999999999998,7294.949999999996,154.5196938797,7140.430306120296,Reversal,2024-12-19,0,False,False,1059620,68758,75634,0,94643,6.5
2024-12-18 10:40:00,2024-12-18 10:55:00,BULL_PUT,24301.1,24300,23800,95.8,5.8,107.15,6.75,90.0,100.4,-10.400000000000006,-2028.0000000000011,132.72569526499998,-2160.725695265001,Reversal,2024-12-19,0,False,False,1066761,68853,75738,0,94774,6.5
2024-12-18 10:55:00,2024-12-18 13:00:00,BEAR_CALL,24226.2,24250,24750,96.1,14.2,62.55,11.5,81.89999999999999,51.05,30.849999999999994,6015.749999999999,130.9448540405,5884.805145959499,Reversal,2024-12-19,0,False,False,1064600,68641,75505,0,94482,6.4
2024-12-18 13:00:00,2024-12-18 14:35:00,BULL_PUT,24218.35,24200,23700,90.5,5.2,80.3,5.95,85.3,74.35,10.950000000000003,2135.2500000000005,128.62502842850003,2006.6249715715005,Reversal,2024-12-19,0,False,False,1070485,68619,75481,0,94452,6.4
2024-12-18 14:35:00,2024-12-19 09:40:00,BEAR_CALL,24170.15,24150,24650,98.9,15.05,19.95,6.8,83.85000000000001,13.149999999999999,70.70000000000002,13786.500000000004,126.75148744100001,13659.748512559003,Reversal,2024-12-19,1,True,False,1072492,68482,75330,0,94264,6.4
2024-12-26 09:15:00,2024-12-26 10:00:00,BULL_PUT,23835.4,23850,23350,165.5,37.0,161.69,32.79,128.5,128.9,-0.4000000000000057,-78.00000000000111,166.7751449174,-244.77514491740112,Reversal,2025-01-02,0,False,True,1086151,97328,107061,29794,92958,9.0
2024-12-26 11:30:00,2024-12-26 13:30:00,BULL_PUT,23763.6,23750,23250,138.0,27.5,150.3,30.0,110.5,120.30000000000001,-9.800000000000011,-1911.0000000000023,156.550415054,-2067.5504150540023,Reversal,2025-01-02,0,False,True,1085907,97035,106738,29704,92678,8.9
2024-12-26 13:40:00,2024-12-27 11:15:00,BULL_PUT,23755.1,23750,23250,176.9,37.25,78.55,13.35,139.65,65.2,74.45,14517.75,157.26757601149998,14360.4824239885,Reversal,2025-01-02,1,True,True,1083839,97000,106700,29694,92645,8.9
2024-12-30 09:50:00,2024-12-30 11:00:00,BULL_PUT,23777.65,23800,23300,134.25,12.7,112.95,10.0,121.55,102.95,18.599999999999994,3626.999999999999,145.39145413699998,3481.608545862999,Reversal,2025-01-02,0,False,False,1098199,67370,74107,0,92733,6.1
2024-12-30 11:25:00,2024-12-30 12:20:00,BULL_PUT,23839.35,23850,23350,125.6,11.2,115.65,13.1,114.39999999999999,102.55000000000001,11.84999999999998,2310.749999999996,143.95959099650003,2166.790409003496,Reversal,2025-01-02,0,False,False,1101681,67545,74299,0,92973,6.1
2024-12-30 14:55:00,2024-12-30 15:10:00,BULL_PUT,23700.75,23700,23200,125.35,11.9,139.85,14.2,113.44999999999999,125.64999999999999,-12.200000000000003,-2379.0000000000005,146.38211021900003,-2525.3821102190004,Reversal,2025-01-02,0,False,False,1103848,67152,73867,0,92433,6.1
2024-12-31 10:20:00,2024-12-31 14:30:00,BULL_PUT,23537.6,23550,23050,139.75,13.5,89.05,10.5,126.25,78.55,47.7,9301.5,145.024381964,9156.475618036,Reversal,2025-01-02,0,False,False,1101322,66690,73359,0,91797,6.1
2025-01-01 10:10:00,2025-01-01 11:35:00,BULL_PUT,23629.6,23650,23150,129.1,10.4,106.15,9.8,118.69999999999999,96.35000000000001,22.34999999999998,4358.249999999996,143.1102912335,4215.139708766496,Reversal,2025-01-02,0,False,False,1110479,66951,73646,0,92155,6.0
2025-01-01 12:20:00,2025-01-01 14:45:00,BULL_PUT,23753.45,23750,23250,114.0,11.6,103.55,6.65,102.4,96.89999999999999,5.500000000000014,1072.5000000000027,137.932353254,934.5676467460028,Reversal,2025-01-02,0,False,False,1114694,67301,74032,0,92638,6.0
2025-01-02 09:15:00,2025-01-03 09:20:00,BULL_PUT,23788.85,23800,23300,214.55,60.95,63.35,13.45,153.60000000000002,49.900000000000006,103.70000000000002,20221.500000000004,168.470340149,20053.029659851003,Reversal,2025-01-09,1,True,True,1115629,97138,106852,29736,92777,8.7
2025-01-03 09:20:00,2025-01-03 11:15:00,BEAR_CALL,24155.85,24150,24650,187.2,27.7,125.9,15.95,159.5,109.95,49.55,9662.25,164.16082675250001,9498.0891732475,Reversal,2025-01-09,0,False,False,1135682,68442,75286,0,94208,6.0
2025-01-03 11:15:00,2025-01-03 12:20:00,BULL_PUT,24076.15,24100,23600,185.7,30.5,168.8,23.95,155.2,144.85000000000002,10.349999999999966,2018.2499999999934,169.97526943850002,1848.2747305614935,Reversal,2025-01-09,0,False,False,1145180,68216,75037,0,93897,6.0
2025-01-03 12:20:00,2025-01-06 09:20:00,BEAR_CALL,24071.75,24050,24550,168.6,23.9,126.65,13.75,144.7,112.9,31.799999999999983,6200.999999999996,158.13165082700002,6042.868349172996,Reversal,2025-01-09,3,True,False,1147028,68203,75024,0,93880,5.9
2025-01-06 09:20:00,2025-01-06 09:40:00,BULL_PUT,24080.6,24100,23600,207.05,30.55,270.35,50.55,176.5,219.8,-43.30000000000001,-8443.500000000002,192.180680855,-8635.680680855003,Reversal,2025-01-09,0,False,False,1153071,68228,75051,0,93914,5.9
2025-01-06 09:40:00,2025-01-06 10:00:00,BEAR_CALL,23948.35,23950,24450,151.8,20.95,185.1,23.65,130.85000000000002,161.45,-30.599999999999966,-5966.999999999994,161.09527884499997,-6128.095278844994,Reversal,2025-01-09,0,False,False,1144435,67854,74639,0,93399,5.9
2025-01-06 10:00:00,2025-01-06 10:20:00,BULL_PUT,23997.35,24000,23500,163.6,24.4,156.19,22.05,139.2,134.14,5.060000000000002,986.7000000000005,161.68425239120003,825.0157476088004,Reversal,2025-01-09,0,False,False,1138307,67992,74792,0,93590,6.0
2025-01-06 10:20:00,2025-01-06 12:05:00,BEAR_CALL,23975.55,24000,24500,156.05,17.64,73.15,10.75,138.41000000000003,62.400000000000006,76.01000000000002,14821.950000000004,148.57554234170004,14673.374457658305,Reversal,2025-01-09,0,False,False,1139132,67931,74724,0,93505,6.0
2025-01-06 12:05:00,2025-01-06 13:15:00,BULL_PUT,23683.45,23700,23200,181.75,38.29,195.0,44.3,143.46,150.7,-7.239999999999981,-1411.7999999999963,177.50331644419998,-1589.3033164441963,Reversal,2025-01-09,0,False,False,1153806,67103,73813,0,92365,5.8
2025-01-06 13:15:00,2025-01-06 14:55:00,BEAR_CALL,23682.55,23700,24200,191.0,35.4,157.69,28.1,155.6,129.59,26.00999999999999,5071.949999999998,172.04732113970002,4899.902678860298,Reversal,2025-01-09,0,False,False,1152216,67101,73811,0,92362,5.8
2025-01-06 14:55:00,2025-01-07 09:45:00,BULL_PUT,23643.05,23650,23150,212.25,50.05,111.4,19.6,162.2,91.80000000000001,70.39999999999998,13727.999999999996,172.799787479,13555.200212520997,Reversal,2025-01-09,1,True,False,1157116,66989,73688,0,92208,5.8
2025-01-07 09:45:00,2025-01-07 10:10:00,BEAR_CALL,23675.65,23700,24200,179.2,21.7,132.6,12.6,157.5,120.0,37.5,7312.5,161.078535443,7151.421464557,Reversal,2025-01-09,0,False,False,1170671,67081,73789,0,92335,5.7
2025-01-07 10:10:00,2025-01-07 13:55:00,BULL_PUT,23745.9,23750,23250,196.8,38.75,142.94,14.75,158.05,128.19,29.860000000000014,5822.700000000003,168.9547724012,5653.745227598803,Reversal,2025-01-09,0,False,False,1177823,67280,74008,0,92609,5.7
2025-01-07 13:55:00,2025-01-08 13:25:00,BEAR_CALL,23689.15,23700,24200,128.55,9.75,27.05,2.2,118.80000000000001,24.85,93.95000000000002,18320.250000000004,133.8480547565,18186.401945243502,Reversal,2025-01-09,1,True,False,1183476,67119,73831,0,92388,5.7
2025-01-08 13:25:00,2025-01-09 09:15:00,BULL_PUT,23566.5,23550,23050,72.5,3.85,27.1,1.5,68.65,25.6,43.050000000000004,8394.75,117.61534441850002,8277.1346555815,Reversal,2025-01-09,1,True,False,1201663,66772,73449,0,91909,5.6
2025-01-09 09:15:00,2025-01-09 12:15:00,BEAR_CALL,23618.2,23600,24100,221.25,44.05,181.35,28.95,177.2,152.4,24.799999999999983,4835.999999999996,183.49948002799997,4652.500519971996,Reversal,2025-01-16,0,False,True,1209940,96441,106085,29523,92111,8.0
2025-01-09 12:15:00,2025-01-09 12:50:00,BULL_PUT,23606.55,23600,23100,180.0,36.0,192.4,39.15,144.0,153.25,-9.25,-1803.75,175.1626111565,-1978.9126111565,Reversal,2025-01-16,0,False,True,1214593,96393,106033,29508,92066,7.9
2025-01-09 12:50:00,2025-01-10 09:15:00,BEAR_CALL,23534.8,23550,24050,201.05,34.2,186.25,28.0,166.85000000000002,158.25,8.600000000000023,1677.0000000000045,177.206473685,1499.7935263150046,Reversal,2025-01-16,1,True,True,1212614,96100,105710,29418,91786,7.9
2025-01-10 09:15:00,2025-01-10 09:25:00,BULL_PUT,23561.05,23550,23050,167.45,34.95,165.5,35.6,132.5,129.9,2.5999999999999943,506.99999999999886,168.248180705,338.7518192949989,Reversal,2025-01-16,0,False,False,1214113,66756,73432,0,91888,5.5
2025-01-10 09:25:00,2025-01-10 10:20:00,BEAR_CALL,23518.8,23500,24000,224.8,34.35,154.15,23.45,190.45000000000002,130.70000000000002,59.75,11651.25,179.7182621525,11471.5317378475,Reversal,2025-01-16,0,False,False,1214452,66637,73300,0,91723,5.5
2025-01-10 10:20:00,2025-01-10 11:40:00,BULL_PUT,23440.95,23450,22950,199.6,48.4,117.45,26.85,151.2,90.6,60.599999999999994,11816.999999999998,171.69054284900002,11645.309457150997,Reversal,2025-01-16,0,False,False,1225924,66416,73058,0,91420,5.4
2025-01-10 11:40:00,2025-01-13 10:10:00,BEAR_CALL,23509.35,23500,24000,225.7,33.29,65.05,8.1,192.41,56.949999999999996,135.46,26414.7,167.79666400820003,26246.9033359918,Reversal,2025-01-16,3,True,False,1237569,66610,73271,0,91686,5.4
2025-01-13 10:10:00,2025-01-13 11:25:00,BULL_PUT,23273.2,23250,22750,153.05,29.5,137.44,25.85,123.55000000000001,111.59,11.960000000000008,2332.2000000000016,158.61566343919998,2173.5843365608016,Reversal,2025-01-16,0,False,False,1263816,65941,72535,0,90765,5.2
2025-01-13 11:25:00,2025-01-14 09:15:00,BEAR_CALL,23240.55,23250,23750,160.5,18.55,102.8,11.15,141.95,91.64999999999999,50.3,9808.5,152.60314409,9655.89685591,Reversal,2025-01-16,1,True,False,1265989,65848,72433,0,90638,5.2
2025-01-14 09:15:00,2025-01-14 10:15:00,BULL_PUT,23210.45,23200,22700,103.1,15.6,119.7,16.3,87.5,103.4,-15.900000000000006,-3100.500000000001,139.35599026100002,-3239.855990261001,Reversal,2025-01-16,0,False,False,1275645,65763,72339,0,90521,5.2
2025-01-14 10:15:00,2025-01-14 10:45:00,BEAR_CALL,23138.2,23150,23650,124.25,8.85,141.65,9.44,115.4,132.21,-16.810000000000002,-3277.9500000000003,144.64918699970002,-3422.5991869997,Reversal,2025-01-16,0,False,False,1272406,65558,72114,0,90239,5.2
2025-01-14 10:45:00,2025-01-14 11:45:00,BULL_PUT,23206.35,23200,22700,93.7,14.25,87.55,12.1,79.45,75.45,4.0,780.0,132.646539188,647.353460812,Reversal,2025-01-16,0,False,False,1268983,65751,72326,0,90505,5.2
2025-01-14 11:45:00,2025-01-14 15:25:00,BEAR_CALL,23189.25,23200,23700,109.85,7.55,108.9,5.25,102.3,103.65,-1.3500000000000085,-263.25000000000165,136.5092735765,-399.75927357650164,Reversal,2025-01-16,0,False,False,1269630,65703,72273,0,90438,5.2
2025-01-14 15:25:00,2025-01-15 09:30:00,BULL_PUT,23206.85,23200,22700,67.65,8.5,75.75,6.2,59.150000000000006,69.55,-10.399999999999991,-2027.9999999999984,122.25538250299999,-2150.2553825029986,Reversal,2025-01-16,1,True,False,1269231,65753,72328,0,90507,5.2
2025-01-15 09:30:00,2025-01-15 10:20:00,BEAR_CALL,23180.95,23200,23700,87.75,3.65,92.0,3.4,84.1,88.6,-4.5,-877.5,128.048531384,-1005.548531384,Reversal,2025-01-16,0,False,False,1267080,65679,72247,0,90406,5.2
2025-01-15 10:20:00,2025-01-15 11:30:00,BULL_PUT,23241.65,23250,22750,75.05,7.0,65.75,6.4,68.05,59.35,8.699999999999996,1696.499999999999,123.350367446,1573.149632553999,Reversal,2025-01-16,0,False,False,1266075,65851,72436,0,90642,5.2
2025-01-15 11:30:00,2025-01-15 12:45:00,BEAR_CALL,23213.75,23200,23700,92.0,3.45,90.55,2.8,88.55,87.75,0.7999999999999972,155.99999999999943,128.91459814400002,27.085401855999407,Reversal,2025-01-16,0,False,False,1267648,65772,72350,0,90534,5.2
2025-01-15 12:45:00,2025-01-15 13:10:00,BULL_PUT,23255.35,23250,22750,56.85,5.5,69.55,5.2,51.35,64.35,-12.999999999999993,-2534.9999999999986,118.17888527300002,-2653.1788852729987,Reversal,2025-01-16,0,False,False,1267675,65890,72479,0,90696,5.2
2025-01-15 13:10:00,2025-01-15 14:40:00,BEAR_CALL,23212.35,23200,23700,73.59,2.54,61.55,2.2,71.05,59.349999999999994,11.700000000000003,2281.5000000000005,121.0219865444,2160.4780134556004,Reversal,2025-01-16,0,False,False,1265022,65768,72345,0,90528,5.2
2025-01-15 14:40:00,2025-01-16 10:00:00,BULL_PUT,23211.9,23200,22700,53.05,4.9,5.55,0.85,48.15,4.7,43.449999999999996,8472.75,110.24734344049999,8362.5026565595,Reversal,2025-01-16,1,True,False,1267182,65767,72344,0,90526,5.2
2025-01-16 10:00:00,2025-01-16 13:55:00,BEAR_CALL,23301.35,23300,23800,194.7,29.4,213.0,35.45,165.29999999999998,177.55,-12.250000000000028,-2388.7500000000055,179.4391269065,-2568.1891269065054,Reversal,2025-01-23,0,False,True,1275545,95147,104662,29127,90875,7.5
2025-01-16 13:55:00,2025-01-17 09:15:00,BULL_PUT,23332.5,23350,22850,173.45,37.79,233.25,56.4,135.66,176.85,-41.19,-8032.049999999999,181.87161532070002,-8213.9216153207,Reversal,2025-01-23,1,True,True,1272977,95274,104802,29166,90997,7.5
2025-01-17 09:15:00,2025-01-17 09:30:00,BEAR_CALL,23181.75,23200,23700,199.3,33.79,204.35,28.05,165.51000000000002,176.29999999999998,-10.789999999999964,-2104.049999999993,178.2893944187,-2282.339394418693,Reversal,2025-01-23,0,False,False,1264763,65682,72250,0,90409,5.2
2025-01-17 09:30:00,2025-01-17 10:40:00,BULL_PUT,23239.95,23250,22750,168.0,35.7,170.65,35.4,132.3,135.25,-2.9499999999999886,-575.2499999999977,168.86334964250003,-744.1133496424977,Reversal,2025-01-23,0,False,False,1262480,65847,72431,0,90636,5.2
2025-01-17 10:40:00,2025-01-17 11:30:00,BEAR_CALL,23198.15,23200,23700,197.15,26.1,165.0,20.65,171.05,144.35,26.700000000000017,5206.500000000004,171.51245020699997,5034.987549793003,Reversal,2025-01-23,0,False,False,1261736,65728,72301,0,90473,5.2
2025-01-17 11:30:00,2025-01-17 13:10:00,BULL_PUT,23172.95,23150,22650,173.6,38.95,152.5,37.1,134.64999999999998,115.4,19.24999999999997,3753.7499999999945,169.57660145449998,3584.1733985454944,Reversal,2025-01-23,0,False,False,1266771,65657,72222,0,90375,5.2
2025-01-17 13:10:00,2025-01-17 14:40:00,BEAR_CALL,23200.25,23200,23700,220.95,38.04,203.15,26.4,182.91,176.75,6.159999999999997,1201.1999999999994,184.09698264020003,1017.1030173597993,Reversal,2025-01-23,0,False,False,1270355,65734,72307,0,90481,5.2
2025-01-17 14:40:00,2025-01-20 09:20:00,BULL_PUT,23231.85,23250,22750,162.3,31.0,178.2,33.79,131.3,144.41,-13.109999999999985,-2556.449999999997,167.0889206927,-2723.538920692697,Reversal,2025-01-23,3,True,False,1271372,65824,72406,0,90604,5.2
2025-01-20 09:20:00,2025-01-20 10:15:00,BEAR_CALL,23214.25,23200,23700,185.0,22.5,182.35,19.05,162.5,163.29999999999998,-0.799999999999983,-155.99999999999667,168.911637707,-324.91163770699666,Reversal,2025-01-23,0,False,False,1268649,65774,72351,0,90536,5.2
2025-01-20 10:15:00,2025-01-21 09:30:00,BULL_PUT,23243.0,23250,22750,155.9,25.8,73.25,10.05,130.1,63.2,66.89999999999999,13045.499999999998,149.06561945,12896.434380549998,Reversal,2025-01-23,1,True,False,1268324,65855,72441,0,90648,5.2
2025-01-21 09:30:00,2025-01-21 10:45:00,BEAR_CALL,23359.25,23350,23850,169.0,12.85,97.85,8.75,156.15,89.1,67.05000000000001,13074.750000000002,153.35731152350002,12921.392688476502,Reversal,2025-01-23,0,False,False,1281220,66185,72803,0,91101,5.2
2025-01-21 10:45:00,2025-01-21 11:05:00,BULL_PUT,23204.05,23200,22700,171.15,29.75,175.85,30.25,141.4,145.6,-4.199999999999989,-818.9999999999977,168.24350441,-987.2435044099977,Reversal,2025-01-23,0,False,False,1294142,65745,72319,0,90496,5.1
2025-01-21 11:05:00,2025-01-21 11:45:00,BEAR_CALL,23151.7,23150,23650,182.55,24.75,230.1,29.7,157.8,200.4,-42.599999999999994,-8306.999999999998,175.574643173,-8482.574643172999,Reversal,2025-01-23,0,False,False,1293155,65596,72156,0,90292,5.1
2025-01-21 11:45:00,2025-01-21 12:05:00,BULL_PUT,23370.95,23350,22850,190.65,29.55,138.35,20.65,161.1,117.69999999999999,43.400000000000006,8463.000000000002,167.674286696,8295.325713304002,Reversal,2025-01-23,0,False,False,1284672,66218,72839,0,91147,5.2
2025-01-21 12:05:00,2025-01-21 12:55:00,BEAR_CALL,23314.95,23300,23800,183.2,15.35,108.8,10.55,167.85,98.25,69.6,13571.999999999998,158.970441377,13413.029558622999,Reversal,2025-01-23,0,False,False,1292967,66059,72665,0,90928,5.1
2025-01-21 12:55:00,2025-01-21 13:15:00,BULL_PUT,23239.95,23250,22750,193.95,31.75,145.8,22.85,162.2,122.95000000000002,39.24999999999997,7653.7499999999945,170.04530634050002,7483.704693659494,Reversal,2025-01-23,0,False,False,1306380,65847,72431,0,90636,5.0
2025-01-21 13:15:00,2025-01-21 13:25:00,BEAR_CALL,23165.85,23150,23650,213.0,26.35,179.7,20.5,186.65,159.2,27.450000000000017,5352.750000000004,177.1742366165,5175.575763383504,Reversal,2025-01-23,0,False,False,1313864,65637,72200,0,90347,5.0
2025-01-21 13:25:00,2025-01-21 14:10:00,BULL_PUT,23273.55,23250,22750,171.35,24.95,138.65,15.2,146.4,123.45,22.950000000000003,4475.250000000001,160.4412281945,4314.808771805501,Reversal,2025-01-23,0,False,False,1319040,65942,72536,0,90767,5.0
2025-01-21 14:10:00,2025-01-22 09:15:00,BEAR_CALL,23196.85,23200,23700,150.4,12.65,65.4,4.7,137.75,60.7,77.05,15024.75,144.2158089845,14880.5341910155,Reversal,2025-01-23,1,True,False,1323354,65724,72297,0,90468,5.0
2025-01-22 09:15:00,2025-01-22 11:30:00,BULL_PUT,23109.2,23100,22600,110.55,10.1,83.3,6.75,100.45,76.55,23.900000000000006,4660.500000000001,135.09405154100003,4525.405948459001,Reversal,2025-01-23,0,False,False,1338235,65476,72024,0,90126,4.9
2025-01-22 11:30:00,2025-01-22 14:10:00,BEAR_CALL,23038.45,23050,23550,113.55,4.95,97.5,4.55,108.6,92.95,15.649999999999991,3051.749999999998,136.1105426465,2915.639457353498,Reversal,2025-01-23,0,False,False,1342760,65276,71803,0,89850,4.9
2025-01-22 14:10:00,2025-01-23 11:30:00,BULL_PUT,23065.55,23050,22550,49.2,4.15,3.1,1.5,45.050000000000004,1.6,43.45,8472.75,109.0799218085,8363.6700781915,Target,2025-01-23,1,True,False,1345676,65352,71888,0,89956,4.9
2025-01-23 11:30:00,2025-01-23 14:50:00,BULL_PUT,23232.4,23250,22750,180.65,45.0,177.55,43.3,135.65,134.25,1.4000000000000057,273.00000000000114,175.97830479499999,97.02169520500115,Reversal,2025-01-30,0,False,True,1354040,94866,104352,29041,90606,7.0
2025-01-23 14:50:00,2025-01-24 09:15:00,BEAR_CALL,23206.65,23200,23700,224.2,36.25,232.7,40.04,187.95,192.66,-4.710000000000008,-918.4500000000015,191.2135423697,-1109.6635423697016,Reversal,2025-01-30,1,True,True,1354137,94760,104237,29008,90506,7.0
2025-01-24 09:15:00,2025-01-24 09:30:00,BULL_PUT,23276.4,23300,22800,196.6,47.2,210.5,53.1,149.39999999999998,157.4,-8.000000000000028,-1560.0000000000055,186.198046262,-1746.1980462620054,Reversal,2025-01-30,0,False,False,1353027,65950,72545,0,90778,4.9
2025-01-24 09:30:00,2025-01-24 10:35:00,BEAR_CALL,23225.45,23250,23750,197.85,31.0,163.55,23.0,166.85,140.55,26.299999999999983,5128.499999999996,172.660282802,4955.839717197996,Reversal,2025-01-30,0,False,False,1351281,65805,72386,0,90579,4.9
2025-01-24 10:35:00,2025-01-24 12:30:00,BULL_PUT,23217.0,23200,22700,177.4,38.7,118.8,23.3,138.7,95.5,43.19999999999999,8423.999999999998,163.82476946600002,8260.175230533998,Reversal,2025-01-30,0,False,False,1356237,65782,72360,0,90546,4.9
2025-01-24 12:30:00,2025-01-27 09:35:00,BEAR_CALL,23273.25,23250,23750,206.65,27.1,80.25,8.8,179.55,71.45,108.10000000000001,21079.5,163.50538606400002,20915.994613936,Reversal,2025-01-30,3,True,False,1364497,65941,72535,0,90766,4.8
2025-01-27 09:35:00,2025-01-27 10:15:00,BULL_PUT,23001.6,23000,22500,172.75,33.9,188.65,34.1,138.85,154.55,-15.700000000000017,-3061.500000000003,171.241867622,-3232.741867622003,Reversal,2025-01-30,0,False,False,1385413,65171,71688,0,89706,4.7
2025-01-27 10:15:00,2025-01-27 11:55:00,BEAR_CALL,22900.5,22900,23400,206.25,34.1,167.85,25.35,172.15,142.5,29.650000000000006,5781.750000000001,176.2878438365,5605.462156163501,Reversal,2025-01-30,0,False,False,1382180,64885,71373,0,89312,4.7
2025-01-27 11:55:00,2025-01-27 12:40:00,BULL_PUT,22906.5,22900,22400,160.85,25.85,158.0,25.2,135.0,132.8,2.1999999999999886,428.9999999999978,162.08138713699998,266.9186128629978,Reversal,2025-01-30,0,False,False,1387786,64902,71392,0,89335,4.7
2025-01-27 12:40:00,2025-01-28 09:15:00,BEAR_CALL,22866.3,22850,23350,189.25,29.45,193.65,25.55,159.8,168.1,-8.299999999999983,-1618.4999999999966,173.492204477,-1791.9922044769967,Reversal,2025-01-30,1,True,False,1388053,64788,71267,0,89179,4.7
2025-01-28 09:15:00,2025-01-28 09:40:00,BULL_PUT,22926.35,22950,22450,142.85,18.45,188.9,31.85,124.39999999999999,157.05,-32.65000000000002,-6366.750000000004,161.0017253915,-6527.751725391504,Reversal,2025-01-30,0,False,False,1386261,64958,71454,0,89413,4.7
2025-01-28 09:40:00,2025-01-28 11:00:00,BEAR_CALL,22877.9,22900,23400,160.0,19.8,187.65,25.75,140.2,161.9,-21.700000000000017,-4231.500000000004,164.071189016,-4395.571189016004,Reversal,2025-01-30,0,False,False,1379733,64821,71303,0,89224,4.7
2025-01-28 11:00:00,2025-01-28 14:45:00,BULL_PUT,22972.7,22950,22450,178.45,31.3,67.5,8.3,147.14999999999998,59.2,87.94999999999997,17150.249999999996,154.8049410965,16995.445058903497,Reversal,2025-01-30,0,False,False,1375337,65089,71598,0,89594,4.7
2025-01-28 14:45:00,2025-01-29 09:15:00,BEAR_CALL,23026.75,23050,23550,197.65,15.8,118.2,6.3,181.85,111.9,69.94999999999999,13640.249999999998,162.66085570849998,13477.589144291498,Reversal,2025-01-30,1,True,False,1392333,65242,71767,0,89804,4.7
2025-01-29 09:15:00,2025-01-29 11:20:00,BULL_PUT,23031.4,23050,22550,146.44,15.3,141.85,16.45,131.14,125.39999999999999,5.739999999999995,1119.299999999999,153.3212384852,965.9787615147991,Reversal,2025-01-30,0,False,False,1405810,65256,71781,0,89822,4.6
2025-01-29 11:20:00,2025-01-29 11:45:00,BEAR_CALL,22995.65,23000,23500,200.85,20.05,198.3,17.85,180.79999999999998,180.45000000000002,0.3499999999999659,68.24999999999335,174.1552300415,-105.90523004150666,Reversal,2025-01-30,0,False,False,1406776,65154,71670,0,89683,4.6
2025-01-29 11:45:00,2025-01-30 11:00:00,BULL_PUT,23125.35,23150,22650,177.55,23.65,32.4,1.8,153.9,30.599999999999998,123.30000000000001,24043.500000000004,149.00032440200002,23894.499675598003,Reversal,2025-01-30,1,True,False,1406670,65522,72074,0,90189,4.7
2025-01-30 11:00:00,2025-01-30 15:00:00,BEAR_CALL,23226.25,23250,23750,374.4,153.6,343.6,129.9,220.79999999999998,213.70000000000002,7.099999999999966,1384.4999999999934,277.754726945,1106.7452730549935,Reversal,2025-02-06,0,False,True,1430565,94841,104325,29033,90582,6.6
2025-01-30 15:00:00,2025-01-31 10:05:00,BULL_PUT,23225.15,23250,22750,284.14,118.2,241.85,107.0,165.94,134.85,31.090000000000003,6062.550000000001,234.3646267097,5828.185373290301,Reversal,2025-02-06,1,True,True,1431672,94836,104320,29031,90578,6.6
2025-01-31 10:05:00,2025-01-31 10:20:00,BEAR_CALL,23338.15,23350,23850,342.45,122.35,347.5,123.5,220.1,224.0,-3.9000000000000057,-760.5000000000011,264.730089254,-1025.230089254001,Reversal,2025-02-06,0,False,False,1437500,66125,72737,0,91019,4.6
2025-01-31 10:20:00,2025-01-31 14:00:00,BULL_PUT,23388.75,23400,22900,282.0,122.85,209.2,81.5,159.15,127.69999999999999,31.450000000000017,6132.750000000004,224.24940189649996,5908.500598103504,Reversal,2025-02-06,0,False,False,1436475,66268,72895,0,91216,4.6
2025-01-31 14:00:00,2025-01-31 14:50:00,BEAR_CALL,23473.45,23450,23950,305.2,86.05,321.14,91.3,219.14999999999998,229.83999999999997,-10.689999999999998,-2084.5499999999997,239.98978878469998,-2324.5397887847,Reversal,2025-02-06,0,False,False,1442383,66508,73159,0,91546,4.6
2025-01-31 14:50:00,2025-02-01 09:20:00,BULL_PUT,23488.3,23500,23000,221.75,83.75,224.55,79.09,138.0,145.46,-7.460000000000008,-1454.7000000000016,204.8074725182,-1659.5074725182017,Reversal,2025-02-06,1,True,False,1440058,66550,73205,0,91604,4.6
2025-02-01 09:20:00,2025-02-01 09:30:00,BEAR_CALL,23494.4,23500,24000,231.15,55.4,279.75,77.95,175.75,201.8,-26.05000000000001,-5079.750000000002,209.4537253775,-5289.2037253775015,Reversal,2025-02-06,0,False,False,1438399,66567,73224,0,91628,4.6
2025-02-01 09:30:00,2025-02-01 11:45:00,BULL_PUT,23562.65,23550,23050,231.65,84.65,174.75,59.85,147.0,114.9,32.099999999999994,6259.499999999999,197.92532266700005,6061.574677332999,Reversal,2025-02-06,0,False,False,1433110,66761,73437,0,91894,4.7
2025-02-01 11:45:00,2025-02-01 12:15:00,BEAR_CALL,23539.7,23550,24050,274.95,71.8,177.1,45.45,203.14999999999998,131.64999999999998,71.5,13942.5,205.007914859,13737.492085141,Reversal,2025-02-06,0,False,False,1439171,66696,73365,0,91805,4.6
2025-02-01 12:15:00,2025-02-01 12:30:00,BULL_PUT,23493.1,23500,23000,189.5,48.85,192.8,42.55,140.65,150.25,-9.599999999999994,-1871.9999999999989,179.89952173100005,-2051.899521730999,Reversal,2025-02-06,0,False,False,1452909,66564,73220,0,91623,4.6
2025-02-01 12:30:00,2025-02-01 13:25:00,BEAR_CALL,23414.9,23400,23900,227.85,52.2,190.6,31.6,175.64999999999998,159.0,16.649999999999977,3246.7499999999955,187.58991041749996,3059.1600895824954,Reversal,2025-02-06,0,False,False,1450857,66342,72976,0,91318,4.6
2025-02-01 13:25:00,2025-02-03 09:15:00,BULL_PUT,23442.1,23450,22950,172.35,36.7,210.7,42.0,135.64999999999998,168.7,-33.05000000000001,-6444.750000000002,175.50194290250002,-6620.2519429025015,Reversal,2025-02-06,2,True,False,1453916,66419,73061,0,91424,4.6
2025-02-03 09:15:00,2025-02-03 09:25:00,BEAR_CALL,23263.0,23250,23750,189.75,21.5,178.85,20.85,168.25,158.0,10.25,1998.75,170.33063119850001,1828.4193688015,Reversal,2025-02-06,0,False,False,1447296,65912,72503,0,90726,4.6
2025-02-03 09:25:00,2025-02-03 09:40:00,BULL_PUT,23335.1,23350,22850,156.44,27.8,146.6,25.65,128.64,120.94999999999999,7.689999999999998,1499.5499999999995,160.15449074870003,1339.3955092512995,Reversal,2025-02-06,0,False,False,1449124,66116,72728,0,91007,4.6
2025-02-03 09:40:00,2025-02-03 10:40:00,BEAR_CALL,23257.1,23250,23750,172.85,16.14,166.45,13.9,156.70999999999998,152.54999999999998,4.159999999999997,811.1999999999994,162.16460474419998,649.0353952557994,Reversal,2025-02-06,0,False,False,1450464,65895,72485,0,90703,4.5
2025-02-03 10:40:00,2025-02-04 10:25:00,BULL_PUT,23309.7,23300,22800,119.5,17.95,58.55,6.85,101.55,51.699999999999996,49.85,9720.75,136.1163571955,9584.6336428045,Reversal,2025-02-06,1,True,False,1451113,66044,72649,0,90908,4.6
2025-02-04 10:25:00,2025-02-04 11:10:00,BEAR_CALL,23500.95,23500,24000,155.19,13.3,138.8,11.5,141.89,127.30000000000001,14.589999999999975,2845.049999999995,153.9302151977,2691.1197848022953,Reversal,2025-02-06,0,False,False,1460697,66586,73245,0,91654,4.6
2025-02-04 11:10:00,2025-02-04 14:20:00,BULL_PUT,23506.5,23500,23000,136.94,19.2,65.0,7.15,117.74,57.85,59.88999999999999,11678.55,141.70639118269997,11536.843608817298,Reversal,2025-02-06,0,False,False,1463388,66602,73262,0,91675,4.6
2025-02-04 14:20:00,2025-02-04 14:45:00,BEAR_CALL,23642.8,23650,24150,95.85,3.85,111.4,3.65,92.0,107.75,-15.75,-3071.25,132.0829117925,-3203.3329117925,Reversal,2025-02-06,0,False,False,1474925,66988,73687,0,92207,4.5
2025-02-04 14:45:00,2025-02-05 10:00:00,BULL_PUT,23719.1,23700,23200,113.7,12.05,59.2,4.45,101.65,54.75,46.900000000000006,9145.500000000002,133.383951422,9012.116048578002,Reversal,2025-02-06,1,True,False,1471722,67204,73925,0,92504,4.6
2025-02-05 10:00:00,2025-02-06 12:45:00,BEAR_CALL,23734.55,23750,24250,77.3,2.75,3.4,0.45,74.55,2.9499999999999997,71.6,13961.999999999998,116.475737957,13845.524262042998,Target,2025-02-06,1,True,False,1480734,67248,73973,0,92565,4.5
2025-02-06 12:45:00,2025-02-06 15:05:00,BEAR_CALL,23600.05,23600,24100,221.25,41.95,213.85,36.54,179.3,177.31,1.990000000000009,388.0500000000018,188.2719661217,199.77803387830178,Reversal,2025-02-13,0,False,True,1494580,96367,106004,29500,92040,6.4
2025-02-06 15:05:00,2025-02-07 09:15:00,BULL_PUT,23607.45,23600,23100,165.4,36.35,167.5,38.95,129.05,128.55,0.5,97.5,168.906898466,-71.406898466,Reversal,2025-02-13,1,True,True,1494779,96397,106037,29509,92069,6.4
2025-02-07 09:15:00,2025-02-07 10:05:00,BEAR_CALL,23583.9,23600,24100,220.5,40.5,188.4,29.85,180.0,158.55,21.44999999999999,4182.749999999998,183.84844892750004,3998.901551072498,Reversal,2025-02-13,0,False,False,1494708,66821,73503,0,91977,4.5
2025-02-07 10:05:00,2025-02-07 10:15:00,BULL_PUT,23653.45,23650,23150,208.75,47.65,171.9,33.65,161.1,138.25,22.849999999999994,4455.749999999999,180.82516732850002,4274.924832671499,Reversal,2025-02-13,0,False,False,1498707,67018,73720,0,92248,4.5
2025-02-07 10:15:00,2025-02-07 10:35:00,BEAR_CALL,23549.5,23550,24050,222.55,32.7,173.4,21.45,189.85000000000002,151.95000000000002,37.900000000000006,7390.500000000001,180.08696696299998,7210.413033037001,Reversal,2025-02-13,0,False,False,1502982,66724,73396,0,91843,4.4
2025-02-07 10:35:00,2025-02-07 12:00:00,BULL_PUT,23565.35,23550,23050,158.19,27.75,104.05,15.3,130.44,88.75,41.69,8129.549999999999,154.0306676927,7975.519332307299,Reversal,2025-02-13,0,False,False,1510192,66768,73445,0,91905,4.4
2025-02-07 12:00:00,2025-02-07 15:00:00,BEAR_CALL,23626.9,23650,24150,169.7,17.6,101.7,9.9,152.1,91.8,60.3,11758.5,154.625110907,11603.874889093,Reversal,2025-02-13,0,False,False,1518168,66943,73637,0,92145,4.4
2025-02-07 15:00:00,2025-02-10 09:15:00,BULL_PUT,23525.65,23550,23050,158.6,22.2,170.4,24.75,136.4,145.65,-9.25,-1803.75,162.10208164850002,-1965.8520816485,Reversal,2025-02-13,3,True,False,1529772,66656,73322,0,91750,4.4
2025-02-10 09:15:00,2025-02-10 14:45:00,BEAR_CALL,23468.7,23450,23950,191.3,27.05,120.55,12.25,164.25,108.3,55.95,10910.25,163.7446128245,10746.5053871755,Reversal,2025-02-13,0,False,False,1527806,66495,73144,0,91528,4.4
2025-02-10 14:45:00,2025-02-11 09:15:00,BULL_PUT,23373.15,23350,22850,113.25,11.0,132.5,14.35,102.25,118.15,-15.900000000000006,-3100.500000000001,142.34750819299998,-3242.847508193001,Reversal,2025-02-13,1,True,False,1538552,66224,72846,0,91155,4.3
2025-02-11 09:15:00,2025-02-11 14:10:00,BEAR_CALL,23347.9,23350,23850,152.75,16.35,32.45,4.5,136.4,27.950000000000003,108.45,21147.75,142.2421630115,21005.5078369885,Reversal,2025-02-13,0,False,False,1535309,66152,72768,0,91057,4.3
2025-02-11 14:10:00,2025-02-12 09:20:00,BULL_PUT,23052.65,23050,22550,129.44,11.3,95.4,4.9,118.14,90.5,27.64,5389.8,140.9820702152,5248.8179297848,Reversal,2025-02-13,1,True,False,1556315,65316,71847,0,89905,4.2
2025-02-12 09:20:00,2025-02-12 10:30:00,BEAR_CALL,23000.3,23000,23500,139.55,8.44,62.0,4.09,131.11,57.91,73.20000000000002,14274.000000000004,140.3731435904,14133.626856409604,Reversal,2025-02-13,0,False,False,1561564,65168,71684,0,89701,4.2
2025-02-12 10:30:00,2025-02-12 13:45:00,BULL_PUT,22889.85,22900,22400,106.6,5.7,31.8,1.9,100.89999999999999,29.900000000000002,70.99999999999999,13844.999999999996,127.74663098,13717.253369019996,Reversal,2025-02-13,0,False,False,1575697,64855,71340,0,89270,4.1
2025-02-12 13:45:00,2025-02-12 15:05:00,BEAR_CALL,23042.05,23050,23550,137.44,5.35,91.55,3.15,132.09,88.39999999999999,43.69000000000001,8519.550000000003,141.85244477870003,8377.697555221303,Reversal,2025-02-13,0,False,False,1589415,65286,71814,0,89864,4.1
2025-02-12 15:05:00,2025-02-13 09:20:00,BULL_PUT,23043.95,23050,22550,84.4,2.9,48.2,1.5,81.5,46.7,34.8,6785.999999999999,122.68132931,6663.318670689999,Reversal,2025-02-13,1,True,False,1597792,65291,71820,0,89871,4.1
2025-02-13 09:20:00,2025-02-13 09:30:00,BEAR_CALL,23013.65,23000,23500,272.6,59.55,250.2,53.3,213.05,196.89999999999998,16.150000000000034,3149.250000000007,211.87606755950003,2937.373932440507,Reversal,2025-02-20,0,False,True,1604456,93972,103370,28767,89753,5.9
2025-02-13 09:30:00,2025-02-13 13:10:00,BULL_PUT,23103.2,23100,22600,205.95,52.5,124.65,25.4,153.45,99.25,54.19999999999999,10568.999999999998,174.040298855,10394.959701144999,Reversal,2025-02-20,0,False,True,1607393,94338,103772,28879,90102,5.9
2025-02-13 13:10:00,2025-02-20 15:29:00,BEAR_CALL,23153.1,23150,23650,218.3,33.0,0.05,0.05,185.3,0.0,185.3,36133.5,157.782528482,35975.717471518,Expiry,2025-02-20,7,True,True,1617788,94542,103996,28941,90297,5.8
2025-03-17 09:15:00,2025-03-17 10:30:00,BULL_PUT,22502.65,22500,22000,112.0,11.95,114.0,9.65,100.05,104.35,-4.299999999999997,-838.4999999999994,139.15795188799999,-977.6579518879994,Reversal,2025-03-20,0,False,False,1653764,63758,70133,0,87760,3.9
2025-03-17 10:30:00,2025-03-17 13:55:00,BEAR_CALL,22471.1,22450,22950,151.25,7.05,157.3,6.0,144.2,151.3,-7.100000000000023,-1384.5000000000045,152.39145450799998,-1536.8914545080045,Reversal,2025-03-20,0,False,False,1652786,63668,70035,0,87637,3.9
2025-03-17 13:55:00,2025-03-18 12:35:00,BULL_PUT,22510.95,22500,22000,102.9,8.65,35.9,3.95,94.25,31.95,62.3,12148.5,127.90884048199999,12020.591159518,Reversal,2025-03-20,1,True,False,1651249,63781,70159,0,87793,3.9
2025-03-18 12:35:00,2025-03-18 13:10:00,BEAR_CALL,22719.15,22700,23200,124.15,2.8,138.19,2.6,121.35000000000001,135.59,-14.239999999999995,-2776.799999999999,141.89160633620003,-2918.6916063361987,Reversal,2025-03-20,0,False,False,1663270,64371,70808,0,88605,3.9
2025-03-18 13:10:00,2025-03-19 09:20:00,BULL_PUT,22761.2,22750,22250,91.9,7.95,44.45,3.05,83.95,41.400000000000006,42.55,8297.25,125.30222523050001,8171.9477747695,Reversal,2025-03-20,1,True,False,1660351,64490,70939,0,88769,3.9
2025-03-19 09:20:00,2025-03-19 10:15:00,BEAR_CALL,22811.85,22800,23300,140.0,2.75,148.94,2.1,137.25,146.84,-9.590000000000003,-1870.0500000000006,147.0831509477,-2017.1331509477006,Reversal,2025-03-20,0,False,False,1668523,64634,71097,0,88966,3.9
2025-03-19 10:15:00,2025-03-20 09:45:00,BULL_PUT,22899.35,22900,22400,79.0,4.9,14.25,1.2,74.1,13.05,61.05,11904.75,118.2962004905,11786.4537995095,Reversal,2025-03-20,1,True,False,1666506,64881,71370,0,89307,3.9
2025-03-20 09:50:00,2025-03-20 10:20:00,BEAR_CALL,23027.55,23050,23550,157.0,15.25,157.15,14.75,141.75,142.4,-0.6500000000000057,-126.75000000000111,157.1148004145,-283.86480041450113,Reversal,2025-03-27,0,False,True,1678292,94029,103432,28784,89807,5.6
2025-03-20 10:20:00,2025-03-20 15:25:00,BULL_PUT,23036.9,23050,22550,142.35,27.6,79.15,12.85,114.75,66.30000000000001,48.44999999999999,9447.749999999998,146.7643613285,9300.985638671498,Reversal,2025-03-27,0,False,True,1678008,94067,103474,28796,89844,5.6
2025-03-20 15:25:00,2025-03-21 09:30:00,BEAR_CALL,23165.7,23150,23650,158.8,13.7,161.19,13.85,145.10000000000002,147.34,-2.2399999999999807,-436.7999999999962,157.58279481020003,-594.3827948101962,Reversal,2025-03-27,1,True,True,1687309,94593,104053,28957,90346,5.6
2025-03-21 09:30:00,2025-03-21 13:30:00,BULL_PUT,23225.6,23250,22750,153.19,17.75,76.59,11.15,135.44,65.44,70.0,13650.0,148.2059730884,13501.7940269116,Reversal,2025-03-27,0,False,False,1686715,65806,72386,0,90580,3.9
2025-03-21 13:30:00,2025-03-21 14:05:00,BEAR_CALL,23346.65,23350,23850,169.35,14.05,138.3,11.75,155.29999999999998,126.55000000000001,28.74999999999997,5606.2499999999945,157.9435223735,5448.306477626495,Reversal,2025-03-27,0,False,False,1700217,66149,72764,0,91052,3.9
2025-03-21 14:05:00,2025-03-24 09:30:00,BULL_PUT,23340.55,23350,22850,126.4,16.14,79.3,10.5,110.26,68.8,41.46000000000001,8084.700000000002,140.7021329342,7943.997867065802,Reversal,2025-03-27,3,True,False,1705665,66132,72745,0,91028,3.9
2025-03-24 09:30:00,2025-03-24 09:45:00,BEAR_CALL,23454.9,23450,23950,142.15,12.55,155.0,13.65,129.6,141.35,-11.75,-2291.25,152.2708976105,-2443.5208976105,Reversal,2025-03-27,0,False,False,1713609,66456,73101,0,91474,3.9
2025-03-24 15:00:00,2025-03-25 09:15:00,BEAR_CALL,23635.1,23650,24150,150.5,15.7,212.4,27.55,134.8,184.85,-50.04999999999998,-9759.749999999996,163.7521924745,-9923.502192474496,Reversal,2025-03-27,1,True,False,1711166,66966,73663,0,92177,3.9
2025-03-25 09:15:00,2025-03-25 09:20:00,BULL_PUT,23727.6,23750,23250,124.4,17.85,160.75,24.05,106.55000000000001,136.7,-30.149999999999977,-5879.249999999995,151.2056332415,-6030.455633241496,Reversal,2025-03-27,0,False,False,1701242,67228,73951,0,92538,4.0
2025-03-25 09:20:00,2025-03-25 09:30:00,BEAR_CALL,23685.75,23700,24200,161.4,22.05,170.15,24.55,139.35,145.6,-6.25,-1218.75,162.7871078345,-1381.5371078345,Reversal,2025-03-27,0,False,False,1695212,67110,73821,0,92374,4.0
2025-03-25 09:30:00,2025-03-25 10:10:00,BULL_PUT,23760.0,23750,23250,146.75,20.95,103.35,15.95,125.8,87.39999999999999,38.400000000000006,7488.000000000001,150.38324380999998,7337.616756190001,Reversal,2025-03-27,0,False,False,1693830,67320,74052,0,92664,4.0
2025-03-25 10:10:00,2025-03-25 11:55:00,BEAR_CALL,23770.4,23750,24250,178.35,22.8,100.75,11.6,155.54999999999998,89.15,66.39999999999998,12947.999999999996,157.86519900500002,12790.134800994996,Reversal,2025-03-27,0,False,False,1701168,67349,74084,0,92705,4.0
2025-03-25 11:55:00,2025-03-25 12:15:00,BULL_PUT,23710.05,23700,23200,110.3,15.1,100.5,13.35,95.2,87.15,8.049999999999997,1569.7499999999995,138.8028327275,1430.9471672724994,Reversal,2025-03-27,0,False,False,1713958,67178,73896,0,92469,3.9
2025-03-25 12:15:00,2025-03-25 13:45:00,BEAR_CALL,23659.6,23650,24150,165.5,18.55,169.8,16.2,146.95,153.60000000000002,-6.650000000000034,-1296.7500000000066,161.2717598315,-1458.0217598315066,Reversal,2025-03-27,0,False,False,1715389,67036,73739,0,92272,3.9
2025-03-25 13:45:00,2025-03-25 14:50:00,BULL_PUT,23729.2,23750,23250,109.25,11.6,106.6,10.95,97.65,95.64999999999999,2.000000000000014,390.0000000000028,138.075605792,251.92439420800278,Reversal,2025-03-27,0,False,False,1713931,67233,73956,0,92544,3.9
2025-03-25 14:50:00,2025-03-26 09:15:00,BEAR_CALL,23667.2,23650,24150,162.3,11.85,128.05,7.9,150.45000000000002,120.15,30.30000000000001,5908.500000000002,153.83084876299998,5754.669151237002,Reversal,2025-03-27,1,True,False,1714183,67057,73763,0,92302,3.9
2025-03-26 09:15:00,2025-03-26 09:35:00,BULL_PUT,23701.8,23700,23200,107.75,9.75,112.25,7.6,98.0,104.65,-6.650000000000006,-1296.7500000000011,137.0660019305,-1433.8160019305012,Reversal,2025-03-27,0,False,False,1719937,67155,73871,0,92437,3.9
2025-03-26 09:35:00,2025-03-26 10:30:00,BEAR_CALL,23657.9,23650,24150,109.65,5.8,110.85,4.95,103.85000000000001,105.89999999999999,-2.049999999999983,-399.7499999999967,136.38834818750001,-536.1383481874967,Reversal,2025-03-27,0,False,False,1718504,67031,73734,0,92266,3.9
2025-03-26 10:30:00,2025-03-26 11:00:00,BULL_PUT,23698.2,23700,23200,89.4,5.0,90.0,5.15,84.4,84.85,-0.44999999999998863,-87.74999999999778,128.9331866165,-216.68318661649778,Reversal,2025-03-27,0,False,False,1717967,67145,73859,0,92423,3.9
2025-03-26 11:00:00,2025-03-27 09:25:00,BEAR_CALL,23638.05,23650,24150,116.0,5.55,23.3,1.8,110.45,21.5,88.95,17345.25,129.5628184895,17215.6871815105,Reversal,2025-03-27,1,True,False,1717751,66974,73672,0,92188,3.9
2025-03-27 09:25:00,2025-03-28 09:20:00,BULL_PUT,23543.85,23550,23050,163.5,40.79,113.85,19.25,122.71000000000001,94.6,28.110000000000014,5481.450000000003,158.60168831570002,5322.848311684303,Reversal,2025-04-03,1,True,True,1734966,96137,105751,29430,91821,5.5
2025-03-28 09:20:00,2025-03-28 10:00:00,BEAR_CALL,23565.7,23550,24050,213.55,37.79,173.9,23.9,175.76000000000002,150.0,25.76000000000002,5023.2000000000035,178.7637132182,4844.436286781804,Reversal,2025-04-03,0,False,False,1740289,66769,73446,0,91906,3.8
2025-03-28 10:00:00,2025-03-28 11:10:00,BULL_PUT,23563.2,23550,23050,125.55,19.45,96.45,15.75,106.1,80.7,25.39999999999999,4952.999999999998,143.717961836,4809.282038163999,Reversal,2025-04-03,0,False,False,1745134,66762,73439,0,91896,3.8
2025-03-28 11:10:00,2025-03-28 14:15:00,BEAR_CALL,23581.3,23600,24100,177.75,22.2,79.05,8.69,155.55,70.36,85.19000000000001,16612.050000000003,154.9342707047,16457.115729295303,Reversal,2025-04-03,0,False,False,1749943,66814,73495,0,91967,3.8
2025-03-28 14:15:00,2025-03-28 15:00:00,BULL_PUT,23518.9,23500,23000,128.15,18.0,95.1,14.95,110.15,80.14999999999999,30.000000000000014,5850.000000000003,143.97059720599998,5706.029402794003,Reversal,2025-04-03,0,False,False,1766400,66637,73301,0,91724,3.8
2025-03-28 15:00:00,2025-04-01 09:25:00,BEAR_CALL,23529.6,23550,24050,123.0,11.75,61.1,5.25,111.25,55.85,55.4,10803.0,136.322031593,10666.677968407,Reversal,2025-04-03,4,True,False,1772106,66667,73334,0,91765,3.8
2025-04-01 09:25:00,2025-04-01 10:00:00,BULL_PUT,23471.45,23450,22950,113.1,15.05,80.45,10.8,98.05,69.65,28.39999999999999,5537.999999999998,137.106602822,5400.893397177998,Reversal,2025-04-03,0,False,False,1782773,66502,73153,0,91539,3.7
2025-04-01 10:00:00,2025-04-01 12:15:00,BEAR_CALL,23479.6,23500,24000,112.0,7.75,29.75,3.8,104.25,25.95,78.3,15268.5,129.768618779,15138.731381221,Reversal,2025-04-03,0,False,False,1788174,66526,73178,0,91570,3.7
2025-04-01 12:15:00,2025-04-01 13:00:00,BULL_PUT,23244.55,23250,22750,101.2,10.4,124.2,13.1,90.8,111.10000000000001,-20.30000000000001,-3958.5000000000023,137.881884407,-4096.381884407002,Reversal,2025-04-03,0,False,False,1803312,65860,72446,0,90654,3.7
2025-04-01 13:00:00,2025-04-02 09:25:00,BEAR_CALL,23175.65,23200,23700,116.3,8.3,107.45,4.84,108.0,102.61,5.390000000000001,1051.0500000000002,138.12077650069998,912.9292234993002,Reversal,2025-04-03,1,True,False,1799216,65664,72231,0,90385,3.6
2025-04-02 09:25:00,2025-04-02 09:45:00,BULL_PUT,23246.5,23250,22750,125.6,13.65,114.55,12.9,111.94999999999999,101.64999999999999,10.299999999999997,2008.4999999999995,144.022770821,1864.4772291789996,Reversal,2025-04-03,0,False,False,1800129,65865,72452,0,90661,3.7
2025-04-02 09:45:00,2025-04-02 10:25:00,BEAR_CALL,23204.45,23200,23700,101.55,4.25,124.75,4.8,97.3,119.95,-22.650000000000006,-4416.750000000001,135.1879826705,-4551.937982670501,Reversal,2025-04-03,0,False,False,1801993,65746,72321,0,90497,3.6
2025-04-02 10:25:00,2025-04-03 09:15:00,BULL_PUT,23267.35,23250,22750,77.9,8.25,101.1,6.0,69.65,95.1,-25.44999999999999,-4962.749999999998,127.2437272475,-5089.993727247498,Reversal,2025-04-03,1,True,False,1797442,65924,72517,0,90743,3.7
2025-04-03 09:15:00,2025-04-03 09:20:00,BEAR_CALL,23219.65,23200,23700,179.95,25.05,199.7,27.5,154.89999999999998,172.2,-17.30000000000001,-3373.5000000000023,171.60129458600002,-3545.1012945860025,Reversal,2025-04-09,0,False,True,1792352,94814,104295,29025,90557,5.3
2025-04-03 09:20:00,2025-04-03 14:35:00,BULL_PUT,23240.9,23250,22750,174.6,42.15,148.69,25.25,132.45,123.44,9.009999999999991,1756.9499999999982,166.51773909469998,1590.4322609052983,Reversal,2025-04-09,0,False,True,1788806,94900,104390,29051,90640,5.3
2025-04-03 14:35:00,2025-04-04 09:30:00,BEAR_CALL,23248.75,23250,23750,162.1,17.5,73.8,6.6,144.6,67.2,77.39999999999999,15092.999999999998,149.14660880000002,14943.853391199998,Reversal,2025-04-09,1,True,True,1790397,94932,104426,29061,90670,5.3
2025-04-04 09:30:00,2025-04-04 09:40:00,BULL_PUT,23118.8,23100,22600,174.8,30.7,151.69,26.3,144.10000000000002,125.39,18.710000000000022,3648.4500000000044,166.1217672587,3482.3282327413044,Reversal,2025-04-09,0,False,False,1805341,65503,72054,0,90163,3.6
2025-04-04 09:40:00,2025-04-04 10:55:00,BEAR_CALL,23062.25,23050,23550,183.4,20.5,101.45,8.94,162.9,92.51,70.39,13726.05,158.38665686270002,13567.6633431373,Reversal,2025-04-09,0,False,False,1808823,65343,71877,0,89943,3.6
2025-04-04 10:55:00,2025-04-04 11:35:00,BULL_PUT,22999.15,23000,22500,154.65,21.45,135.8,16.75,133.20000000000002,119.05000000000001,14.150000000000006,2759.250000000001,155.6871611495,2603.562838850501,Reversal,2025-04-09,0,False,False,1822391,65164,71681,0,89697,3.6
2025-04-04 11:35:00,2025-04-04 15:05:00,BEAR_CALL,22963.95,22950,23450,155.3,14.45,91.25,7.4,140.85000000000002,83.85,57.00000000000003,11115.000000000005,148.749519692,10966.250480308005,Reversal,2025-04-09,0,False,False,1824994,65065,71571,0,89559,3.6
2025-04-04 15:05:00,2025-04-07 09:15:00,BULL_PUT,22921.25,22900,22400,124.8,13.55,670.8,338.5,111.25,332.29999999999995,-221.04999999999995,-43104.74999999999,282.8366081195,-43387.58660811949,Reversal,2025-04-09,3,True,False,1835961,64944,71438,0,89393,3.5
2025-04-07 09:15:00,2025-04-07 09:20:00,BEAR_CALL,21888.35,21900,22400,560.5,183.2,345.55,83.95,377.3,261.6,115.69999999999999,22561.499999999996,319.34530541600003,22242.154694583995,Reversal,2025-04-09,0,False,False,1792573,62017,68219,0,85365,3.5
2025-04-07 09:20:00,2025-04-07 09:35:00,BULL_PUT,22030.8,22050,21550,384.6,252.2,252.2,149.65,132.40000000000003,102.54999999999998,29.85000000000005,5820.75000000001,286.6828259495,5534.06717405051,Reversal,2025-04-09,0,False,False,1814815,62421,68663,0,85920,3.4
2025-04-07 09:35:00,2025-04-07 10:25:00,BEAR_CALL,22036.05,22050,22550,336.2,80.09,245.05,59.05,256.11,186.0,70.11000000000001,13671.450000000003,232.4367266057,13439.013273394303,Reversal,2025-04-09,0,False,False,1820349,62435,68679,0,85941,3.4
2025-04-07 10:25:00,2025-04-07 11:20:00,BULL_PUT,22005.15,22000,21500,302.45,155.25,280.39,140.19,147.2,140.2,7.0,1365.0,255.26875483639998,1109.7312451636,Reversal,2025-04-09,0,False,False,1833788,62348,68583,0,85820,3.4
2025-04-07 11:20:00,2025-04-07 12:45:00,BEAR_CALL,21954.6,21950,22450,321.35,89.05,300.39,85.95,232.3,214.44,17.860000000000014,3482.7000000000025,241.4221581062,3241.2778418938024,Reversal,2025-04-09,0,False,False,1834898,62205,68425,0,85623,3.4
2025-04-07 12:45:00,2025-04-07 13:15:00,BULL_PUT,21927.75,21950,21450,343.3,183.95,383.9,204.1,159.35000000000002,179.79999999999998,-20.44999999999996,-3987.7499999999923,295.89828110750005,-4283.648281107492,Reversal,2025-04-09,0,False,False,1838139,62129,68341,0,85518,3.4
2025-04-07 13:15:00,2025-04-07 13:30:00,BEAR_CALL,21825.75,21850,22350,325.0,105.3,336.9,105.15,219.7,231.74999999999997,-12.049999999999983,-2349.749999999997,252.3854119805,-2602.135411980497,Reversal,2025-04-09,0,False,False,1833856,61840,68024,0,85120,3.4
2025-04-07 13:30:00,2025-04-08 09:55:00,BULL_PUT,21935.55,21950,21450,344.2,181.1,53.8,24.8,163.1,28.999999999999996,134.1,26149.5,217.23968305699998,25932.260316943,Reversal,2025-04-09,1,True,False,1831253,62151,68366,0,85549,3.4
2025-04-08 09:55:00,2025-04-08 11:00:00,BEAR_CALL,22412.75,22400,22900,203.8,22.9,177.8,22.3,180.9,155.5,25.400000000000006,4953.000000000001,174.65463508399998,4778.345364916001,Reversal,2025-04-09,0,False,False,1857186,63503,69853,0,87410,3.4
2025-04-08 11:00:00,2025-04-08 11:25:00,BULL_PUT,22389.3,22400,21900,182.85,69.8,190.55,72.0,113.05,118.55000000000001,-5.500000000000014,-1072.5000000000027,187.85727887599998,-1260.3572788760027,Reversal,2025-04-09,0,False,False,1861964,63436,69780,0,87318,3.4
2025-04-08 11:25:00,2025-04-08 12:00:00,BEAR_CALL,22363.05,22350,22850,206.65,26.55,234.05,33.25,180.1,200.8,-20.700000000000017,-4036.500000000003,183.73831731500002,-4220.238317315003,Reversal,2025-04-09,0,False,False,1860704,63362,69698,0,87216,3.4
2025-04-08 12:00:00,2025-04-08 13:35:00,BULL_PUT,22450.4,22450,21950,197.2,75.25,120.05,47.55,121.94999999999999,72.5,49.44999999999999,9642.749999999998,179.34609143149999,9463.403908568498,Reversal,2025-04-09,0,False,False,1856483,63609,69970,0,87557,3.4
2025-04-08 13:35:00,2025-04-08 14:15:00,BEAR_CALL,22563.1,22550,23050,243.2,41.6,217.75,32.6,201.6,185.15,16.44999999999999,3207.7499999999977,193.5722722445,3014.177727755498,Reversal,2025-04-09,0,False,False,1865947,63929,70322,0,87996,3.4
2025-04-08 14:15:00,2025-04-08 15:00:00,BULL_PUT,22630.55,22650,22150,187.8,63.15,192.4,59.05,124.65,133.35000000000002,-8.700000000000017,-1696.5000000000034,185.219795612,-1881.7197956120035,Reversal,2025-04-09,0,False,False,1868961,64120,70532,0,88259,3.4
2025-04-08 15:00:00,2025-04-09 10:30:00,BEAR_CALL,22525.6,22550,23050,203.3,31.5,7.1,1.05,171.8,6.05,165.75,32321.25,154.39222585849998,32166.8577741415,Target,2025-04-09,1,True,False,1867079,63823,70205,0,87850,3.4
2025-04-09 10:30:00,2025-04-11 09:15:00,BEAR_CALL,22381.55,22400,22900,293.55,88.2,503.4,185.45,205.35000000000002,317.95,-112.59999999999997,-21956.999999999993,279.038604878,-22236.03860487799,Reversal,2025-04-17,2,True,True,1899246,91391,100530,27977,87288,4.8
2025-04-11 09:15:00,2025-04-11 10:35:00,BULL_PUT,22765.2,22750,22250,225.0,87.7,197.4,72.25,137.3,125.15,12.150000000000006,2369.250000000001,201.7753342805,2167.474665719501,Reversal,2025-04-17,0,False,False,1877010,64501,70952,0,88784,3.4
2025-04-11 10:35:00,2025-04-11 11:20:00,BEAR_CALL,22743.55,22750,23250,278.95,75.15,279.8,72.7,203.79999999999998,207.10000000000002,-3.30000000000004,-643.5000000000077,222.97854705800003,-866.4785470580077,Reversal,2025-04-17,0,False,False,1879178,64440,70884,0,88700,3.4
2025-04-11 11:20:00,2025-04-11 13:50:00,BULL_PUT,22851.45,22850,22350,215.5,73.9,219.9,81.7,141.6,138.2,3.4000000000000057,663.0000000000011,202.52564633,460.47435367000116,Reversal,2025-04-17,0,False,False,1878311,64746,71220,0,89121,3.4
2025-04-11 13:50:00,2025-04-11 15:25:00,BEAR_CALL,22825.15,22850,23350,241.65,61.25,258.89,72.5,180.4,186.39,-5.989999999999981,-1168.0499999999963,209.5340999627,-1377.5840999626962,Reversal,2025-04-17,0,False,False,1878772,64671,71138,0,89018,3.4
2025-04-11 15:25:00,2025-04-15 14:30:00,BULL_PUT,22844.5,22850,22350,245.05,92.2,13.6,6.1,152.85000000000002,7.5,145.35000000000002,28343.250000000004,173.2575936785,28169.992406321504,Target,2025-04-17,4,True,False,1877394,64726,71199,0,89094,3.4
2025-04-15 14:30:00,2025-04-16 09:15:00,BULL_PUT,23315.85,23300,22800,90.2,12.4,90.3,6.7,77.8,83.6,-5.799999999999997,-1130.9999999999995,130.26042714800002,-1261.2604271479995,Reversal,2025-04-17,1,True,False,1905564,66062,72668,0,90932,3.5
2025-04-16 09:15:00,2025-04-16 09:35:00,BEAR_CALL,23284.85,23300,23800,52.75,3.45,69.2,3.75,49.3,65.45,-16.150000000000006,-3149.250000000001,116.4308174645,-3265.6808174645007,Reversal,2025-04-17,0,False,False,1904303,65974,72571,0,90811,3.5
2025-04-16 09:35:00,2025-04-16 10:15:00,BULL_PUT,23346.45,23350,22850,89.5,4.7,90.4,5.2,84.8,85.2,-0.4000000000000057,-78.00000000000111,128.98351777399998,-206.9835177740011,Reversal,2025-04-17,0,False,False,1901037,66148,72763,0,91051,3.5
2025-04-16 10:15:00,2025-04-16 11:15:00,BEAR_CALL,23313.05,23300,23800,75.34,4.34,88.65,4.5,71.0,84.15,-13.150000000000006,-2564.250000000001,124.6821951029,-2688.932195102901,Reversal,2025-04-17,0,False,False,1900830,66054,72659,0,90921,3.5
2025-04-16 11:15:00,2025-04-16 13:20:00,BULL_PUT,23335.05,23350,22850,105.45,7.1,113.65,6.85,98.35000000000001,106.80000000000001,-8.450000000000003,-1647.7500000000005,136.1114055215,-1783.8614055215005,Reversal,2025-04-17,0,False,False,1898141,66116,72728,0,91007,3.5
2025-04-16 13:20:00,2025-04-16 13:55:00,BEAR_CALL,23310.95,23300,23800,69.34,2.85,74.0,3.05,66.49000000000001,70.95,-4.459999999999994,-869.6999999999988,121.20100868120001,-990.9010086811988,Reversal,2025-04-17,0,False,False,1896357,66048,72652,0,90913,3.5
2025-04-16 13:55:00,2025-04-17 09:15:00,BULL_PUT,23380.7,23400,22900,129.3,7.15,71.9,1.55,122.15,70.35000000000001,51.8,10101.0,137.58676633700003,9963.413233663,Reversal,2025-04-17,1,True,False,1895366,66245,72870,0,91185,3.5
2025-04-17 09:15:00,2025-04-17 09:40:00,BEAR_CALL,23358.15,23350,23850,213.85,41.6,211.8,42.5,172.25,169.3,2.9499999999999886,575.2499999999977,187.6623051425,387.5876948574977,Reversal,2025-04-24,0,False,True,1905330,95379,104917,29198,91097,5.0
2025-04-17 09:40:00,2025-04-17 10:05:00,BULL_PUT,23397.65,23400,22900,204.3,56.05,185.9,49.05,148.25,136.85000000000002,11.399999999999977,2222.9999999999955,185.825644739,2037.1743552609955,Reversal,2025-04-24,0,False,True,1905717,95540,105094,29247,91251,5.0
2025-04-17 10:05:00,2025-04-17 10:30:00,BEAR_CALL,23358.05,23350,23850,230.05,48.1,231.75,49.25,181.95000000000002,182.5,-0.549999999999983,-107.24999999999667,196.34232836450005,-303.5923283644967,Reversal,2025-04-24,0,False,True,1907755,95379,104917,29198,91096,5.0
2025-04-17 10:30:00,2025-04-17 11:00:00,BULL_PUT,23408.25,23400,22900,187.2,50.5,185.85,49.85,136.7,136.0,0.6999999999999886,136.49999999999778,180.81892134199998,-44.3189213420022,Reversal,2025-04-24,0,False,True,1907451,95584,105142,29260,91292,5.0
2025-04-17 11:00:00,2025-04-17 11:10:00,BEAR_CALL,23377.4,23400,23900,204.05,42.3,225.75,50.15,161.75,175.6,-13.849999999999994,-2700.749999999999,188.35356551750002,-2889.103565517499,Reversal,2025-04-24,0,False,True,1907407,95458,105003,29222,91172,5.0
2025-04-17 11:10:00,2025-04-21 13:00:00,BULL_PUT,23440.1,23450,22950,203.0,57.6,16.05,8.94,145.4,7.110000000000001,138.29,26966.55,159.5731429817,26806.9768570183,Target,2025-04-24,4,True,True,1904518,95714,105285,29300,91416,5.0
2025-04-21 13:00:00,2025-04-21 13:40:00,BULL_PUT,24177.2,24200,23700,135.35,24.6,163.9,29.35,110.75,134.55,-23.80000000000001,-4641.000000000002,156.57619631600002,-4797.576196316002,Reversal,2025-04-24,0,False,False,1931324,68502,75352,0,94291,3.5
2025-04-21 13:40:00,2025-04-22 09:30:00,BEAR_CALL,24113.2,24100,24600,157.94,19.3,122.0,12.75,138.64,109.25,29.389999999999986,5731.049999999997,154.08953971370002,5576.960460286297,Reversal,2025-04-24,1,True,False,1926527,68321,75153,0,94041,3.5
2025-04-22 09:30:00,2025-04-22 11:30:00,BULL_PUT,24168.5,24150,23650,117.6,16.75,82.7,13.45,100.85,69.25,31.599999999999994,6161.999999999999,139.43398971500002,6022.566010284999,Reversal,2025-04-24,0,False,False,1932104,68477,75325,0,94257,3.5
2025-04-22 11:30:00,2025-04-23 09:15:00,BEAR_CALL,24173.8,24150,24650,120.5,10.4,169.85,10.45,110.1,159.4,-49.30000000000001,-9613.500000000002,146.503329356,-9760.003329356,Reversal,2025-04-24,1,True,False,1938126,68492,75342,0,94278,3.5
2025-04-23 09:15:00,2025-04-23 09:30:00,BULL_PUT,24313.5,24300,23800,94.35,8.8,101.2,7.75,85.55,93.45,-7.900000000000006,-1540.5000000000011,132.34194002299998,-1672.8419400230011,Reversal,2025-04-24,0,False,False,1928366,68888,75777,0,94823,3.6
2025-04-23 09:30:00,2025-04-23 09:45:00,BEAR_CALL,24285.85,24300,24800,78.34,5.5,92.35,5.95,72.84,86.39999999999999,-13.559999999999988,-2644.1999999999975,126.3416530082,-2770.5416530081975,Reversal,2025-04-24,0,False,False,1926694,68810,75691,0,94715,3.6
2025-04-23 09:45:00,2025-04-23 10:00:00,BULL_PUT,24340.45,24350,23850,97.55,7.3,102.35,7.45,90.25,94.89999999999999,-4.6499999999999915,-906.7499999999983,133.1144533295,-1039.8644533294982,Reversal,2025-04-24,0,False,False,1923923,68965,75861,0,94928,3.6
2025-04-23 10:00:00,2025-04-23 11:05:00,BEAR_CALL,24277.65,24300,24800,83.0,5.5,40.7,4.3,77.5,36.400000000000006,41.099999999999994,8014.499999999999,122.638718105,7891.861281894999,Reversal,2025-04-24,0,False,False,1922883,68787,75665,0,94683,3.6
2025-04-23 11:05:00,2025-04-24 09:15:00,BULL_PUT,24189.9,24200,23700,90.0,8.3,20.14,3.2,81.7,16.94,64.76,12628.2,122.7129843932,12505.487015606801,Reversal,2025-04-24,1,True,False,1930775,68538,75392,0,94341,3.5
2025-04-24 09:15:00,2025-04-24 09:30:00,BEAR_CALL,24272.05,24250,24750,222.9,52.65,222.8,52.8,170.25,170.0,0.25,48.75,194.9587113245,-146.2087113245,Reversal,2025-04-30,0,False,True,1943281,99111,109022,30340,94661,5.1
2025-04-24 09:30:00,2025-04-24 09:40:00,BULL_PUT,24319.3,24300,23800,188.2,53.55,184.7,50.9,134.64999999999998,133.79999999999998,0.8499999999999943,165.7499999999989,181.55362563050002,-15.80362563050113,Reversal,2025-04-30,0,False,True,1943134,99304,109234,30399,94845,5.1
2025-04-24 09:40:00,2025-04-24 10:20:00,BEAR_CALL,24263.95,24250,24750,224.85,55.45,233.0,53.95,169.39999999999998,179.05,-9.650000000000034,-1881.7500000000066,196.95921386749998,-2078.7092138675066,Reversal,2025-04-30,0,False,True,1943119,99078,108986,30330,94629,5.1
2025-04-24 10:20:00,2025-04-24 11:25:00,BULL_PUT,24301.95,24300,23800,180.95,50.2,190.55,50.95,130.75,139.60000000000002,-8.850000000000023,-1725.7500000000045,179.7789228695,-1905.5289228695046,Reversal,2025-04-30,0,False,True,1941040,99233,109156,30377,94778,5.1
2025-04-24 11:25:00,2025-04-25 09:15:00,BEAR_CALL,24257.5,24250,24750,216.1,46.75,249.35,45.75,169.35,203.6,-34.25,-6678.75,192.93625930849998,-6871.6862593085,Reversal,2025-04-30,1,True,True,1939134,99051,108957,30322,94604,5.1
2025-04-25 09:15:00,2025-04-25 09:30:00,BULL_PUT,24325.7,24350,23850,170.8,47.0,188.95,50.3,123.80000000000001,138.64999999999998,-14.849999999999966,-2895.749999999993,176.36588264149995,-3072.115882641493,Reversal,2025-04-30,0,False,False,1932263,68923,75815,0,94870,3.6
2025-04-25 09:30:00,2025-04-25 12:10:00,BEAR_CALL,24280.05,24300,24800,191.15,30.7,51.9,11.0,160.45000000000002,40.9,119.55000000000001,23312.250000000004,157.64758339250005,23154.602416607504,Reversal,2025-04-30,0,False,False,1929190,68793,75673,0,94692,3.6
2025-04-25 12:10:00,2025-04-25 14:05:00,BULL_PUT,23938.15,23950,23450,197.85,58.15,106.95,37.0,139.7,69.95,69.74999999999999,13601.249999999996,173.9513377685,13427.298662231497,Reversal,2025-04-30,0,False,False,1952345,67825,74607,0,93359,3.5
2025-04-25 14:05:00,2025-04-25 14:15:00,BEAR_CALL,24064.05,24050,24550,239.65,47.6,212.1,41.8,192.05,170.3,21.75,4241.25,195.1679775245,4046.0820224755,Reversal,2025-04-30,0,False,False,1965772,68181,75000,0,93850,3.5
2025-04-25 14:15:00,2025-04-25 15:10:00,BULL_PUT,24125.15,24150,23650,195.9,55.9,201.45,59.15,140.0,142.29999999999998,-2.299999999999983,-448.4999999999967,187.64917191199999,-636.1491719119967,Reversal,2025-04-30,0,False,False,1969818,68355,75190,0,94088,3.5
2025-04-25 15:10:00,2025-04-28 09:15:00,BEAR_CALL,24052.95,24050,24550,189.5,32.79,188.45,26.85,156.71,161.6,-4.889999999999986,-953.5499999999973,173.75815824170004,-1127.3081582416974,Reversal,2025-04-30,3,True,False,1969182,68150,74965,0,93807,3.5
2025-04-28 09:15:00,2025-04-28 14:35:00,BULL_PUT,24131.55,24150,23650,157.05,36.54,58.8,19.7,120.51000000000002,39.099999999999994,81.41000000000003,15874.950000000004,151.7311869767,15723.218813023304,Reversal,2025-04-30,0,False,False,1968055,68373,75210,0,94113,3.5
2025-04-28 14:35:00,2025-04-28 15:00:00,BEAR_CALL,24281.55,24300,24800,122.05,7.65,126.3,8.0,114.39999999999999,118.3,-3.9000000000000057,-760.5000000000011,142.18729982,-902.6872998200012,Reversal,2025-04-30,0,False,False,1983778,68798,75677,0,94698,3.5
2025-04-28 15:00:00,2025-04-29 09:35:00,BULL_PUT,24327.95,24350,23850,109.45,22.95,48.2,8.05,86.5,40.150000000000006,46.349999999999994,9038.249999999998,133.19512794949998,8905.054872050498,Reversal,2025-04-30,1,True,False,1982876,68929,75822,0,94879,3.5
2025-04-29 09:35:00,2025-04-29 09:55:00,BEAR_CALL,24369.45,24350,24850,129.6,5.05,94.6,5.6,124.55,89.0,35.55,6932.249999999999,140.6010428555,6791.648957144499,Reversal,2025-04-30,0,False,False,1991781,69047,75951,0,95041,3.5
2025-04-29 09:55:00,2025-04-29 10:15:00,BULL_PUT,24390.25,24400,23900,108.9,13.05,112.5,13.65,95.85000000000001,98.85,-2.999999999999986,-584.9999999999973,139.372104203,-724.3721042029972,Reversal,2025-04-30,0,False,False,1998572,69106,76016,0,95122,3.5
2025-04-29 10:15:00,2025-04-29 13:00:00,BEAR_CALL,24319.0,24300,24800,104.75,5.6,84.25,3.95,99.15,80.3,18.85000000000001,3675.750000000002,132.4001707865,3543.349829213502,Reversal,2025-04-30,0,False,False,1997848,68904,75794,0,94844,3.4
2025-04-29 13:00:00,2025-04-30 09:15:00,BULL_PUT,24368.4,24350,23850,71.3,10.19,101.55,3.8,61.11,97.75,-36.64,-7144.8,125.01618726919999,-7269.8161872692,Reversal,2025-04-30,1,True,False,2001391,69044,75948,0,95037,3.4
2025-04-30 09:15:00,2025-04-30 09:35:00,BEAR_CALL,24317.6,24300,24800,217.65,47.9,263.89,59.2,169.75,204.69,-34.94,-6813.299999999999,198.4691541032,-7011.769154103199,Reversal,2025-05-08,0,False,True,1994121,99297,109227,30397,94839,5.0
2025-04-30 09:35:00,2025-04-30 10:25:00,BULL_PUT,24364.65,24350,23850,230.35,91.4,215.3,82.5,138.95,132.8,6.149999999999977,1199.2499999999955,207.99352251649998,991.2564774834955,Reversal,2025-05-08,0,False,True,1987110,99489,109438,30456,95022,5.0
2025-04-30 10:25:00,2025-04-30 11:00:00,BEAR_CALL,24330.85,24350,24850,238.0,49.5,229.3,47.0,188.5,182.3,6.199999999999989,1208.9999999999977,197.82891439399995,1011.1710856059977,Reversal,2025-05-08,0,False,True,1988101,99351,109286,30414,94890,5.0
2025-04-30 11:00:00,2025-04-30 15:15:00,BULL_PUT,24352.05,24350,23850,219.5,83.15,227.9,94.6,136.35,133.3,3.049999999999983,594.7499999999967,208.7218339445,386.02816605549674,Reversal,2025-05-08,0,False,True,1989112,99438,109381,30440,94973,5.0
2025-04-30 15:15:00,2025-05-02 13:15:00,BEAR_CALL,24324.0,24300,24800,270.2,58.0,195.2,35.2,212.2,160.0,52.19999999999999,10178.999999999998,201.23083431799998,9977.769165681999,Reversal,2025-05-08,2,True,True,1989498,99323,109255,30405,94864,5.0
2025-05-02 13:15:00,2025-05-02 14:20:00,BULL_PUT,24344.3,24350,23850,201.1,61.9,163.05,53.9,139.2,109.15,30.049999999999983,5859.749999999996,184.78948066849998,5674.9605193314965,Reversal,2025-05-08,0,False,False,1999476,68976,75873,0,94943,3.4
2025-05-02 14:20:00,2025-05-02 14:50:00,BEAR_CALL,24342.4,24350,24850,185.35,26.4,175.5,25.9,158.95,149.6,9.349999999999994,1823.2499999999989,170.6468148845,1652.603185115499,Reversal,2025-05-08,0,False,False,2005151,68970,75867,0,94935,3.4
2025-05-02 14:50:00,2025-05-02 15:25:00,BULL_PUT,24372.4,24350,23850,169.0,52.75,177.95,56.45,116.25,121.49999999999999,-5.249999999999986,-1023.7499999999973,177.10963397449999,-1200.8596339744972,Reversal,2025-05-08,0,False,False,2006803,69055,75961,0,95052,3.4
2025-05-02 15:25:00,2025-05-05 09:15:00,BEAR_CALL,24313.65,24300,24800,174.8,23.7,231.05,31.6,151.10000000000002,199.45000000000002,-48.349999999999994,-9428.249999999998,173.94549962449997,-9602.195499624499,Reversal,2025-05-08,3,True,False,2005603,68889,75778,0,94823,3.4
2025-05-05 09:15:00,2025-05-05 11:35:00,BULL_PUT,24436.9,24450,23950,143.3,32.25,107.05,28.0,111.05000000000001,79.05,32.000000000000014,6240.000000000003,154.08283107800003,6085.917168922003,Reversal,2025-05-08,0,False,False,1996000,69238,76162,0,95304,3.5
2025-05-05 11:35:00,2025-05-05 14:05:00,BEAR_CALL,24453.05,24450,24950,125.6,9.55,107.05,7.7,116.05,99.35,16.700000000000003,3256.5000000000005,141.563569037,3114.9364309630005,Reversal,2025-05-08,0,False,False,2002086,69284,76212,0,95367,3.5
2025-05-05 14:05:00,2025-05-06 09:25:00,BULL_PUT,24487.7,24500,24000,120.55,24.7,128.19,22.75,95.85,105.44,-9.590000000000003,-1870.0500000000006,147.52093405969998,-2017.5709340597007,Reversal,2025-05-08,1,True,False,2005201,69382,76320,0,95502,3.5
2025-05-06 09:25:00,2025-05-07 09:15:00,BEAR_CALL,24433.0,24450,24950,79.0,5.75,39.2,2.54,73.25,36.660000000000004,36.589999999999996,7135.049999999999,120.93349334869998,7014.1165066512995,Reversal,2025-05-08,1,True,False,2003184,69227,76150,0,95289,3.5
2025-05-07 09:15:00,2025-05-07 09:45:00,BULL_PUT,24365.9,24350,23850,102.1,27.25,78.65,28.15,74.85,50.50000000000001,24.349999999999987,4748.249999999997,139.7789353745,4608.471064625497,Reversal,2025-05-08,0,False,False,2010198,69037,75940,0,95027,3.4
2025-05-07 09:45:00,2025-05-07 10:20:00,BEAR_CALL,24356.25,24350,24850,114.95,5.09,55.55,3.2,109.86,52.349999999999994,57.510000000000005,11214.45,132.4520259977,11081.9979740023,Reversal,2025-05-08,0,False,False,2014806,69009,75910,0,94989,3.4
2025-05-07 10:20:00,2025-05-07 11:50:00,BULL_PUT,24348.35,24350,23850,102.25,24.8,65.65,18.6,77.45,47.050000000000004,30.4,5928.0,135.818234819,5792.181765181,Reversal,2025-05-08,0,False,False,2025888,68987,75886,0,94959,3.4
2025-05-07 11:50:00,2025-05-07 14:05:00,BEAR_CALL,24356.95,24350,24850,70.8,3.1,69.0,3.2,67.7,65.8,1.9000000000000057,370.50000000000114,121.22973944300001,249.2702605570011,Reversal,2025-05-08,0,False,False,2031680,69011,75912,0,94992,3.4
2025-05-07 14:05:00,2025-05-08 09:45:00,BULL_PUT,24407.95,24400,23900,79.8,15.15,45.4,2.29,64.64999999999999,43.11,21.539999999999992,4200.299999999998,122.4560551232,4077.8439448767986,Reversal,2025-05-08,1,True,False,2031930,69156,76071,0,95191,3.4
2025-05-08 09:45:00,2025-05-08 15:05:00,BEAR_CALL,24376.3,24400,24900,197.65,31.9,183.95,28.95,165.75,155.0,10.75,2096.25,176.12382204349998,1920.1261779565,Reversal,2025-05-15,0,False,True,2036008,99537,109490,30470,95068,4.9
2025-05-08 15:05:00,2025-05-08 15:15:00,BULL_PUT,24318.45,24300,23800,265.05,127.75,287.0,150.0,137.3,137.0,0.30000000000001137,58.50000000000222,245.791883474,-187.29188347399779,Reversal,2025-05-15,0,False,True,2037928,99300,109230,30398,94842,4.9
2025-05-08 15:15:00,2025-05-09 10:10:00,BEAR_CALL,24266.95,24250,24750,267.05,54.65,123.85,23.2,212.4,100.64999999999999,111.75000000000001,21791.250000000004,190.4732703125,21600.776729687503,Reversal,2025-05-15,1,True,True,2037740,99090,108999,30334,94641,4.9
2025-05-09 10:10:00,2025-05-09 10:40:00,BULL_PUT,24060.65,24050,23550,297.05,151.05,271.14,137.65,146.0,133.48999999999998,12.51000000000002,2439.450000000004,251.8881211007,2187.561878899304,Reversal,2025-05-15,0,False,False,2059341,68172,74989,0,93837,3.3
2025-05-09 10:40:00,2025-05-09 11:25:00,BEAR_CALL,24009.25,24000,24500,266.75,63.0,258.8,58.75,203.75,200.05,3.6999999999999886,721.4999999999977,212.823680999,508.67631900099775,Reversal,2025-05-15,0,False,False,2061529,68026,74829,0,93636,3.3
2025-05-09 11:25:00,2025-05-09 11:45:00,BULL_PUT,24093.9,24100,23600,267.8,122.55,264.0,127.6,145.25,136.4,8.849999999999994,1725.7499999999989,237.87219892849998,1487.8778010714989,Reversal,2025-05-15,0,False,False,2062037,68266,75093,0,93966,3.3
2025-05-09 11:45:00,2025-05-09 15:25:00,BEAR_CALL,24018.35,24000,24500,265.2,57.5,233.6,43.85,207.7,189.75,17.94999999999999,3500.2499999999977,205.5707606945,3294.6792393054975,Reversal,2025-05-15,0,False,False,2063525,68052,74857,0,93672,3.3
2025-05-09 15:25:00,2025-05-13 09:15:00,BULL_PUT,24038.65,24050,23550,234.85,107.55,14.45,6.9,127.3,7.549999999999999,119.75,23351.25,172.0768591625,23179.1731408375,Reversal,2025-05-15,4,True,False,2066820,68110,74920,0,93751,3.3
2025-05-13 09:15:00,2025-05-13 09:35:00,BEAR_CALL,24869.1,24850,25350,245.9,49.75,154.6,29.6,196.15,125.0,71.15,13874.250000000002,188.6582722055,13685.591727794501,Reversal,2025-05-15,0,False,False,2089999,70462,77509,0,96989,3.4
2025-05-13 09:35:00,2025-05-13 09:45:00,BULL_PUT,24834.7,24850,24350,236.7,57.3,237.7,57.05,179.39999999999998,180.64999999999998,-1.25,-243.75,201.67545091249997,-445.42545091249997,Reversal,2025-05-15,0,False,False,2103685,70365,77401,0,96855,3.3
2025-05-13 09:45:00,2025-05-13 10:05:00,BEAR_CALL,24692.55,24700,25200,214.0,43.7,192.15,39.45,170.3,152.7,17.600000000000023,3432.0000000000045,185.317551959,3246.6824480410046,Reversal,2025-05-15,0,False,False,2103239,69962,76958,0,96301,3.3
2025-05-13 10:05:00,2025-05-13 10:25:00,BULL_PUT,24776.2,24800,24300,244.5,57.6,235.0,55.35,186.9,179.65,7.25,1413.75,203.15425404350003,1210.5957459565,Reversal,2025-05-15,0,False,False,2106486,70199,77219,0,96627,3.3
2025-05-13 10:25:00,2025-05-13 10:50:00,BEAR_CALL,24658.2,24650,25150,239.65,54.4,247.1,54.2,185.25,192.89999999999998,-7.649999999999977,-1491.7499999999955,202.2740744705,-1694.0240744704954,Reversal,2025-05-15,0,False,False,2107697,69865,76851,0,96167,3.3
2025-05-13 10:50:00,2025-05-13 12:00:00,BULL_PUT,24733.0,24750,24250,205.0,47.15,220.25,46.95,157.85,173.3,-15.450000000000017,-3012.750000000003,187.6732575905,-3200.423257590503,Reversal,2025-05-15,0,False,False,2106003,70077,77085,0,96459,3.3
2025-05-13 12:00:00,2025-05-14 09:15:00,BEAR_CALL,24717.7,24700,25200,188.8,38.2,78.2,8.0,150.60000000000002,70.2,80.40000000000002,15678.000000000004,159.134526116,15518.865473884003,Reversal,2025-05-15,1,True,False,2102802,70033,77037,0,96399,3.3
2025-05-14 09:15:00,2025-05-14 10:55:00,BULL_PUT,24663.05,24650,24150,156.94,15.05,85.95,5.7,141.89,80.25,61.639999999999986,12019.799999999997,148.32007785319996,11871.479922146798,Reversal,2025-05-15,0,False,False,2118321,69879,76867,0,96186,3.3
2025-05-14 10:55:00,2025-05-14 13:05:00,BEAR_CALL,24684.6,24700,25200,101.95,5.8,58.0,3.5,96.15,54.5,41.650000000000006,8121.750000000001,129.2118786275,7992.538121372501,Reversal,2025-05-15,0,False,False,2130192,69940,76934,0,96270,3.3
2025-05-14 13:05:00,2025-05-15 09:15:00,BULL_PUT,24632.95,24650,24150,126.5,9.3,83.3,2.7,117.2,80.6,36.60000000000001,7137.000000000002,138.319900934,6998.680099066002,Reversal,2025-05-15,1,True,False,2138185,69793,76773,0,96069,3.3
2025-05-15 09:15:00,2025-05-15 10:30:00,BEAR_CALL,24622.7,24600,25100,253.8,60.65,223.2,54.0,193.15,169.2,23.950000000000017,4670.250000000004,204.58772883950004,4465.662271160503,Reversal,2025-05-22,0,False,True,2145184,100543,110597,30778,96029,4.7
2025-05-15 10:30:00,2025-05-15 10:50:00,BULL_PUT,24622.15,24600,24100,215.2,63.0,161.0,46.6,152.2,114.4,37.79999999999998,7370.999999999996,186.58953325399997,7184.410466745996,Reversal,2025-05-22,0,False,True,2149649,100540,110594,30778,96026,4.7
2025-05-15 10:50:00,2025-05-15 12:05:00,BEAR_CALL,24704.65,24700,25200,252.15,63.15,212.4,53.8,189.0,158.60000000000002,30.399999999999977,5927.999999999995,203.34627984499997,5724.653720154995,Reversal,2025-05-22,0,False,True,2156834,100877,110965,30881,96348,4.7
2025-05-15 12:05:00,2025-05-16 09:15:00,BULL_PUT,24699.8,24700,24200,235.4,70.34,88.2,27.45,165.06,60.75,104.31,20340.45,181.1307122357,20159.3192877643,Reversal,2025-05-22,1,True,True,2162558,100858,110943,30875,96329,4.7
2025-05-16 09:15:00,2025-05-19 09:20:00,BEAR_CALL,25003.7,25000,25500,220.15,45.0,187.5,33.2,175.15,154.3,20.849999999999994,4065.749999999999,184.99560748550002,3880.754392514499,Reversal,2025-05-22,3,True,False,2182718,70844,77928,0,97514,3.2
2025-05-19 09:20:00,2025-05-19 12:00:00,BULL_PUT,25044.85,25050,24550,194.9,43.7,188.6,37.45,151.2,151.14999999999998,0.05000000000001137,9.750000000002217,179.1613633295,-169.4113633294978,Reversal,2025-05-22,0,False,False,2186598,70960,78056,0,97675,3.2
2025-05-19 12:00:00,2025-05-20 09:15:00,BEAR_CALL,24983.05,25000,25500,163.69,27.05,135.9,19.7,136.64,116.2,20.439999999999984,3985.799999999997,159.5088642542,3826.291135745797,Reversal,2025-05-22,1,True,False,2186429,70785,77864,0,97434,3.2
2025-05-20 09:15:00,2025-05-20 09:25:00,BULL_PUT,24976.15,25000,24500,141.0,19.7,160.8,22.95,121.3,137.85000000000002,-16.550000000000026,-3227.250000000005,155.6657808035,-3382.915780803505,Reversal,2025-05-22,0,False,False,2190255,70766,77842,0,97407,3.2
2025-05-20 09:25:00,2025-05-20 10:45:00,BEAR_CALL,24935.65,24950,25450,140.5,20.65,147.69,20.14,119.85,127.55,-7.700000000000003,-1501.5000000000005,153.68089257740002,-1655.1808925774005,Reversal,2025-05-22,0,False,False,2186872,70651,77716,0,97249,3.2
2025-05-20 10:45:00,2025-05-20 11:20:00,BULL_PUT,24947.4,24950,24450,117.35,18.55,159.35,23.2,98.8,136.15,-37.35000000000001,-7283.250000000002,148.95597042350002,-7432.205970423502,Reversal,2025-05-22,0,False,False,2185217,70684,77753,0,97295,3.2
2025-05-20 11:20:00,2025-05-21 09:25:00,BEAR_CALL,24892.55,24900,25400,146.4,20.0,50.25,5.4,126.4,44.85,81.55000000000001,15902.250000000002,142.6166495915,15759.633350408501,Reversal,2025-05-22,1,True,False,2177785,70529,77582,0,97081,3.2
2025-05-21 09:25:00,2025-05-21 11:00:00,BULL_PUT,24738.3,24750,24250,130.94,11.1,59.05,5.7,119.84,53.349999999999994,66.49000000000001,12965.550000000001,138.4087791377,12827.1412208623,Reversal,2025-05-22,0,False,False,2193545,70092,77101,0,96479,3.2
2025-05-21 11:00:00,2025-05-21 12:30:00,BEAR_CALL,24878.8,24900,25400,137.85,13.05,64.55,6.2,124.8,58.349999999999994,66.45,12957.75,141.1156032395,12816.6343967605,Reversal,2025-05-22,0,False,False,2206372,70490,77539,0,97027,3.2
2025-05-21 12:30:00,2025-05-21 13:40:00,BULL_PUT,24766.55,24750,24250,112.05,9.75,103.5,8.69,102.3,94.81,7.489999999999995,1460.549999999999,137.79039607369998,1322.759603926299,Reversal,2025-05-22,0,False,False,2219188,70172,77189,0,96590,3.2
2025-05-21 13:40:00,2025-05-21 15:00:00,BEAR_CALL,24762.8,24750,25250,133.1,13.65,153.1,15.1,119.44999999999999,138.0,-18.55000000000001,-3617.2500000000023,150.09554671850003,-3767.345546718502,Reversal,2025-05-22,0,False,False,2220511,70161,77177,0,96575,3.2
2025-05-21 15:00:00,2025-05-22 09:15:00,BULL_PUT,24816.75,24800,24300,106.35,7.2,169.45,7.75,99.14999999999999,161.7,-62.55,-12197.25,141.5199336725,-12338.7699336725,Reversal,2025-05-22,1,True,False,2216744,70314,77346,0,96785,3.2
2025-05-22 09:15:00,2025-05-22 09:55:00,BEAR_CALL,24643.05,24650,25150,280.2,78.9,205.85,54.35,201.29999999999998,151.5,49.79999999999998,9710.999999999996,212.07611885900005,9498.923881140996,Reversal,2025-05-29,0,False,True,2204405,100626,110688,30804,96108,4.6
2025-05-22 09:55:00,2025-05-22 12:15:00,BULL_PUT,24629.65,24650,24150,230.05,65.65,225.0,61.4,164.4,163.6,0.8000000000000114,156.00000000000222,200.65630562299998,-44.65630562299776,Reversal,2025-05-29,0,False,True,2213904,100571,110628,30787,96056,4.5
2025-05-22 12:15:00,2025-05-22 14:40:00,BEAR_CALL,24557.3,24550,25050,245.35,62.05,234.5,55.35,183.3,179.15,4.150000000000006,809.2500000000011,203.7366377675,605.5133622325011,Reversal,2025-05-29,0,False,True,2213859,100276,110303,30697,95773,4.5
2025-05-22 14:40:00,2025-05-23 10:30:00,BULL_PUT,24557.55,24550,24050,181.25,49.05,103.7,26.3,132.2,77.4,54.79999999999998,10685.999999999996,165.304899689,10520.695100310997,Reversal,2025-05-29,1,True,True,2214465,100277,110304,30697,95774,4.5
2025-05-23 10:30:00,2025-05-23 10:45:00,BEAR_CALL,24753.25,24750,25250,239.35,52.65,265.2,60.0,186.7,205.2,-18.5,-3607.5,205.23358613599999,-3812.7335861359998,Reversal,2025-05-29,0,False,False,2224986,70134,77148,0,96538,3.2
2025-05-23 10:45:00,2025-05-23 11:45:00,BULL_PUT,24876.85,24900,24400,224.5,62.0,215.35,63.4,162.5,151.95,10.550000000000011,2057.2500000000023,198.50480960750002,1858.7451903925023,Reversal,2025-05-29,0,False,False,2221173,70484,77533,0,97020,3.2
2025-05-23 11:45:00,2025-05-23 12:30:00,BEAR_CALL,24804.3,24800,25300,270.7,63.95,285.3,70.75,206.75,214.55,-7.800000000000011,-1521.0000000000023,219.652646441,-1740.6526464410022,Reversal,2025-05-29,0,False,False,2223032,70279,77307,0,96737,3.2
2025-05-23 12:30:00,2025-05-23 14:40:00,BULL_PUT,24883.7,24900,24400,204.0,59.3,205.8,57.85,144.7,147.95000000000002,-3.2500000000000284,-633.7500000000056,190.2133857785,-823.9633857785055,Reversal,2025-05-29,0,False,False,2221291,70504,77554,0,97046,3.2
2025-05-23 14:40:00,2025-05-26 09:15:00,BEAR_CALL,24835.65,24850,25350,236.2,51.05,301.05,71.75,185.14999999999998,229.3,-44.150000000000034,-8609.250000000007,210.6239900315,-8819.873990031507,Reversal,2025-05-29,3,True,False,2220467,70368,77404,0,96859,3.2
2025-05-26 09:15:00,2025-05-26 10:25:00,BULL_PUT,25003.65,25000,24500,188.35,47.7,190.15,51.05,140.64999999999998,139.10000000000002,1.5499999999999545,302.24999999999113,181.6015871675,120.64841283249112,Reversal,2025-05-29,0,False,False,2211647,70844,77928,0,97514,3.2
2025-05-26 10:25:00,2025-05-26 11:15:00,BEAR_CALL,24975.2,25000,25500,224.65,44.45,222.55,45.9,180.2,176.65,3.549999999999983,692.2499999999967,192.7900378565,499.4599621434967,Reversal,2025-05-29,0,False,False,2211768,70763,77839,0,97403,3.2
2025-05-26 11:15:00,2025-05-27 09:15:00,BULL_PUT,24999.0,25000,24500,204.6,58.0,238.3,65.25,146.6,173.05,-26.450000000000017,-5157.750000000004,195.1697032745,-5352.919703274503,Reversal,2025-05-29,1,True,False,2212267,70830,77914,0,97496,3.2
2025-05-27 09:15:00,2025-05-27 11:00:00,BEAR_CALL,24874.3,24850,25350,271.35,63.65,179.8,37.0,207.70000000000002,142.8,64.9,12655.500000000002,201.19155133399997,12454.308448666003,Reversal,2025-05-29,0,False,False,2206914,70477,77525,0,97010,3.2
2025-05-27 11:00:00,2025-05-27 11:40:00,BULL_PUT,24872.8,24850,24350,224.5,47.2,152.1,35.25,177.3,116.85,60.45000000000002,11787.750000000004,183.8521994015,11603.897800598505,Reversal,2025-05-29,0,False,False,2219369,70473,77520,0,97004,3.2
2025-05-27 11:40:00,2025-05-27 14:45:00,BEAR_CALL,24968.95,24950,25450,243.95,57.45,145.1,26.15,186.5,118.94999999999999,67.55000000000001,13172.250000000002,187.0044528695,12985.245547130502,Reversal,2025-05-29,0,False,False,2230973,70745,77820,0,97379,3.2
2025-05-27 14:45:00,2025-05-28 09:25:00,BULL_PUT,24790.3,24800,24300,178.4,31.55,192.15,29.55,146.85,162.6,-15.75,-3071.25,171.6475605395,-3242.8975605395,Reversal,2025-05-29,1,True,False,2243958,70239,77263,0,96682,3.1
2025-05-28 09:25:00,2025-05-28 12:50:00,BEAR_CALL,24769.15,24750,25250,217.7,49.35,177.4,31.85,168.35,145.55,22.799999999999983,4445.999999999996,183.43801676900003,4262.561983230997,Reversal,2025-05-29,0,False,False,2240715,70179,77197,0,96600,3.1
2025-05-28 12:50:00,2025-05-28 15:00:00,BULL_PUT,24817.1,24800,24300,120.9,7.65,133.25,9.0,113.25,124.25,-11.0,-2145.0,142.756202804,-2287.756202804,Reversal,2025-05-29,0,False,False,2244977,70315,77347,0,96787,3.1
2025-05-28 15:00:00,2025-05-29 09:15:00,BEAR_CALL,24756.55,24750,25250,124.85,13.4,183.45,12.55,111.44999999999999,170.89999999999998,-59.44999999999999,-11592.749999999998,149.7479350775,-11742.497935077497,Reversal,2025-05-29,1,True,False,2242690,70144,77158,0,96551,3.1
2025-05-29 09:15:00,2025-05-29 09:20:00,BULL_PUT,24847.95,24850,24350,218.7,63.8,220.15,60.15,154.89999999999998,160.0,-5.100000000000023,-994.5000000000044,196.577807264,-1191.0778072640044,Reversal,2025-06-05,0,False,True,2230947,101462,111609,31060,96907,4.5
2025-05-29 09:20:00,2025-05-29 12:55:00,BEAR_CALL,24803.6,24800,25300,280.05,91.4,199.2,55.25,188.65,143.95,44.70000000000002,8716.500000000004,212.79768991699999,8503.702310083003,Reversal,2025-06-05,0,False,True,2229756,101281,111410,31004,96734,4.5
2025-05-29 12:55:00,2025-05-30 09:15:00,BULL_PUT,24768.6,24750,24250,209.0,49.15,158.55,32.75,159.85,125.80000000000001,34.04999999999998,6639.749999999996,179.6042869535,6460.145713046496,Reversal,2025-06-05,1,True,True,2238260,101138,111252,30961,96598,4.5
2025-05-30 09:15:00,2025-05-30 13:55:00,BEAR_CALL,24806.0,24800,25300,220.3,51.2,214.55,50.3,169.10000000000002,164.25,4.850000000000023,945.7500000000044,192.6940938005,753.0559061995044,Reversal,2025-06-05,0,False,False,2244720,70284,77312,0,96743,3.1
2025-05-30 13:55:00,2025-05-30 15:00:00,BULL_PUT,24788.95,24800,24300,201.1,43.85,203.5,43.1,157.25,160.4,-3.1500000000000057,-614.2500000000011,183.76554237650004,-798.0155423765011,Reversal,2025-06-05,0,False,False,2245473,70235,77259,0,96677,3.1
2025-05-30 15:00:00,2025-06-02 09:55:00,BEAR_CALL,24739.5,24750,25250,225.6,52.9,113.55,22.6,172.7,90.94999999999999,81.75,15941.25,177.76765932950002,15763.4823406705,Reversal,2025-06-05,3,True,False,2244675,70095,77105,0,96484,3.1
2025-06-02 09:55:00,2025-06-02 12:55:00,BULL_PUT,24598.05,24600,24100,199.4,34.95,168.35,36.4,164.45,131.95,32.5,6337.5,177.569756033,6159.930243967,Reversal,2025-06-05,0,False,False,2260438,69694,76664,0,95932,3.1
2025-06-02 12:55:00,2025-06-02 14:55:00,BEAR_CALL,24685.1,24700,25200,250.2,65.1,221.2,51.85,185.1,169.35,15.75,3071.25,203.21026206050004,2868.0397379395,Reversal,2025-06-05,0,False,False,2266598,69941,76935,0,96272,3.1
2025-06-02 14:55:00,2025-06-02 15:25:00,BULL_PUT,24714.25,24700,24200,206.05,43.6,214.1,50.35,162.45000000000002,163.75,-1.299999999999983,-253.49999999999667,188.053843283,-441.5538432829967,Reversal,2025-06-05,0,False,False,2269466,70024,77026,0,96386,3.1
2025-06-02 15:25:00,2025-06-03 09:35:00,BEAR_CALL,24690.35,24700,25200,218.15,49.95,206.1,51.4,168.2,154.7,13.5,2632.5,191.55126402800002,2440.948735972,Reversal,2025-06-05,1,True,False,2269025,69956,76952,0,96292,3.1
2025-06-03 09:35:00,2025-06-03 10:35:00,BULL_PUT,24674.15,24650,24150,218.5,46.2,165.95,30.85,172.3,135.1,37.20000000000002,7254.000000000004,182.10023424499997,7071.8997657550035,Reversal,2025-06-05,0,False,False,2271466,69910,76901,0,96229,3.1
2025-06-03 10:35:00,2025-06-03 11:30:00,BEAR_CALL,24647.65,24650,25150,254.05,61.1,212.1,46.5,192.95000000000002,165.6,27.350000000000023,5333.250000000005,201.64415146250002,5131.605848537504,Reversal,2025-06-05,0,False,False,2278538,69835,76819,0,96126,3.1
2025-06-03 11:30:00,2025-06-03 12:50:00,BULL_PUT,24653.75,24650,24150,194.05,36.9,223.05,41.95,157.15,181.10000000000002,-23.950000000000017,-4670.250000000004,182.6009847485,-4852.850984748504,Reversal,2025-06-05,0,False,False,2283669,69852,76838,0,96150,3.1
2025-06-03 12:50:00,2025-06-03 14:10:00,BEAR_CALL,24526.9,24550,25050,237.8,60.25,166.95,26.6,177.55,140.35,37.20000000000002,7254.000000000004,187.59076410799997,7066.409235892003,Reversal,2025-06-05,0,False,False,2278816,69493,76442,0,95655,3.0
2025-06-03 14:10:00,2025-06-03 15:10:00,BULL_PUT,24577.15,24600,24100,129.3,11.15,145.6,16.35,118.15,129.25,-11.099999999999994,-2164.499999999999,148.510889612,-2313.010889611999,Reversal,2025-06-05,0,False,False,2285883,69635,76599,0,95851,3.0
2025-06-03 15:10:00,2025-06-04 10:20:00,BEAR_CALL,24535.2,24550,25050,153.8,24.25,113.9,11.4,129.55,102.5,27.05000000000001,5274.750000000002,152.2922150105,5122.457784989502,Reversal,2025-06-05,1,True,False,2283570,69516,76468,0,95687,3.0
2025-06-04 10:20:00,2025-06-05 10:45:00,BULL_PUT,24595.2,24600,24100,91.7,4.75,8.25,0.6,86.95,7.65,79.3,15463.5,121.107531539,15342.392468461,Reversal,2025-06-05,1,True,False,2288692,69686,76655,0,95921,3.0
2025-06-05 10:45:00,2025-06-05 11:55:00,BEAR_CALL,24706.05,24700,25200,210.7,42.75,216.85,48.55,167.95,168.3,-0.35000000000002274,-68.25000000000443,189.01013527550003,-257.26013527550447,Reversal,2025-06-12,0,False,True,2304035,100883,110971,30883,96354,4.4
2025-06-05 11:55:00,2025-06-05 12:25:00,BULL_PUT,24742.05,24750,24250,188.05,40.3,140.4,32.3,147.75,108.10000000000001,39.64999999999999,7731.749999999998,171.3052808615,7560.444719138498,Reversal,2025-06-12,0,False,True,2303777,101030,111133,30928,96494,4.4
2025-06-05 12:25:00,2025-06-05 14:40:00,BEAR_CALL,24822.1,24800,25300,238.45,52.95,187.25,37.1,185.5,150.15,35.349999999999994,6893.249999999999,191.82099292249998,6701.429007077499,Reversal,2025-06-12,0,False,True,2311338,101357,111493,31028,96806,4.4
2025-06-05 14:40:00,2025-06-06 09:30:00,BULL_PUT,24751.55,24750,24250,168.75,36.9,176.8,33.15,131.85,143.65,-11.800000000000011,-2301.0000000000023,169.093457228,-2470.093457228002,Reversal,2025-06-12,1,True,True,2318039,101069,111176,30939,96531,4.4
2025-06-06 09:30:00,2025-06-06 10:05:00,BEAR_CALL,24708.45,24700,25200,191.0,35.0,188.3,34.6,156.0,153.70000000000002,2.299999999999983,448.4999999999967,176.50120540700001,271.99879459299666,Reversal,2025-06-12,0,False,False,2315569,70007,77008,0,96363,3.0
2025-06-06 10:05:00,2025-06-06 13:05:00,BULL_PUT,24794.6,24800,24300,225.4,48.9,100.85,18.35,176.5,82.5,94.0,18330.0,175.06823940499999,18154.931760595,Reversal,2025-06-12,0,False,False,2315841,70251,77277,0,96699,3.0
2025-06-06 13:05:00,2025-06-06 14:25:00,BEAR_CALL,24968.35,24950,25450,209.8,37.25,228.8,40.05,172.55,188.75,-16.19999999999999,-3158.9999999999977,186.97301311700002,-3345.9730131169977,Reversal,2025-06-12,0,False,False,2333996,70744,77818,0,97377,3.0
2025-06-06 14:25:00,2025-06-09 14:10:00,BULL_PUT,25017.0,25000,24500,154.5,29.3,92.75,13.15,125.2,79.6,45.60000000000001,8892.000000000002,151.55668981099998,8740.443310189003,Reversal,2025-06-12,3,True,False,2330650,70882,77970,0,97566,3.0
2025-06-09 14:10:00,2025-06-10 09:20:00,BEAR_CALL,25090.4,25100,25600,133.3,12.3,128.15,10.0,121.00000000000001,118.15,2.8500000000000085,555.7500000000017,146.42827126249998,409.32172873750176,Reversal,2025-06-12,1,True,False,2339391,71089,78198,0,97853,3.0
2025-06-10 09:20:00,2025-06-10 09:25:00,BULL_PUT,25138.45,25150,24650,140.05,17.0,111.15,13.15,123.05000000000001,98.0,25.05000000000001,4884.750000000002,148.0900531505,4736.6599468495015,Reversal,2025-06-12,0,False,False,2339800,71226,78348,0,98040,3.0
2025-06-10 09:25:00,2025-06-10 09:45:00,BEAR_CALL,25089.25,25100,25600,138.05,10.0,120.85,8.7,128.05,112.14999999999999,15.90000000000002,3100.500000000004,146.54065578799998,2953.959344212004,Reversal,2025-06-12,0,False,False,2344537,71086,78195,0,97848,3.0
2025-06-10 09:45:00,2025-06-10 10:50:00,BULL_PUT,25124.35,25100,24600,111.1,12.85,82.1,9.5,98.25,72.6,25.650000000000006,5001.750000000001,136.1442444965,4865.605755503501,Reversal,2025-06-12,0,False,False,2347491,71186,78304,0,97985,3.0
2025-06-10 10:50:00,2025-06-11 09:15:00,BEAR_CALL,25113.45,25100,25600,124.2,6.85,72.05,3.0,117.35000000000001,69.05,48.30000000000001,9418.500000000002,136.562597243,9281.937402757001,Reversal,2025-06-12,1,True,False,2352356,71155,78270,0,97942,3.0
2025-06-11 09:15:00,2025-06-11 13:25:00,BULL_PUT,25128.2,25150,24650,113.3,7.25,53.85,3.3,106.05,50.550000000000004,55.49999999999999,10822.499999999998,132.063103751,10690.436896248999,Reversal,2025-06-12,0,False,False,2361638,71197,78316,0,98000,3.0
2025-06-11 13:25:00,2025-06-11 14:20:00,BEAR_CALL,25171.65,25150,25650,98.1,3.1,71.85,2.35,95.0,69.5,25.5,4972.5,128.806311602,4843.693688398,Reversal,2025-06-12,0,False,False,2372329,71320,78452,0,98169,3.0
2025-06-11 14:20:00,2025-06-12 09:35:00,BULL_PUT,25150.45,25150,24650,80.15,4.15,41.65,1.25,76.0,40.4,35.6,6942.0,120.96937493600001,6821.030625064,Reversal,2025-06-12,1,True,False,2377172,71260,78386,0,98087,3.0
2025-06-12 09:35:00,2025-06-12 12:45:00,BEAR_CALL,25149.9,25150,25650,209.05,31.75,141.85,20.1,177.3,121.75,55.55000000000001,10832.250000000002,173.1191197325,10659.130880267501,Reversal,2025-06-19,0,False,True,2383993,102695,112965,31437,98085,4.3
2025-06-12 12:45:00,2025-06-12 13:00:00,BULL_PUT,25069.95,25050,24550,159.4,31.15,163.05,31.95,128.25,131.10000000000002,-2.8500000000000227,-555.7500000000044,164.4584940965,-720.2084940965044,Reversal,2025-06-19,0,False,True,2394652,102369,112606,31337,97773,4.3
2025-06-12 13:00:00,2025-06-12 14:30:00,BEAR_CALL,25030.15,25050,25550,187.0,29.4,122.25,18.6,157.6,103.65,53.94999999999999,10520.249999999998,164.6681615675,10355.581838432498,Reversal,2025-06-19,0,False,True,2393932,102206,112427,31288,97618,4.3
2025-06-12 14:30:00,2025-06-12 15:25:00,BULL_PUT,24909.7,24900,24400,168.4,35.5,188.0,41.55,132.9,146.45,-13.549999999999983,-2642.249999999997,172.1839628735,-2814.433962873497,Reversal,2025-06-19,0,False,True,2404288,101715,111886,31137,97148,4.2
2025-06-12 15:25:00,2025-06-13 09:15:00,BEAR_CALL,24856.0,24850,25350,197.5,33.95,92.6,15.9,163.55,76.69999999999999,86.85000000000002,16935.750000000004,164.6239924685,16771.126007531504,Reversal,2025-06-19,1,True,True,2401473,101495,111645,31070,96938,4.2
2025-06-13 09:15:00,2025-06-13 14:40:00,BULL_PUT,24601.15,24600,24100,230.8,76.6,134.2,34.75,154.20000000000002,99.44999999999999,54.75000000000003,10676.250000000005,186.4688085005,10489.781191499505,Reversal,2025-06-19,0,False,False,2418244,69703,76674,0,95944,2.9
2025-06-13 14:40:00,2025-06-13 15:05:00,BEAR_CALL,24687.65,24700,25200,173.95,25.35,165.35,23.9,148.6,141.45,7.150000000000006,1394.2500000000011,165.95147298650002,1228.2985270135011,Reversal,2025-06-19,0,False,False,2428734,69948,76943,0,96282,2.9
2025-06-13 15:05:00,2025-06-16 09:45:00,BULL_PUT,24727.9,24750,24250,212.9,58.05,133.3,25.9,154.85000000000002,107.4,47.45000000000002,9252.750000000004,177.35108609449998,9075.398913905503,Reversal,2025-06-19,3,True,False,2429963,70062,77069,0,96439,2.9
2025-06-16 09:45:00,2025-06-16 10:15:00,BEAR_CALL,24713.25,24700,25200,178.15,17.4,189.65,18.1,160.75,171.55,-10.800000000000011,-2106.0000000000023,166.94439377900002,-2272.9443937790024,Reversal,2025-06-19,0,False,False,2439038,70021,77023,0,96382,2.9
2025-06-16 10:15:00,2025-06-17 09:15:00,BULL_PUT,24790.35,24800,24300,142.0,26.5,80.4,16.7,115.5,63.7,51.8,10101.0,147.74698272799998,9953.253017272,Reversal,2025-06-19,1,True,False,2436765,70239,77263,0,96682,2.9
2025-06-17 09:15:00,2025-06-17 10:35:00,BEAR_CALL,24896.4,24900,25400,140.25,10.25,99.85,7.3,130.0,92.55,37.45,7302.750000000001,144.9396749195,7157.810325080501,Reversal,2025-06-19,0,False,False,2446718,70540,77594,0,97096,2.9
2025-06-17 10:35:00,2025-06-17 12:10:00,BULL_PUT,24896.9,24900,24400,116.5,16.3,117.3,14.4,100.2,102.89999999999999,-2.6999999999999886,-526.4999999999977,142.391994635,-668.8919946349977,Reversal,2025-06-19,0,False,False,2453876,70541,77595,0,97098,2.9
2025-06-17 12:10:00,2025-06-17 14:05:00,BEAR_CALL,24855.7,24850,25350,114.65,8.3,103.6,6.35,106.35000000000001,97.25,9.100000000000009,1774.5000000000016,137.743835327,1636.7561646730016,Reversal,2025-06-19,0,False,False,2453207,70424,77467,0,96937,2.9
2025-06-17 14:05:00,2025-06-18 10:20:00,BULL_PUT,24862.95,24850,24350,99.6,14.65,63.9,5.3,84.94999999999999,58.6,26.349999999999987,5138.249999999997,130.35509787350003,5007.894902126497,Reversal,2025-06-19,1,True,False,2454844,70445,77490,0,96966,2.9
2025-06-18 10:20:00,2025-06-18 14:45:00,BEAR_CALL,24878.7,24900,25400,97.25,3.4,40.1,1.9,93.85,38.2,55.64999999999999,10851.749999999998,125.6838324695,10726.066167530498,Reversal,2025-06-19,0,False,False,2459852,70490,77539,0,97027,2.9
2025-06-18 14:45:00,2025-06-19 09:15:00,BULL_PUT,24807.85,24800,24300,82.15,6.0,70.25,1.95,76.15,68.3,7.8500000000000085,1530.7500000000016,124.3917979205,1406.3582020795016,Reversal,2025-06-19,1,True,False,2470578,70289,77318,0,96751,2.8
2025-06-19 09:15:00,2025-06-19 09:25:00,BEAR_CALL,24756.2,24750,25250,220.2,43.35,237.95,46.35,176.85,191.6,-14.75,-2876.25,192.9381345455,-3069.1881345455,Reversal,2025-06-26,0,False,True,2471984,101088,111197,30945,96549,4.1
2025-06-19 09:25:00,2025-06-19 10:30:00,BULL_PUT,24816.05,24800,24300,174.75,48.75,155.8,41.3,126.0,114.50000000000001,11.499999999999986,2242.4999999999973,172.209102878,2070.290897121997,Reversal,2025-06-26,0,False,True,2468915,101332,111465,31020,96783,4.1
2025-06-19 10:30:00,2025-06-19 14:00:00,BEAR_CALL,24800.05,24800,25300,214.35,34.75,218.7,34.7,179.6,184.0,-4.400000000000006,-858.0000000000011,185.64470907499998,-1043.6447090750012,Reversal,2025-06-26,0,False,True,2470985,101267,111394,31000,96720,4.1
2025-06-19 14:00:00,2025-06-19 14:40:00,BULL_PUT,24827.3,24850,24350,186.3,53.75,198.3,57.15,132.55,141.15,-8.599999999999994,-1676.9999999999989,183.97062666499997,-1860.970626664999,Reversal,2025-06-26,0,False,True,2469942,101378,111516,31034,96826,4.1
2025-06-19 14:40:00,2025-06-20 09:15:00,BEAR_CALL,24804.7,24800,25300,207.0,33.65,219.45,33.75,173.35,185.7,-12.349999999999994,-2408.249999999999,183.31499452550003,-2591.564994525499,Reversal,2025-06-26,1,True,True,2468081,101286,111414,31006,96738,4.1
2025-06-20 09:15:00,2025-06-20 12:25:00,BULL_PUT,24859.7,24850,24350,155.15,36.4,93.0,24.35,118.75,68.65,50.099999999999994,9769.499999999998,155.484542207,9614.015457792999,Reversal,2025-06-26,0,False,False,2465489,70436,77479,0,96953,2.9
2025-06-20 12:25:00,2025-06-20 12:45:00,BEAR_CALL,24981.95,25000,25500,181.45,20.05,187.55,20.5,161.39999999999998,167.05,-5.650000000000034,-1101.7500000000066,168.5715152165,-1270.3215152165067,Reversal,2025-06-26,0,False,False,2475103,70782,77860,0,97430,2.9
2025-06-20 12:45:00,2025-06-20 15:25:00,BULL_PUT,25020.85,25000,24500,133.45,32.35,114.8,34.3,101.1,80.5,20.599999999999994,4016.999999999999,153.78903748700003,3863.2109625129992,Reversal,2025-06-26,0,False,False,2473833,70892,77982,0,97581,2.9
2025-06-20 15:25:00,2025-06-23 10:25:00,BEAR_CALL,25079.75,25100,25600,156.35,14.65,56.7,4.55,141.7,52.150000000000006,89.54999999999998,17462.249999999996,145.23382781749999,17317.016172182495,Reversal,2025-06-26,3,True,False,2477696,71059,78165,0,97811,2.9
2025-06-23 10:25:00,2025-06-23 14:15:00,BULL_PUT,24893.75,24900,24400,152.2,30.45,90.15,19.4,121.74999999999999,70.75,50.999999999999986,9944.999999999996,152.523418886,9792.476581113997,Reversal,2025-06-26,0,False,False,2495013,70532,77586,0,97086,2.8
2025-06-23 14:15:00,2025-06-24 09:15:00,BEAR_CALL,25002.1,25000,25500,162.55,13.25,284.6,31.9,149.3,252.70000000000002,-103.4,-20163.0,174.42120584900002,-20337.421205849,Reversal,2025-06-26,1,True,False,2504806,70839,77923,0,97508,2.8
2025-06-24 09:15:00,2025-06-24 09:35:00,BULL_PUT,25234.4,25250,24750,122.15,16.25,144.05,20.3,105.9,123.75000000000001,-17.85000000000001,-3480.750000000002,147.9363517325,-3628.686351732502,Reversal,2025-06-26,0,False,False,2484468,71497,78647,0,98414,2.9
2025-06-24 09:35:00,2025-06-24 10:00:00,BEAR_CALL,25163.3,25150,25650,147.85,10.45,165.95,11.2,137.4,154.75,-17.349999999999994,-3383.249999999999,153.9484341335,-3537.198434133499,Reversal,2025-06-26,0,False,False,2480839,71296,78426,0,98137,2.9
2025-06-24 10:00:00,2025-06-24 10:45:00,BULL_PUT,25207.1,25200,24700,112.4,17.25,101.25,14.9,95.15,86.35,8.800000000000011,1716.0000000000023,140.068547054,1575.9314529460023,Reversal,2025-06-26,0,False,False,2477302,71420,78562,0,98308,2.9
2025-06-24 10:45:00,2025-06-24 11:05:00,BEAR_CALL,25196.4,25200,25700,145.8,8.85,165.3,10.35,136.95000000000002,154.95000000000002,-18.0,-3510.0,152.94755078900002,-3662.947550789,Reversal,2025-06-26,0,False,False,2478878,71390,78529,0,98266,2.9
2025-06-24 11:05:00,2025-06-24 12:35:00,BULL_PUT,25264.15,25250,24750,111.4,16.7,90.2,14.05,94.7,76.15,18.549999999999997,3617.2499999999995,138.53724378049998,3478.7127562194996,Reversal,2025-06-26,0,False,False,2475215,71582,78740,0,98530,2.9
2025-06-24 12:35:00,2025-06-24 12:50:00,BEAR_CALL,25248.8,25250,25750,151.0,7.8,133.85,6.85,143.2,127.0,16.19999999999999,3158.9999999999977,150.563799185,3008.436200814998,Reversal,2025-06-26,0,False,False,2478694,71538,78692,0,98470,2.9
2025-06-24 12:50:00,2025-06-24 13:10:00,BULL_PUT,25270.1,25250,24750,103.05,15.4,97.05,13.7,87.64999999999999,83.35,4.299999999999997,838.4999999999994,136.61495969600003,701.8850403039994,Reversal,2025-06-26,0,False,False,2481702,71599,78758,0,98553,2.9
2025-06-24 13:10:00,2025-06-25 09:15:00,BEAR_CALL,25182.35,25200,25700,157.35,8.4,68.2,3.05,148.95,65.15,83.79999999999998,16340.999999999996,145.55646731000002,16195.443532689997,Reversal,2025-06-26,1,True,False,2482404,71350,78485,0,98211,2.9
2025-06-25 09:15:00,2025-06-26 10:20:00,BULL_PUT,25161.85,25150,24650,91.55,5.9,13.05,1.4,85.64999999999999,11.65,73.99999999999999,14429.999999999996,121.810187597,14308.189812402996,Reversal,2025-06-26,1,True,False,2498600,71292,78421,0,98131,2.9
2025-06-26 10:20:00,2025-06-26 11:30:00,BEAR_CALL,25373.7,25350,25850,210.55,39.0,203.45,36.05,171.55,167.39999999999998,4.150000000000034,809.2500000000066,183.99991580149995,625.2500841985067,Reversal,2025-07-03,0,False,True,2512908,103609,113970,31717,98957,4.1
2025-06-26 11:30:00,2025-06-26 12:50:00,BULL_PUT,25362.15,25350,24850,173.85,43.15,158.65,39.9,130.7,118.75,11.949999999999989,2330.2499999999977,171.3304929965,2158.9195070034975,Reversal,2025-07-03,0,False,True,2513533,103562,113918,31703,98912,4.1
2025-06-26 12:50:00,2025-06-26 13:15:00,BEAR_CALL,25358.45,25350,25850,216.35,38.5,234.0,43.5,177.85,190.5,-12.650000000000006,-2466.750000000001,190.3093927805,-2657.0593927805007,Reversal,2025-07-03,0,False,True,2515692,103547,113902,31698,98898,4.1
2025-06-26 13:15:00,2025-06-30 09:35:00,BULL_PUT,25430.9,25450,24950,195.45,51.35,69.45,11.15,144.1,58.300000000000004,85.79999999999998,16730.999999999996,162.235447862,16568.764552137996,Reversal,2025-07-03,4,True,True,2513035,103843,114227,31789,99181,4.1
2025-06-30 09:35:00,2025-06-30 10:15:00,BEAR_CALL,25596.95,25600,26100,151.8,13.8,142.5,12.6,138.0,129.9,8.099999999999994,1579.4999999999989,153.664825841,1425.8351741589988,Reversal,2025-07-03,0,False,False,2529604,72525,79777,0,99828,2.9
2025-06-30 10:15:00,2025-06-30 10:40:00,BULL_PUT,25600.0,25600,25100,123.65,17.25,131.5,18.25,106.4,113.25,-6.849999999999994,-1335.7499999999989,146.76952020949997,-1482.5195202094988,Reversal,2025-07-03,0,False,False,2531030,72533,79787,0,99840,2.9
2025-06-30 10:40:00,2025-06-30 12:10:00,BEAR_CALL,25544.4,25550,26050,160.5,14.25,150.4,13.7,146.25,136.70000000000002,9.549999999999983,1862.2499999999966,157.11269437549998,1705.1373056244965,Reversal,2025-07-03,0,False,False,2529547,72376,79613,0,99623,2.9
2025-06-30 12:10:00,2025-06-30 12:35:00,BULL_PUT,25585.95,25600,25100,135.4,17.25,140.45,17.15,118.15,123.29999999999998,-5.149999999999977,-1004.2499999999956,150.50552645750003,-1154.7555264574955,Reversal,2025-07-03,0,False,False,2531252,72494,79743,0,99785,2.9
2025-06-30 12:35:00,2025-06-30 15:05:00,BEAR_CALL,25546.4,25550,26050,141.3,12.75,114.4,11.5,128.55,102.9,25.650000000000006,5001.750000000001,147.8914246685,4853.858575331501,Reversal,2025-07-03,0,False,False,2530098,72381,79620,0,99631,2.9
2025-06-30 15:05:00,2025-07-01 10:05:00,BULL_PUT,25520.95,25500,25000,120.75,13.65,79.6,8.25,107.1,71.35,35.75,6971.25,138.3215965175,6832.9284034825,Reversal,2025-07-03,1,True,False,2534951,72309,79540,0,99532,2.9
2025-07-01 10:05:00,2025-07-01 14:10:00,BEAR_CALL,25547.0,25550,26050,119.85,8.0,99.05,5.3,111.85,93.75,18.099999999999994,3529.499999999999,138.467323586,3391.032676413999,Reversal,2025-07-03,0,False,False,2541784,72383,79621,0,99633,2.8
2025-07-01 14:10:00,2025-07-02 09:30:00,BULL_PUT,25551.85,25550,25050,85.65,5.75,67.0,3.1,79.9,63.9,16.000000000000007,3120.0000000000014,125.37235524500001,2994.6276447550013,Reversal,2025-07-03,1,True,False,2545175,72397,79637,0,99652,2.8
2025-07-02 09:30:00,2025-07-02 14:55:00,BEAR_CALL,25546.65,25550,26050,92.0,2.8,30.55,1.35,89.2,29.2,60.0,11700.0,123.18580012099999,11576.814199879,Reversal,2025-07-03,0,False,False,2548170,72382,79620,0,99632,2.8
2025-07-02 14:55:00,2025-07-03 09:20:00,BULL_PUT,25430.2,25450,24950,79.3,2.7,23.3,1.05,76.6,22.25,54.349999999999994,10598.249999999998,118.9394154005,10479.310584599498,Reversal,2025-07-03,1,True,False,2559747,72052,79257,0,99178,2.8
2025-07-03 09:20:00,2025-07-03 09:40:00,BEAR_CALL,25465.05,25450,25950,223.05,36.95,179.8,27.25,186.10000000000002,152.55,33.55000000000001,6542.250000000002,182.76740894149998,6359.482591058502,Reversal,2025-07-10,0,False,True,2570226,103982,114381,31831,99314,4.0
2025-07-03 09:40:00,2025-07-03 11:40:00,BULL_PUT,25497.2,25500,25000,165.4,29.7,128.2,21.9,135.70000000000002,106.29999999999998,29.400000000000034,5733.000000000006,160.148309276,5572.851690724006,Reversal,2025-07-10,0,False,True,2576586,104114,114525,31872,99439,4.0
2025-07-03 11:40:00,2025-07-03 13:35:00,BEAR_CALL,25512.9,25500,26000,196.8,30.25,194.35,29.05,166.55,165.29999999999998,1.2500000000000284,243.75000000000554,176.6846365835,67.06536341650553,Reversal,2025-07-10,0,False,True,2582158,104178,114595,31891,99500,4.0
2025-07-03 13:35:00,2025-07-03 13:45:00,BULL_PUT,25569.5,25550,25050,156.0,27.2,149.2,26.75,128.8,122.44999999999999,6.350000000000023,1238.2500000000045,160.51296986449998,1077.7370301355045,Reversal,2025-07-10,0,False,True,2582225,104409,114850,31962,99721,4.0
2025-07-03 13:45:00,2025-07-04 11:00:00,BEAR_CALL,25512.5,25500,26000,205.75,31.65,110.1,11.85,174.1,98.25,75.85,14790.749999999998,167.12241429050002,14623.627585709499,Reversal,2025-07-10,1,True,True,2583303,104176,114594,31891,99499,4.0
2025-07-04 11:00:00,2025-07-04 11:35:00,BULL_PUT,25424.75,25400,24900,126.0,16.95,142.7,20.7,109.05,121.99999999999999,-12.949999999999989,-2525.2499999999977,149.0564439005,-2674.306443900498,Reversal,2025-07-10,0,False,False,2597927,72037,79240,0,99157,2.8
2025-07-04 11:35:00,2025-07-04 13:55:00,BEAR_CALL,25379.9,25400,25900,141.0,15.0,127.6,14.1,126.0,113.5,12.5,2437.5,149.88553435100002,2287.614465649,Reversal,2025-07-10,0,False,False,2595253,71910,79101,0,98982,2.8
2025-07-04 13:55:00,2025-07-07 10:05:00,BULL_PUT,25384.05,25400,24900,147.5,20.4,89.1,9.9,127.1,79.19999999999999,47.900000000000006,9340.500000000002,147.615272747,9192.884727253002,Reversal,2025-07-10,3,True,False,2597540,71921,79114,0,98998,2.8
2025-07-07 10:05:00,2025-07-07 10:55:00,BEAR_CALL,25422.0,25400,25900,156.2,13.0,164.3,14.3,143.2,150.0,-6.800000000000011,-1326.0000000000023,157.198959314,-1483.1989593140022,Reversal,2025-07-10,0,False,False,2606733,72029,79232,0,99146,2.8
2025-07-07 10:55:00,2025-07-07 12:00:00,BULL_PUT,25468.8,25450,24950,107.4,11.2,114.45,11.7,96.2,102.75,-6.549999999999997,-1277.2499999999995,138.4252906925,-1415.6752906924996,Reversal,2025-07-10,0,False,False,2605250,72162,79378,0,99328,2.8
2025-07-07 12:00:00,2025-07-07 14:00:00,BEAR_CALL,25432.05,25450,25950,121.35,10.0,120.3,9.65,111.35,110.64999999999999,0.7000000000000028,136.50000000000057,142.129838819,-5.6298388189994455,Reversal,2025-07-10,0,False,False,2603834,72057,79263,0,99185,2.8
2025-07-07 14:00:00,2025-07-07 14:40:00,BULL_PUT,25463.15,25450,24950,107.45,11.0,113.4,12.25,96.45,101.15,-4.700000000000003,-916.5000000000006,138.48168818300002,-1054.9816881830006,Reversal,2025-07-10,0,False,False,2603829,72146,79360,0,99306,2.8
2025-07-07 14:40:00,2025-07-07 15:05:00,BEAR_CALL,25425.25,25450,25950,113.8,8.85,121.1,9.2,104.95,111.89999999999999,-6.949999999999989,-1355.2499999999977,139.8832196585,-1495.1332196584976,Reversal,2025-07-10,0,False,False,2602774,72038,79242,0,99158,2.8
2025-07-07 15:05:00,2025-07-08 10:40:00,BULL_PUT,25466.0,25450,24950,104.65,11.25,85.8,6.25,93.4,79.55,13.850000000000009,2700.750000000002,133.64194630850002,2567.108053691502,Reversal,2025-07-10,1,True,False,2601278,72154,79369,0,99317,2.8
2025-07-08 10:40:00,2025-07-08 12:30:00,BEAR_CALL,25446.5,25450,25950,103.2,4.7,105.8,4.55,98.5,101.25,-2.75,-536.25,133.9508204975,-670.2008204975,Reversal,2025-07-10,0,False,False,2603846,72098,79308,0,99241,2.8
2025-07-08 12:30:00,2025-07-09 09:15:00,BULL_PUT,25474.25,25450,24950,77.05,5.35,46.5,2.75,71.7,43.75,27.950000000000003,5450.250000000001,121.0575990395,5329.192400960501,Reversal,2025-07-10,1,True,False,2603175,72177,79395,0,99350,2.8
2025-07-09 09:15:00,2025-07-09 09:55:00,BEAR_CALL,25488.3,25500,26000,87.3,2.65,73.55,2.2,84.64999999999999,71.35,13.299999999999997,2593.4999999999995,125.88312319100001,2467.6168768089997,Reversal,2025-07-10,0,False,False,2608505,72217,79439,0,99404,2.8
2025-07-09 09:55:00,2025-07-09 13:00:00,BULL_PUT,25517.4,25500,25000,63.4,2.55,45.4,2.45,60.85,42.949999999999996,17.900000000000006,3490.500000000001,116.851108394,3373.6488916060007,Reversal,2025-07-10,0,False,False,2610972,72299,79529,0,99518,2.8
2025-07-09 13:00:00,2025-07-09 15:00:00,BEAR_CALL,25490.5,25500,26000,95.4,2.5,65.55,2.35,92.9,63.199999999999996,29.70000000000001,5791.500000000002,127.452394154,5664.047605846002,Reversal,2025-07-10,0,False,False,2614346,72223,79445,0,99413,2.8
2025-07-09 15:00:00,2025-07-10 09:20:00,BULL_PUT,25475.1,25500,25000,64.4,2.95,62.35,1.0,61.45,61.35,0.10000000000000142,19.500000000000277,118.250396141,-98.75039614099973,Reversal,2025-07-10,1,True,False,2620010,72179,79397,0,99353,2.8
2025-07-10 09:20:00,2025-07-10 12:20:00,BEAR_CALL,25453.7,25450,25950,169.0,21.0,129.5,15.75,148.0,113.75,34.25,6678.75,158.7920222075,6519.9579777925,Reversal,2025-07-17,0,False,True,2619911,103936,114330,31817,99269,4.0
2025-07-10 12:20:00,2025-07-10 13:40:00,BULL_PUT,25396.35,25400,24900,143.55,23.9,138.0,21.45,119.65,116.55,3.1000000000000085,604.5000000000017,154.32289054700001,450.17710945300166,Reversal,2025-07-17,0,False,True,2626431,103702,114072,31745,99046,3.9
2025-07-10 13:40:00,2025-07-10 14:05:00,BEAR_CALL,25367.6,25350,25850,180.25,22.7,188.1,23.45,157.55,164.65,-7.099999999999994,-1384.4999999999989,169.33730913499997,-1553.8373091349988,Reversal,2025-07-17,0,False,True,2626881,103584,113943,31709,98934,3.9
2025-07-10 14:05:00,2025-07-10 14:55:00,BULL_PUT,25407.05,25400,24900,129.3,20.3,132.6,19.7,109.00000000000001,112.89999999999999,-3.8999999999999773,-760.4999999999956,149.10062479700002,-909.6006247969956,Reversal,2025-07-17,0,False,True,2625327,103745,114120,31759,99087,4.0
2025-07-10 14:55:00,2025-07-11 09:25:00,BEAR_CALL,25363.2,25350,25850,177.55,21.1,122.7,12.0,156.45000000000002,110.7,45.750000000000014,8921.250000000004,159.5330564105,8761.716943589503,Reversal,2025-07-17,1,True,True,2624418,103566,113923,31704,98916,3.9
2025-07-11 09:25:00,2025-07-11 10:00:00,BULL_PUT,25310.4,25300,24800,114.05,14.65,123.15,14.85,99.39999999999999,108.30000000000001,-8.90000000000002,-1735.5000000000039,142.20693082100001,-1877.7069308210039,Reversal,2025-07-17,0,False,False,2633179,71713,78884,0,98711,2.7
2025-07-11 10:00:00,2025-07-14 09:50:00,BEAR_CALL,25258.9,25250,25750,153.8,14.75,61.0,5.95,139.05,55.05,84.00000000000001,16380.000000000004,145.30176786500002,16234.698232135004,Reversal,2025-07-17,3,True,False,2631302,71567,78724,0,98510,2.7
2025-07-14 09:50:00,2025-07-14 10:35:00,BULL_PUT,25111.9,25100,24600,105.9,11.35,102.85,10.0,94.55000000000001,92.85,1.700000000000017,331.5000000000033,136.53323336300002,194.96676663700327,Reversal,2025-07-17,0,False,False,2647536,71150,78265,0,97936,2.7
2025-07-14 10:35:00,2025-07-14 13:25:00,BEAR_CALL,25079.45,25100,25600,120.4,10.8,95.05,9.2,109.60000000000001,85.85,23.750000000000014,4631.250000000003,139.5945036335,4491.655496366503,Reversal,2025-07-17,0,False,False,2647731,71058,78164,0,97810,2.7
2025-07-14 13:25:00,2025-07-15 09:40:00,BULL_PUT,25057.35,25050,24550,94.5,8.6,55.75,3.5,85.9,52.25,33.650000000000006,6561.750000000001,127.1966521805,6434.553347819501,Reversal,2025-07-17,1,True,False,2652223,70996,78095,0,97724,2.7
2025-07-15 09:40:00,2025-07-15 10:30:00,BEAR_CALL,25101.65,25100,25600,104.95,6.2,110.1,6.3,98.75,103.8,-5.049999999999997,-984.7499999999994,135.42970755649998,-1120.1797075564994,Reversal,2025-07-17,0,False,False,2658658,71121,78233,0,97896,2.7
2025-07-15 10:30:00,2025-07-15 12:15:00,BULL_PUT,25143.85,25150,24650,84.05,4.3,48.9,3.6,79.75,45.3,34.45,6717.750000000001,123.35050513550001,6594.399494864501,Reversal,2025-07-17,0,False,False,2657537,71241,78365,0,98061,2.7
2025-07-15 12:15:00,2025-07-15 15:10:00,BEAR_CALL,25193.95,25200,25700,98.75,4.3,81.25,3.15,94.45,78.1,16.35000000000001,3188.250000000002,130.1389863935,3058.1110136065017,Reversal,2025-07-17,0,False,False,2664132,71383,78521,0,98256,2.7
2025-07-15 15:10:00,2025-07-16 09:15:00,BULL_PUT,25201.9,25200,24700,66.4,3.65,73.4,2.2,62.75000000000001,71.2,-8.449999999999996,-1647.749999999999,120.16880385950002,-1767.9188038594991,Reversal,2025-07-17,1,True,False,2667190,71405,78546,0,98287,2.7
2025-07-16 09:15:00,2025-07-16 11:45:00,BEAR_CALL,25159.75,25150,25650,81.85,2.4,62.3,1.9,79.44999999999999,60.4,19.04999999999999,3714.749999999998,123.2803633235,3591.4696366764983,Reversal,2025-07-17,0,False,False,2665422,71286,78415,0,98123,2.7
2025-07-16 11:45:00,2025-07-16 15:05:00,BULL_PUT,25166.45,25150,24650,56.7,1.3,26.65,1.75,55.400000000000006,24.9,30.500000000000007,5947.500000000002,113.04472953199999,5834.455270468002,Reversal,2025-07-17,0,False,False,2669014,71305,78435,0,98149,2.7
2025-07-16 15:05:00,2025-07-17 11:25:00,BEAR_CALL,25211.9,25200,25700,63.0,1.35,28.0,0.9,61.65,27.1,34.55,6737.249999999999,114.67726424749999,6622.572735752499,Reversal,2025-07-17,1,True,False,2674848,71434,78577,0,98326,2.7
2025-07-17 11:25:00,2025-07-17 13:15:00,BULL_PUT,25182.65,25200,24700,127.7,18.5,131.35,17.7,109.2,113.64999999999999,-4.449999999999989,-867.7499999999977,147.8355845075,-1015.5855845074977,Reversal,2025-07-24,0,False,True,2681471,102829,113112,31478,98212,3.8
2025-07-17 13:15:00,2025-07-18 13:40:00,BEAR_CALL,25164.3,25150,25650,161.6,15.95,66.2,7.25,145.65,58.95,86.7,16906.5,148.38446963,16758.11553037,Reversal,2025-07-24,1,True,True,2680455,102754,113030,31455,98141,3.8
2025-07-18 13:40:00,2025-07-21 09:15:00,BULL_PUT,24968.55,24950,24450,104.8,13.3,100.7,8.2,91.5,92.5,-1.0,-195.0,135.71241100999998,-330.71241101,Reversal,2025-07-24,3,True,False,2697213,70744,77819,0,97377,2.6
2025-07-21 09:15:00,2025-07-21 09:40:00,BEAR_CALL,24956.45,24950,25450,126.05,11.4,106.45,9.85,114.64999999999999,96.60000000000001,18.049999999999983,3519.749999999997,142.3935223625,3377.356477637497,Reversal,2025-07-24,0,False,False,2696882,70710,77781,0,97330,2.6
2025-07-21 09:40:00,2025-07-21 11:40:00,BULL_PUT,24938.7,24950,24450,111.0,9.5,57.75,5.7,101.5,52.05,49.45,9642.75,132.6309851885,9510.1190148115,Reversal,2025-07-24,0,False,False,2700260,70660,77726,0,97261,2.6
2025-07-21 11:40:00,2025-07-21 13:05:00,BEAR_CALL,25019.1,25000,25500,142.05,10.65,145.8,10.4,131.4,135.4,-4.0,-780.0,150.36803470700002,-930.368034707,Reversal,2025-07-24,0,False,False,2709770,70887,77976,0,97574,2.6
2025-07-21 13:05:00,2025-07-21 13:55:00,BULL_PUT,25056.7,25050,24550,85.85,7.65,97.9,8.45,78.19999999999999,89.45,-11.250000000000014,-2193.7500000000027,129.7905958055,-2323.5405958055026,Reversal,2025-07-24,0,False,False,2708839,70994,78093,0,97721,2.6
2025-07-21 13:55:00,2025-07-21 14:55:00,BEAR_CALL,25012.35,25000,25500,125.4,8.9,137.1,9.15,116.5,127.94999999999999,-11.449999999999989,-2232.7499999999977,144.49213794649998,-2377.2421379464977,Reversal,2025-07-24,0,False,False,2706516,70868,77955,0,97548,2.6
2025-07-21 14:55:00,2025-07-22 09:30:00,BULL_PUT,25050.45,25050,24550,85.35,7.8,49.45,4.5,77.55,44.95,32.599999999999994,6356.999999999999,124.31560157299998,6232.684398426999,Reversal,2025-07-24,1,True,False,2704139,70976,78074,0,97697,2.6
2025-07-22 09:30:00,2025-07-22 12:20:00,BEAR_CALL,25119.05,25100,25600,98.95,4.45,74.05,3.4,94.5,70.64999999999999,23.85000000000001,4650.750000000002,129.64439533549998,4521.105604664502,Reversal,2025-07-24,0,False,False,2710371,71171,78288,0,97964,2.6
2025-07-22 12:20:00,2025-07-22 13:25:00,BULL_PUT,25100.15,25100,24600,79.4,4.1,75.45,3.75,75.30000000000001,71.7,3.6000000000000085,702.0000000000017,124.41851680100001,577.5814831990017,Reversal,2025-07-24,0,False,False,2714893,71117,78229,0,97891,2.6
2025-07-22 13:25:00,2025-07-23 09:15:00,BEAR_CALL,25081.1,25100,25600,69.4,2.85,79.45,1.8,66.55000000000001,77.65,-11.099999999999994,-2164.499999999999,121.350095705,-2285.850095704999,Reversal,2025-07-24,1,True,False,2715470,71063,78169,0,97816,2.6
2025-07-23 09:15:00,2025-07-23 09:40:00,BULL_PUT,25132.6,25150,24650,69.3,1.9,75.25,1.9,67.39999999999999,73.35,-5.950000000000003,-1160.2500000000005,120.89774736050002,-1281.1477473605005,Reversal,2025-07-24,0,False,False,2713184,71209,78330,0,98017,2.6
2025-07-23 09:40:00,2025-07-23 11:00:00,BEAR_CALL,25096.9,25100,25600,73.4,1.55,76.95,1.45,71.85000000000001,75.5,-3.6499999999999915,-711.7499999999983,122.02731801050003,-833.7773180104983,Reversal,2025-07-24,0,False,False,2711903,71108,78219,0,97878,2.6
2025-07-23 11:00:00,2025-07-24 09:25:00,BULL_PUT,25138.9,25150,24650,66.15,1.55,14.8,0.9,64.60000000000001,13.9,50.70000000000001,9886.500000000002,114.40791564199999,9772.092084358002,Reversal,2025-07-24,1,True,False,2711069,71227,78350,0,98042,2.6
2025-07-24 09:25:00,2025-07-24 12:15:00,BEAR_CALL,25188.65,25200,25700,139.0,12.7,82.1,10.2,126.3,71.89999999999999,54.400000000000006,10608.000000000002,144.05282971999998,10463.947170280002,Reversal,2025-07-31,0,False,True,2720841,102854,113139,31486,98236,3.8
2025-07-24 12:15:00,2025-07-24 12:55:00,BULL_PUT,25068.3,25050,24550,118.15,18.75,110.25,18.0,99.4,92.25,7.150000000000006,1394.2500000000011,143.44212464449998,1250.8078753555012,Reversal,2025-07-31,0,False,True,2731305,102362,112598,31335,97766,3.7
2025-07-24 12:55:00,2025-07-24 13:40:00,BEAR_CALL,25040.8,25050,25550,154.75,17.85,148.75,16.4,136.9,132.35,4.550000000000011,887.2500000000023,156.43916878250005,730.8108312175023,Reversal,2025-07-31,0,False,True,2732556,102250,112475,31301,97659,3.7
2025-07-24 13:40:00,2025-07-24 14:45:00,BULL_PUT,25077.05,25100,24600,136.35,20.2,121.55,17.35,116.14999999999999,104.19999999999999,11.950000000000003,2330.2500000000005,149.4230964335,2180.8269035665003,Reversal,2025-07-31,0,False,True,2733287,102398,112638,31346,97800,3.7
2025-07-24 14:45:00,2025-07-25 09:25:00,BEAR_CALL,25063.55,25050,25550,155.95,15.95,80.75,8.25,140.0,72.5,67.5,13162.5,148.374484967,13014.125515033,Reversal,2025-07-31,1,True,True,2735468,102343,112577,31329,97748,3.7
2025-07-25 09:25:00,2025-07-25 09:40:00,BULL_PUT,24990.85,25000,24500,153.05,20.5,133.0,16.95,132.55,116.05,16.500000000000014,3217.5000000000027,154.970002805,3062.5299971950026,Reversal,2025-07-31,0,False,False,2748482,70807,77888,0,97464,2.6
2025-07-25 09:40:00,2025-07-25 12:35:00,BEAR_CALL,24926.35,24950,25450,143.7,14.4,86.4,10.75,129.29999999999998,75.65,53.64999999999998,10461.749999999996,146.0340068075,10315.715993192496,Reversal,2025-07-31,0,False,False,2751544,70625,77687,0,97213,2.6
2025-07-25 12:35:00,2025-07-25 13:30:00,BULL_PUT,24871.0,24850,24350,127.6,16.85,117.0,14.9,110.75,102.1,8.650000000000006,1686.7500000000011,145.62697500049998,1541.1230249995012,Reversal,2025-07-31,0,False,False,2761860,70468,77515,0,96997,2.6
2025-07-25 13:30:00,2025-07-25 13:50:00,BEAR_CALL,24811.7,24800,25300,161.0,18.9,168.35,19.65,142.1,148.7,-6.599999999999994,-1286.9999999999989,160.88430787700003,-1447.884307876999,Reversal,2025-07-31,0,False,False,2763401,70300,77330,0,96766,2.5
2025-07-25 13:50:00,2025-07-25 14:30:00,BULL_PUT,24874.7,24850,24350,110.4,14.15,119.35,14.8,96.25,104.55,-8.299999999999997,-1618.4999999999995,140.80439878100003,-1759.3043987809997,Reversal,2025-07-31,0,False,False,2761953,70478,77526,0,97011,2.6
2025-07-25 14:30:00,2025-07-28 09:30:00,BEAR_CALL,24829.0,24850,25350,126.65,14.8,101.25,10.0,111.85000000000001,91.25,20.60000000000001,4017.000000000002,142.443158501,3874.5568414990016,Reversal,2025-07-31,3,True,False,2760194,70349,77384,0,96833,2.5
2025-07-28 09:30:00,2025-07-28 09:40:00,BULL_PUT,24844.65,24850,24350,123.65,10.95,109.5,10.3,112.7,99.2,13.5,2632.5,142.08177237200002,2490.418227628,Reversal,2025-07-31,0,False,False,2764069,70393,77432,0,96894,2.5
2025-07-28 09:40:00,2025-07-28 10:10:00,BEAR_CALL,24785.05,24800,25300,147.15,14.75,149.55,15.7,132.4,133.85000000000002,-1.450000000000017,-282.7500000000033,153.9381767045,-436.6881767045033,Reversal,2025-07-31,0,False,False,2766559,70224,77247,0,96662,2.5
2025-07-28 10:10:00,2025-07-28 10:35:00,BULL_PUT,24844.25,24850,24350,107.75,9.7,90.65,8.55,98.05,82.10000000000001,15.949999999999989,3110.2499999999977,135.4275175895,2974.8224824104977,Reversal,2025-07-31,0,False,False,2766122,70392,77431,0,96893,2.5
2025-07-28 10:35:00,2025-07-29 09:25:00,BEAR_CALL,24828.3,24850,25350,135.15,12.8,46.65,5.95,122.35000000000001,40.699999999999996,81.65,15921.750000000002,138.70430004649998,15783.045699953502,Reversal,2025-07-31,1,True,False,2769097,70347,77382,0,96830,2.5
2025-07-29 09:25:00,2025-07-29 10:10:00,BULL_PUT,24708.7,24700,24200,99.25,8.1,88.75,7.0,91.15,81.75,9.400000000000006,1833.0000000000011,132.33640085300001,1700.6635991470012,Reversal,2025-07-31,0,False,False,2784880,70008,77009,0,96364,2.5
2025-07-29 10:10:00,2025-07-29 11:15:00,BEAR_CALL,24664.55,24650,25150,137.8,13.2,120.2,13.0,124.60000000000001,107.2,17.400000000000006,3393.000000000001,147.88642184600002,3245.113578154001,Reversal,2025-07-31,0,False,False,2786581,69883,76871,0,96192,2.5
2025-07-29 11:15:00,2025-07-29 14:45:00,BULL_PUT,24687.6,24700,24200,99.55,7.45,40.9,3.55,92.1,37.35,54.74999999999999,10676.249999999998,127.20391971350001,10549.046080286498,Reversal,2025-07-31,0,False,False,2789826,69948,76943,0,96282,2.5
2025-07-29 14:45:00,2025-07-29 15:15:00,BEAR_CALL,24773.8,24750,25250,108.35,6.95,134.4,6.85,101.39999999999999,127.55000000000001,-26.15000000000002,-5099.250000000004,138.72405432649998,-5237.974054326503,Reversal,2025-07-31,0,False,False,2800375,70192,77212,0,96618,2.5
2025-07-29 15:15:00,2025-07-30 09:50:00,BULL_PUT,24827.55,24850,24350,81.6,4.7,82.95,3.1,76.89999999999999,79.85000000000001,-2.950000000000017,-575.2500000000033,125.5593034805,-700.8093034805033,Reversal,2025-07-31,1,True,False,2795137,70345,77379,0,96827,2.5
2025-07-30 09:50:00,2025-07-30 11:10:00,BEAR_CALL,24816.4,24800,25300,87.95,3.1,80.35,3.0,84.85000000000001,77.35,7.500000000000014,1462.5000000000027,126.921551972,1335.5784480280026,Reversal,2025-07-31,0,False,False,2794436,70313,77344,0,96784,2.5
2025-07-30 11:10:00,2025-07-30 13:20:00,BULL_PUT,24846.5,24850,24350,79.4,2.95,64.05,2.55,76.45,61.5,14.950000000000003,2915.2500000000005,122.98381063849999,2792.2661893615004,Reversal,2025-07-31,0,False,False,2795772,70398,77438,0,96901,2.5
2025-07-30 13:20:00,2025-07-30 14:30:00,BEAR_CALL,24835.9,24850,25350,59.7,2.05,88.45,1.8,57.650000000000006,86.65,-29.0,-5655.0,119.38358876000001,-5774.38358876,Reversal,2025-07-31,0,False,False,2798564,70368,77405,0,96860,2.5
2025-07-30 14:30:00,2025-07-31 09:15:00,BULL_PUT,24887.45,24900,24400,62.15,2.85,225.7,10.0,59.3,215.7,-156.39999999999998,-30497.999999999996,134.459045741,-30632.459045740998,Reversal,2025-07-31,1,True,False,2792790,70514,77566,0,97061,2.5
2025-07-31 09:15:00,2025-07-31 09:20:00,BEAR_CALL,24680.3,24700,25200,166.45,25.25,176.15,29.85,141.2,146.3,-5.100000000000023,-994.5000000000044,166.46197735100003,-1160.9619773510044,Reversal,2025-08-07,0,False,True,2762157,100778,110856,30850,96253,3.6
2025-07-31 09:20:00,2025-07-31 10:00:00,BULL_PUT,24718.65,24700,24200,148.05,34.3,165.4,35.85,113.75000000000001,129.55,-15.799999999999997,-3080.9999999999995,162.87804906800002,-3243.8780490679997,Reversal,2025-08-07,0,False,True,2760996,100934,111028,30898,96403,3.7
2025-07-31 10:00:00,2025-07-31 10:45:00,BEAR_CALL,24661.9,24650,25150,183.6,30.4,200.45,31.55,153.2,168.89999999999998,-15.699999999999989,-3061.4999999999977,174.26986748000002,-3235.7698674799976,Reversal,2025-08-07,0,False,True,2757752,100703,110773,30827,96181,3.7
2025-07-31 10:45:00,2025-07-31 12:05:00,BULL_PUT,24719.15,24700,24200,148.5,33.15,113.2,24.9,115.35,88.30000000000001,27.049999999999983,5274.749999999996,155.2837329425,5119.466267057496,Reversal,2025-08-07,0,False,True,2754517,100937,111030,30899,96405,3.7
2025-07-31 12:05:00,2025-07-31 12:10:00,BEAR_CALL,24760.55,24750,25250,189.95,27.75,188.4,27.7,162.2,160.70000000000002,1.4999999999999716,292.49999999999443,173.671159994,118.82884000599444,Reversal,2025-08-07,0,False,True,2759636,101106,111216,30951,96566,3.7
2025-07-31 12:10:00,2025-07-31 14:25:00,BULL_PUT,24819.35,24800,24300,154.1,32.3,103.55,22.65,121.8,80.9,40.89999999999999,7975.499999999998,155.28936783800003,7820.210632161999,Reversal,2025-08-07,0,False,True,2759755,101346,111480,31024,96795,3.7
2025-07-31 14:25:00,2025-08-01 10:10:00,BEAR_CALL,24867.15,24850,25350,190.95,24.25,105.0,11.95,166.7,93.05,73.64999999999999,14361.749999999998,161.95280735450004,14199.797192645497,Reversal,2025-08-07,1,True,True,2767575,101541,111695,31084,96982,3.7
2025-08-01 10:10:00,2025-08-01 11:05:00,BULL_PUT,24745.65,24750,24250,149.75,23.9,135.3,20.55,125.85,114.75000000000001,11.09999999999998,2164.499999999996,155.55375558500003,2008.9462444149958,Reversal,2025-08-07,0,False,False,2781775,70113,77124,0,96508,2.5
2025-08-01 11:05:00,2025-08-01 13:25:00,BEAR_CALL,24721.35,24700,25200,187.05,24.65,138.8,17.65,162.4,121.15,41.25,8043.75,165.4553240345,7878.2946759655,Reversal,2025-08-07,0,False,False,2783784,70044,77048,0,96413,2.5
2025-08-01 13:25:00,2025-08-01 14:20:00,BULL_PUT,24683.75,24700,24200,159.1,26.25,170.05,28.3,132.85,141.75,-8.900000000000006,-1735.5000000000011,163.548857531,-1899.0488575310012,Reversal,2025-08-07,0,False,False,2791662,69937,76931,0,96267,2.5
2025-08-01 14:20:00,2025-08-04 09:15:00,BEAR_CALL,24631.05,24650,25150,148.45,17.75,125.2,12.65,130.7,112.55,18.14999999999999,3539.249999999998,151.5781842515,3387.6718157484984,Reversal,2025-08-07,3,True,False,2789763,69788,76767,0,96061,2.5
2025-08-04 09:15:00,2025-08-04 09:40:00,BULL_PUT,24639.5,24650,24150,147.75,20.1,127.6,17.1,127.65,110.5,17.150000000000006,3344.250000000001,153.0340911065,3191.215908893501,Reversal,2025-08-07,0,False,False,2793151,69812,76793,0,96094,2.5
2025-08-04 09:40:00,2025-08-04 10:15:00,BEAR_CALL,24598.0,24600,25100,172.35,17.85,157.8,16.45,154.5,141.35000000000002,13.149999999999977,2564.2499999999955,162.12285090350002,2402.1271490964955,Reversal,2025-08-07,0,False,False,2796342,69694,76664,0,95932,2.5
2025-08-04 10:15:00,2025-08-05 09:20:00,BULL_PUT,24632.75,24650,24150,141.75,19.45,87.2,8.0,122.3,79.2,43.099999999999994,8404.499999999998,145.246011632,8259.253988367998,Reversal,2025-08-07,1,True,False,2798744,69793,76772,0,96068,2.5
2025-08-05 09:20:00,2025-08-05 12:10:00,BEAR_CALL,24680.3,24700,25200,102.15,5.85,74.7,3.65,96.30000000000001,71.05,25.250000000000014,4923.750000000003,130.7800533005,4792.9699466995025,Reversal,2025-08-07,0,False,False,2807003,69928,76920,0,96253,2.5
2025-08-05 12:10:00,2025-08-05 13:20:00,BULL_PUT,24658.1,24650,24150,96.25,6.45,110.5,6.1,89.8,104.4,-14.600000000000009,-2847.000000000002,133.02163685899998,-2980.021636859002,Reversal,2025-08-07,0,False,False,2811796,69865,76851,0,96167,2.5
2025-08-05 13:20:00,2025-08-05 15:05:00,BEAR_CALL,24603.5,24600,25100,104.1,4.85,109.05,4.15,99.25,104.89999999999999,-5.6499999999999915,-1101.7499999999984,134.3879505545,-1236.1379505544985,Reversal,2025-08-07,0,False,False,2808816,69710,76681,0,95954,2.5
2025-08-05 15:05:00,2025-08-06 09:45:00,BULL_PUT,24658.25,24650,24150,96.25,5.9,94.85,3.95,90.35,90.89999999999999,-0.5499999999999972,-107.24999999999945,131.0031988985,-238.25319889849942,Reversal,2025-08-07,1,True,False,2807580,69865,76852,0,96167,2.5
2025-08-06 09:45:00,2025-08-06 12:15:00,BEAR_CALL,24609.65,24600,25100,113.15,3.45,74.0,1.9,109.7,72.1,37.60000000000001,7332.000000000002,133.069873775,7198.930126225002,Reversal,2025-08-07,0,False,False,2807342,69727,76700,0,95978,2.5
2025-08-06 12:15:00,2025-08-06 14:25:00,BULL_PUT,24607.25,24600,24100,73.95,2.65,70.3,2.95,71.3,67.35,3.950000000000003,770.2500000000006,122.10765430549999,648.1423456945006,Reversal,2025-08-07,0,False,False,2814541,69721,76693,0,95968,2.5
2025-08-06 14:25:00,2025-08-07 11:35:00,BEAR_CALL,24574.35,24550,25050,94.5,2.2,9.0,1.25,92.3,7.75,84.55,16487.25,121.9050261785,16365.3449738215,Reversal,2025-08-07,1,True,False,2815189,69627,76590,0,95840,2.5
2025-08-07 11:35:00,2025-08-07 13:10:00,BULL_PUT,24440.35,24450,23950,150.45,26.35,153.75,25.9,124.1,127.85,-3.75,-731.25,159.0652563635,-890.3152563635,Reversal,2025-08-14,0,False,True,2831554,99798,109778,30550,95317,3.5
2025-08-07 13:10:00,2025-08-07 14:00:00,BEAR_CALL,24403.45,24400,24900,160.7,18.35,150.35,16.65,142.35,133.7,8.650000000000006,1686.7500000000011,158.34092621149998,1528.4090737885012,Reversal,2025-08-14,0,False,True,2830664,99647,109612,30504,95173,3.5
2025-08-07 14:00:00,2025-08-08 09:15:00,BULL_PUT,24404.9,24400,23900,138.15,23.1,55.75,8.3,115.05000000000001,47.45,67.60000000000001,13182.000000000002,141.890159639,13040.109840361001,Reversal,2025-08-14,1,True,True,2832193,99653,109619,30506,95179,3.5
2025-08-08 09:15:00,2025-08-08 12:50:00,BEAR_CALL,24575.3,24600,25100,130.2,11.0,87.3,8.35,119.19999999999999,78.95,40.249999999999986,7848.749999999997,141.4103646155,7707.339635384497,Reversal,2025-08-14,0,False,False,2845233,69630,76593,0,95844,2.4
2025-08-08 12:50:00,2025-08-08 13:25:00,BULL_PUT,24469.8,24450,23950,107.25,13.45,124.45,15.7,93.8,108.75,-14.950000000000003,-2915.2500000000005,140.5676557355,-3055.8176557355005,Reversal,2025-08-14,0,False,False,2852940,69331,76264,0,95432,2.4
2025-08-08 13:25:00,2025-08-11 09:15:00,BEAR_CALL,24425.6,24450,24950,136.2,13.45,93.05,8.5,122.74999999999999,84.55,38.19999999999999,7448.999999999998,143.83406405600002,7305.165935943998,Reversal,2025-08-14,3,True,False,2849884,69206,76126,0,95260,2.4
2025-08-11 09:15:00,2025-08-11 09:45:00,BULL_PUT,24401.5,24400,23900,134.25,14.05,116.25,12.4,120.2,103.85,16.35000000000001,3188.250000000002,146.46464827850002,3041.7853517215017,Reversal,2025-08-14,0,False,False,2857189,69138,76051,0,95166,2.4
2025-08-11 09:45:00,2025-08-11 10:15:00,BEAR_CALL,24356.85,24350,24850,161.05,15.3,175.25,16.85,145.75,158.4,-12.650000000000006,-2466.750000000001,160.4124544235,-2627.162454423501,Reversal,2025-08-14,0,False,False,2860231,69011,75912,0,94992,2.4
2025-08-11 10:15:00,2025-08-11 11:40:00,BULL_PUT,24421.4,24400,23900,100.95,10.85,89.8,9.2,90.10000000000001,80.6,9.500000000000014,1852.5000000000027,133.75041250400002,1718.7495874960027,Reversal,2025-08-14,0,False,False,2857604,69194,76113,0,95243,2.4
2025-08-11 11:40:00,2025-08-11 12:35:00,BEAR_CALL,24417.4,24400,24900,146.85,11.6,149.5,11.25,135.25,138.25,-3.0,-585.0,152.34142889599997,-737.341428896,Reversal,2025-08-14,0,False,False,2859323,69183,76101,0,95228,2.4
2025-08-11 12:35:00,2025-08-12 10:25:00,BULL_PUT,24455.85,24450,23950,105.05,10.25,28.45,4.35,94.8,24.1,70.69999999999999,13786.499999999998,128.101318703,13658.398681296998,Reversal,2025-08-14,1,True,False,2858585,69292,76221,0,95378,2.4
2025-08-12 10:25:00,2025-08-12 12:15:00,BEAR_CALL,24613.65,24600,25100,135.0,5.8,81.7,3.7,129.2,78.0,51.19999999999999,9983.999999999998,140.503298306,9843.496701693999,Reversal,2025-08-14,0,False,False,2872244,69739,76713,0,95993,2.4
2025-08-12 12:15:00,2025-08-12 13:15:00,BULL_PUT,24598.75,24600,24100,96.2,6.9,87.4,6.45,89.3,80.95,8.349999999999994,1628.2499999999989,131.11527787850002,1497.1347221214987,Reversal,2025-08-14,0,False,False,2882087,69696,76666,0,95935,2.4
2025-08-12 13:15:00,2025-08-13 09:15:00,BEAR_CALL,24576.75,24600,25100,82.2,3.15,73.45,2.0,79.05,71.45,7.599999999999994,1481.9999999999989,124.450238504,1357.5497614959988,Reversal,2025-08-14,1,True,False,2883584,69634,76598,0,95849,2.4
2025-08-13 09:15:00,2025-08-13 11:55:00,BULL_PUT,24566.3,24550,24050,52.35,2.2,48.5,2.4,50.15,46.1,4.049999999999997,789.7499999999994,114.01812423349999,675.7318757664995,Reversal,2025-08-14,0,False,False,2884942,69605,76565,0,95809,2.4
2025-08-13 11:55:00,2025-08-13 12:20:00,BEAR_CALL,24552.35,24550,25050,93.75,1.95,97.7,1.85,91.8,95.85000000000001,-4.050000000000011,-789.7500000000023,129.6324515075,-919.3824515075023,Reversal,2025-08-14,0,False,False,2885618,69565,76521,0,95754,2.4
2025-08-13 12:20:00,2025-08-14 11:40:00,BULL_PUT,24592.7,24600,24100,64.45,3.0,21.3,1.05,61.45,20.25,41.2,8034.000000000001,114.67687477400001,7919.323125226001,Reversal,2025-08-14,1,True,False,2884698,69679,76647,0,95912,2.4
2025-08-14 11:40:00,2025-08-14 12:35:00,BEAR_CALL,24618.5,24600,25100,180.7,21.0,181.75,20.35,159.7,161.4,-1.700000000000017,-331.5000000000033,167.896231094,-499.39623109400327,Reversal,2025-08-21,0,False,True,2892618,100526,110578,30773,96012,3.5
2025-08-14 12:35:00,2025-08-14 15:25:00,BULL_PUT,24652.7,24650,24150,127.05,20.2,138.2,23.7,106.85,114.49999999999999,-7.6499999999999915,-1491.7499999999984,150.0684383645,-1641.8184383644984,Reversal,2025-08-21,0,False,True,2892118,100665,110732,30816,96146,3.5
2025-08-14 15:25:00,2025-08-18 09:15:00,BEAR_CALL,24616.05,24600,25100,172.2,19.65,383.6,78.65,152.54999999999998,304.95000000000005,-152.40000000000006,-29718.00000000001,199.300908983,-29917.300908983012,Reversal,2025-08-21,4,True,True,2890476,100516,110567,30770,96003,3.5
2025-08-18 09:15:00,2025-08-18 10:50:00,BULL_PUT,24943.3,24950,24450,135.25,14.6,103.45,10.25,120.65,93.2,27.450000000000003,5352.750000000001,145.07014173650003,5207.679858263501,Reversal,2025-08-21,0,False,False,2860559,70673,77740,0,97279,2.5
2025-08-18 10:50:00,2025-08-18 12:45:00,BEAR_CALL,24958.75,24950,25450,148.75,12.0,111.05,7.25,136.75,103.8,32.95,6425.250000000001,148.4176535015,6276.832346498501,Reversal,2025-08-21,0,False,False,2865767,70716,77788,0,97339,2.5
2025-08-18 12:45:00,2025-08-18 15:00:00,BULL_PUT,24910.95,24900,24400,101.45,8.9,91.35,8.0,92.55,83.35,9.200000000000003,1794.0000000000005,133.521389411,1660.4786105890005,Reversal,2025-08-21,0,False,False,2872044,70581,77639,0,97153,2.5
2025-08-18 15:00:00,2025-08-19 09:20:00,BEAR_CALL,24882.85,24900,25400,133.6,8.7,105.3,4.8,124.89999999999999,100.5,24.39999999999999,4757.999999999998,142.747820612,4615.252179387998,Reversal,2025-08-21,1,True,False,2873704,70501,77552,0,97043,2.5
2025-08-19 09:20:00,2025-08-19 09:40:00,BULL_PUT,24927.9,24950,24450,109.55,6.65,106.7,5.75,102.89999999999999,100.95,1.9499999999999886,380.2499999999978,136.29238314949998,243.9576168504978,Reversal,2025-08-21,0,False,False,2878319,70629,77692,0,97219,2.5
2025-08-19 09:40:00,2025-08-19 10:45:00,BEAR_CALL,24880.25,24900,25400,98.75,3.95,109.15,3.55,94.8,105.60000000000001,-10.800000000000011,-2106.0000000000023,132.669624302,-2238.6696243020024,Reversal,2025-08-21,0,False,False,2878563,70494,77543,0,97033,2.4
2025-08-19 10:45:00,2025-08-19 13:35:00,BULL_PUT,24928.35,24950,24450,85.05,4.75,64.5,5.0,80.3,59.5,20.799999999999997,4055.9999999999995,125.425014059,3930.5749859409993,Reversal,2025-08-21,0,False,False,2876325,70630,77693,0,97221,2.5
2025-08-19 13:35:00,2025-08-19 14:25:00,BEAR_CALL,24967.85,24950,25450,104.0,2.8,99.25,2.7,101.2,96.55,4.650000000000006,906.7500000000011,132.9177840125,773.8322159875012,Reversal,2025-08-21,0,False,False,2880255,70742,77816,0,97375,2.5
2025-08-19 14:25:00,2025-08-20 09:15:00,BULL_PUT,24974.65,24950,24450,61.2,4.15,70.35,2.1,57.050000000000004,68.25,-11.199999999999996,-2183.999999999999,118.476807014,-2302.476807013999,Reversal,2025-08-21,1,True,False,2881029,70762,77838,0,97401,2.5
2025-08-20 09:15:00,2025-08-20 09:45:00,BEAR_CALL,24943.7,24950,25450,75.0,1.6,79.45,1.55,73.4,77.9,-4.5,-877.5,122.722170188,-1000.2221701880001,Reversal,2025-08-21,0,False,False,2878727,70674,77741,0,97280,2.5
2025-08-20 09:45:00,2025-08-20 15:15:00,BULL_PUT,24985.7,25000,24500,86.65,2.45,37.8,2.1,84.2,35.699999999999996,48.50000000000001,9457.500000000002,122.51772977,9334.982270230003,Reversal,2025-08-21,0,False,False,2877726,70793,77872,0,97444,2.5
2025-08-20 15:15:00,2025-08-21 09:45:00,BEAR_CALL,25040.75,25050,25550,51.15,0.85,41.3,0.85,50.3,40.449999999999996,9.850000000000001,1920.7500000000002,112.5054304145,1808.2445695855001,Reversal,2025-08-21,1,True,False,2887061,70949,78044,0,97659,2.5
2025-08-21 09:45:00,2025-08-21 11:55:00,BULL_PUT,25092.65,25100,24600,133.95,19.55,106.85,15.85,114.39999999999999,91.0,23.39999999999999,4562.999999999998,146.99459480599998,4416.005405193998,Reversal,2025-08-28,0,False,True,2888870,102462,112708,31366,97861,3.5
2025-08-21 11:55:00,2025-08-21 13:55:00,BEAR_CALL,25105.55,25100,25600,150.5,12.65,146.1,10.6,137.85,135.5,2.3499999999999943,458.24999999999886,152.96597140550003,305.28402859449886,Reversal,2025-08-28,0,False,True,2893286,102514,112766,31382,97912,3.5
2025-08-21 13:55:00,2025-08-21 14:35:00,BULL_PUT,25118.05,25100,24600,103.2,13.75,97.85,13.1,89.45,84.75,4.700000000000003,916.5000000000006,136.415657177,780.0843428230005,Reversal,2025-08-28,0,False,True,2893591,102565,112822,31398,97960,3.5
2025-08-21 14:35:00,2025-08-22 11:40:00,BEAR_CALL,25104.95,25100,25600,150.1,10.5,57.25,4.8,139.6,52.45,87.14999999999999,16994.25,143.2557153695,16850.9942846305,Reversal,2025-08-28,1,True,True,2894371,102512,112763,31381,97909,3.5
2025-08-22 11:40:00,2025-08-22 14:15:00,BULL_PUT,24936.65,24950,24450,110.85,11.2,118.3,11.5,99.64999999999999,106.8,-7.150000000000006,-1394.2500000000011,139.6636540655,-1533.913654065501,Reversal,2025-08-28,0,False,False,2911222,70654,77719,0,97253,2.4
2025-08-22 14:15:00,2025-08-25 09:15:00,BEAR_CALL,24908.0,24900,25400,129.3,9.4,121.8,6.6,119.9,115.2,4.700000000000003,916.5000000000006,143.566114673,772.9338853270006,Reversal,2025-08-28,3,True,False,2909688,70573,77630,0,97141,2.4
2025-08-25 09:15:00,2025-08-25 09:55:00,BULL_PUT,24923.8,24900,24400,78.45,5.35,63.95,4.2,73.10000000000001,59.75,13.350000000000009,2603.250000000002,123.37971952849999,2479.8702804715017,Reversal,2025-08-28,0,False,False,2910461,70617,77679,0,97203,2.4
2025-08-25 09:55:00,2025-08-25 10:35:00,BEAR_CALL,24925.95,24950,25450,97.15,4.85,91.2,4.6,92.30000000000001,86.60000000000001,5.700000000000003,1111.5000000000005,131.019702314,980.4802976860004,Reversal,2025-08-28,0,False,False,2912941,70624,77686,0,97211,2.4
2025-08-25 10:35:00,2025-08-25 14:30:00,BULL_PUT,24945.2,24950,24450,84.0,4.6,59.4,4.3,79.4,55.1,24.300000000000004,4738.500000000001,124.479159149,4614.020840851001,Reversal,2025-08-28,0,False,False,2913921,70678,77746,0,97286,2.4
2025-08-25 14:30:00,2025-08-25 14:55:00,BEAR_CALL,24976.15,25000,25500,76.25,3.15,78.0,3.2,73.1,74.8,-1.7000000000000028,-331.50000000000057,123.534209078,-455.0342090780006,Reversal,2025-08-28,0,False,False,2918535,70766,77842,0,97407,2.4
2025-08-25 14:55:00,2025-08-25 15:10:00,BULL_PUT,24990.15,25000,24500,75.65,4.35,83.5,4.45,71.30000000000001,79.05,-7.749999999999986,-1511.2499999999973,124.30274110850002,-1635.5527411084972,Reversal,2025-08-28,0,False,False,2918080,70805,77886,0,97462,2.4
2025-08-25 15:10:00,2025-08-26 10:00:00,BEAR_CALL,24954.9,24950,25450,97.7,3.35,22.4,3.25,94.35000000000001,19.15,75.20000000000002,14664.000000000004,124.62334012099998,14539.376659879004,Reversal,2025-08-28,1,True,False,2916445,70706,77776,0,97324,2.4
2025-08-26 10:00:00,2025-08-26 10:45:00,BULL_PUT,24799.1,24800,24300,81.65,4.75,79.65,4.6,76.9,75.05000000000001,1.8499999999999943,360.74999999999886,125.7031671095,235.04683289049888,Reversal,2025-08-28,0,False,False,2930984,70264,77291,0,96716,2.4
2025-08-26 10:45:00,2025-08-26 11:00:00,BEAR_CALL,24767.55,24750,25250,88.85,5.8,96.95,5.8,83.05,91.15,-8.100000000000009,-1579.5000000000016,129.641603462,-1709.1416034620015,Reversal,2025-08-28,0,False,False,2931219,70175,77192,0,96593,2.4
2025-08-26 11:00:00,2025-08-26 12:30:00,BULL_PUT,24803.75,24800,24300,69.9,4.7,67.05,4.05,65.2,63.0,2.200000000000003,429.00000000000057,121.18514809100002,307.81485190900054,Reversal,2025-08-28,0,False,False,2929510,70277,77305,0,96735,2.4
2025-08-26 12:30:00,2025-08-28 09:40:00,BEAR_CALL,24785.9,24800,25300,62.05,3.95,7.6,1.9,58.099999999999994,5.699999999999999,52.39999999999999,10217.999999999998,113.127657065,10104.872342934998,Reversal,2025-08-28,2,True,False,2929818,70227,77249,0,96665,2.4
2025-08-28 09:40:00,2025-08-28 10:15:00,BULL_PUT,24565.7,24550,24050,97.55,17.15,89.7,14.2,80.4,75.5,4.900000000000006,955.5000000000011,134.738162618,820.7618373820012,Reversal,2025-09-02,0,False,True,2939923,100310,110341,30707,95806,3.4
2025-08-28 10:15:00,2025-08-28 10:30:00,BEAR_CALL,24561.45,24550,25050,156.0,17.75,160.7,18.2,138.25,142.5,-4.25,-828.75,158.3248122695,-987.0748122695,Reversal,2025-09-02,0,False,True,2940743,100293,110322,30702,95790,3.4
2025-08-28 10:30:00,2025-08-28 11:55:00,BULL_PUT,24613.3,24600,24100,106.15,15.4,91.95,12.25,90.75,79.7,11.049999999999997,2154.7499999999995,136.6240277225,2018.1259722774996,Reversal,2025-09-02,0,False,True,2939756,100504,110555,30767,95992,3.4
2025-08-28 11:55:00,2025-08-28 14:15:00,BEAR_CALL,24622.75,24600,25100,149.7,14.05,118.0,9.3,135.64999999999998,108.7,26.949999999999974,5255.249999999995,150.0391190615,5105.210880938495,Reversal,2025-09-02,0,False,True,2941775,100543,110597,30778,96029,3.4
2025-08-28 14:15:00,2025-08-28 14:30:00,BULL_PUT,24576.6,24600,24100,109.05,11.75,117.1,12.85,97.3,104.25,-6.950000000000003,-1355.2500000000005,139.48191847249998,-1494.7319184725004,Reversal,2025-09-02,0,False,True,2946880,100354,110390,30721,95849,3.4
2025-08-28 14:30:00,2025-08-28 15:25:00,BEAR_CALL,24536.75,24550,25050,138.4,10.8,114.6,6.7,127.60000000000001,107.89999999999999,19.700000000000017,3841.500000000003,145.60493241499998,3695.8950675850033,Reversal,2025-09-02,0,False,True,2945385,100192,110211,30671,95693,3.4
2025-08-28 15:25:00,2025-08-29 09:45:00,BULL_PUT,24533.1,24550,24050,111.2,10.45,111.7,7.8,100.75,103.9,-3.1500000000000057,-614.2500000000011,138.0901710245,-752.3401710245012,Reversal,2025-09-02,1,True,True,2949081,100177,110195,30666,95679,3.4
2025-08-29 09:45:00,2025-08-29 10:20:00,BEAR_CALL,24483.65,24500,25000,119.95,6.6,116.5,6.1,113.35000000000001,110.4,2.950000000000003,575.2500000000006,140.12635556450002,435.1236444355005,Reversal,2025-09-02,0,False,False,2948329,69370,76307,0,95486,2.4
2025-08-29 10:20:00,2025-08-29 12:30:00,BULL_PUT,24515.35,24500,24000,85.4,5.75,63.55,4.6,79.65,58.949999999999996,20.70000000000001,4036.500000000002,125.415556559,3911.084443441002,Reversal,2025-09-02,0,False,False,2948764,69460,76406,0,95610,2.4
2025-08-29 12:30:00,2025-08-29 14:20:00,BEAR_CALL,24522.2,24500,25000,126.65,4.5,108.5,4.6,122.15,103.9,18.25,3558.75,140.67954587749998,3418.0704541225,Reversal,2025-09-02,0,False,False,2952675,69480,76428,0,95637,2.4
2025-08-29 14:20:00,2025-08-29 14:25:00,BULL_PUT,24524.1,24500,24000,69.55,4.6,67.9,4.5,64.95,63.400000000000006,1.5499999999999972,302.24999999999943,121.2787225265,180.9712774734994,Reversal,2025-09-02,0,False,False,2956093,69485,76433,0,95644,2.4
2025-08-29 14:25:00,2025-09-01 09:15:00,BEAR_CALL,24474.0,24450,24950,137.6,5.35,136.05,3.85,132.25,132.20000000000002,0.04999999999998295,9.749999999996675,145.9992925955,-136.24929259550333,Reversal,2025-09-02,3,True,False,2956274,69343,76277,0,95449,2.3
2025-09-01 09:15:00,2025-09-02 10:40:00,BULL_PUT,24523.5,24500,24000,54.15,2.45,3.4,1.0,51.699999999999996,2.4,49.3,9613.5,110.18953493,9503.31046507,Target,2025-09-02,1,True,False,2956138,69483,76432,0,95642,2.4
2025-09-02 10:40:00,2025-09-02 13:15:00,BULL_PUT,24736.65,24750,24250,117.3,17.0,118.8,16.45,100.3,102.35,-2.049999999999997,-399.74999999999943,143.3746370165,-543.1246370164995,Reversal,2025-09-09,0,False,True,2965641,101008,111109,30921,96473,3.4
2025-09-02 13:15:00,2025-09-02 14:40:00,BEAR_CALL,24707.3,24700,25200,166.45,14.4,103.4,8.85,152.04999999999998,94.55000000000001,57.49999999999997,11212.499999999995,153.302325053,11059.197674946994,Reversal,2025-09-09,0,False,True,2965098,100888,110977,30884,96358,3.4
2025-09-02 14:40:00,2025-09-03 09:15:00,BULL_PUT,24590.95,24600,24100,117.5,18.55,126.6,15.85,98.95,110.75,-11.799999999999997,-2300.9999999999995,144.085096955,-2445.0850969549997,Reversal,2025-09-09,1,True,True,2976157,100413,110454,30739,95905,3.4
2025-09-03 09:15:00,2025-09-03 09:25:00,BEAR_CALL,24541.0,24550,25050,162.0,14.05,152.5,13.15,147.95,139.35,8.599999999999994,1676.9999999999989,157.542715571,1519.457284428999,Reversal,2025-09-09,0,False,False,2973712,69533,76486,0,95710,2.3
2025-09-03 09:25:00,2025-09-03 10:35:00,BULL_PUT,24597.45,24600,24100,125.9,15.6,116.1,12.4,110.30000000000001,103.69999999999999,6.600000000000023,1287.0000000000045,144.2747951,1142.7252049000044,Reversal,2025-09-09,0,False,False,2975231,69693,76662,0,95930,2.3
2025-09-03 10:35:00,2025-09-03 12:00:00,BEAR_CALL,24562.05,24550,25050,146.8,10.35,163.15,11.95,136.45000000000002,151.20000000000002,-14.75,-2876.25,153.6106183175,-3029.8606183175,Reversal,2025-09-09,0,False,False,2976374,69592,76552,0,95792,2.3
2025-09-03 12:00:00,2025-09-03 12:55:00,BULL_PUT,24604.2,24600,24100,99.35,10.4,97.75,10.45,88.94999999999999,87.3,1.6499999999999915,321.74999999999835,134.3122276085,187.43777239149836,Reversal,2025-09-09,0,False,False,2973344,69712,76683,0,95956,2.3
2025-09-03 12:55:00,2025-09-03 13:50:00,BEAR_CALL,24599.25,24600,25100,132.9,8.7,150.15,10.45,124.2,139.70000000000002,-15.500000000000014,-3022.5000000000027,148.058277686,-3170.558277686003,Reversal,2025-09-09,0,False,False,2973532,69698,76668,0,95937,2.3
2025-09-03 13:50:00,2025-09-04 09:15:00,BULL_PUT,24644.35,24650,24150,103.95,10.45,34.2,5.1,93.5,29.1,64.4,12558.000000000002,128.526990131,12429.473009869002,Reversal,2025-09-09,1,True,False,2970361,69826,76808,0,96113,2.4
2025-09-04 09:15:00,2025-09-04 09:30:00,BEAR_CALL,24863.8,24850,25350,133.75,8.2,149.2,8.9,125.55,140.29999999999998,-14.749999999999986,-2876.2499999999973,147.73702823150003,-3023.9870282314973,Reversal,2025-09-09,0,False,False,2982791,70447,77492,0,96969,2.4
2025-09-04 09:30:00,2025-09-04 10:05:00,BULL_PUT,24930.25,24950,24450,114.05,12.4,115.7,12.95,101.64999999999999,102.75,-1.1000000000000085,-214.50000000000165,140.828664113,-355.32866411300165,Reversal,2025-09-09,0,False,False,2979767,70636,77699,0,97228,2.4
2025-09-04 10:05:00,2025-09-04 12:40:00,BEAR_CALL,24868.2,24850,25350,141.75,7.8,97.7,6.4,133.95,91.3,42.64999999999999,8316.749999999998,144.70182639950002,8172.048173600499,Reversal,2025-09-09,0,False,False,2979411,70460,77506,0,96986,2.4
2025-09-04 12:40:00,2025-09-04 13:45:00,BULL_PUT,24819.35,24800,24300,88.0,9.0,93.6,9.65,79.0,83.94999999999999,-4.949999999999989,-965.2499999999977,130.45938215750002,-1095.7093821574977,Reversal,2025-09-09,0,False,False,2987583,70321,77354,0,96795,2.4
2025-09-04 13:45:00,2025-09-04 14:40:00,BEAR_CALL,24773.25,24750,25250,142.6,8.65,108.95,7.7,133.95,101.25,32.69999999999999,6376.499999999998,146.36014237700002,6230.1398576229985,Reversal,2025-09-09,0,False,False,2986488,70191,77210,0,96616,2.4
2025-09-04 14:40:00,2025-09-05 10:05:00,BULL_PUT,24771.3,24750,24250,93.8,9.4,63.85,3.75,84.39999999999999,60.1,24.29999999999999,4738.499999999998,127.85373730399999,4610.646262695998,Reversal,2025-09-09,1,True,False,2992718,70185,77204,0,96608,2.3
2025-09-05 10:05:00,2025-09-05 10:25:00,BEAR_CALL,24756.4,24750,25250,104.85,3.5,69.55,3.45,101.35,66.1,35.25,6873.75,130.81375515050001,6742.9362448495,Reversal,2025-09-09,0,False,False,2997328,70143,77157,0,96550,2.3
2025-09-05 10:25:00,2025-09-05 12:00:00,BULL_PUT,24721.75,24700,24200,104.9,7.85,104.15,5.85,97.05000000000001,98.30000000000001,-1.25,-243.75,134.9135263325,-378.6635263325,Reversal,2025-09-09,0,False,False,3004071,70045,77049,0,96415,2.3
2025-09-05 12:00:00,2025-09-05 13:15:00,BEAR_CALL,24659.6,24650,25150,105.4,4.85,115.05,5.05,100.55000000000001,110.0,-9.449999999999989,-1842.7499999999977,135.5243245205,-1978.2743245204977,Reversal,2025-09-09,0,False,False,3003693,69869,76856,0,96172,2.3
2025-09-05 13:15:00,2025-09-05 14:35:00,BULL_PUT,24681.1,24700,24200,86.3,4.75,57.85,4.45,81.55,53.4,28.15,5489.25,125.0348030105,5364.2151969895,Reversal,2025-09-09,0,False,False,3001714,69930,76923,0,96256,2.3
2025-09-05 14:35:00,2025-09-08 09:15:00,BEAR_CALL,24724.25,24700,25200,120.45,4.25,145.15,2.5,116.2,142.65,-26.450000000000003,-5157.750000000001,141.5777539805,-5299.327753980501,Reversal,2025-09-09,3,True,False,3007079,70052,77057,0,96425,2.3
2025-09-08 09:15:00,2025-09-08 10:30:00,BULL_PUT,24787.65,24800,24300,60.45,3.1,64.8,2.75,57.35,62.05,-4.699999999999996,-916.4999999999992,117.86939999299999,-1034.3693999929992,Reversal,2025-09-09,0,False,False,3001779,70232,77255,0,96672,2.3
2025-09-08 10:30:00,2025-09-08 11:40:00,BEAR_CALL,24783.05,24800,25300,65.75,1.45,84.85,1.45,64.3,83.39999999999999,-19.099999999999994,-3724.499999999999,120.59349570500001,-3845.093495704999,Reversal,2025-09-09,0,False,False,3000745,70219,77241,0,96654,2.3
2025-09-08 11:40:00,2025-09-08 14:45:00,BULL_PUT,24827.45,24850,24350,64.05,2.75,42.9,2.5,61.3,40.4,20.9,4075.4999999999995,116.842977986,3958.6570220139997,Reversal,2025-09-09,0,False,False,2996900,70344,77379,0,96827,2.3
2025-09-08 14:45:00,2025-09-09 09:15:00,BEAR_CALL,24779.7,24800,25300,100.9,1.6,88.05,1.25,99.30000000000001,86.8,12.500000000000014,2437.5000000000027,130.568354534,2306.931645466003,Reversal,2025-09-09,1,True,False,3000858,70209,77230,0,96641,2.3
2025-09-09 09:15:00,2025-09-09 10:35:00,BULL_PUT,24854.2,24850,24350,106.0,16.85,124.45,19.9,89.15,104.55000000000001,-15.400000000000006,-3003.000000000001,141.683398136,-3144.683398136001,Reversal,2025-09-16,0,False,True,3003165,101488,111637,31068,96931,3.4
2025-09-09 10:35:00,2025-09-09 12:45:00,BEAR_CALL,24819.1,24800,25300,177.35,17.95,189.45,18.35,159.4,171.1,-11.699999999999989,-2281.4999999999977,166.82279435300003,-2448.322794352998,Reversal,2025-09-16,0,False,True,3000021,101345,111479,31024,96794,3.4
2025-09-09 12:45:00,2025-09-09 14:40:00,BULL_PUT,24863.75,24850,24350,112.8,17.9,111.75,16.2,94.9,95.55,-0.6499999999999915,-126.74999999999834,141.51877704950002,-268.26877704949834,Reversal,2025-09-16,0,False,True,2997572,101527,111680,31080,96969,3.4
2025-09-09 14:40:00,2025-09-10 09:15:00,BEAR_CALL,24839.95,24850,25350,148.55,11.8,198.1,16.0,136.75,182.1,-45.349999999999994,-8843.249999999998,158.4143097035,-9001.664309703498,Reversal,2025-09-16,1,True,True,2997304,101430,111573,31050,96876,3.4
2025-09-10 09:15:00,2025-09-10 11:15:00,BULL_PUT,24962.65,24950,24450,105.6,11.25,80.05,10.85,94.35,69.2,25.14999999999999,4904.249999999998,134.67416188250002,4769.575838117498,Reversal,2025-09-16,0,False,False,2988302,70728,77800,0,97354,2.4
2025-09-10 11:15:00,2025-09-10 15:05:00,BEAR_CALL,24981.2,25000,25500,143.75,9.8,114.75,7.5,133.95,107.25,26.69999999999999,5206.499999999998,147.23372845400002,5059.266271545998,Reversal,2025-09-16,0,False,False,2993072,70780,77858,0,97427,2.4
2025-09-10 15:05:00,2025-09-11 10:05:00,BULL_PUT,24972.8,24950,24450,82.65,9.8,75.75,7.6,72.85000000000001,68.15,4.700000000000003,916.5000000000006,126.91211545399999,789.5878845460006,Reversal,2025-09-16,1,True,False,2998131,70756,77832,0,97394,2.4
2025-09-11 10:05:00,2025-09-11 12:15:00,BEAR_CALL,24957.85,24950,25450,134.05,6.7,139.9,5.95,127.35000000000001,133.95000000000002,-6.6000000000000085,-1287.0000000000016,146.054404958,-1433.0544049580017,Reversal,2025-09-16,0,False,False,2998921,70714,77785,0,97336,2.4
2025-09-11 12:15:00,2025-09-15 09:15:00,BULL_PUT,24997.45,25000,24500,84.3,8.1,23.9,1.85,76.2,22.049999999999997,54.150000000000006,10559.250000000002,121.07293403450001,10438.177065965501,Reversal,2025-09-16,4,True,False,2997488,70826,77909,0,97490,2.4
2025-09-15 09:15:00,2025-09-15 11:50:00,BEAR_CALL,25091.4,25100,25600,70.85,1.45,60.9,1.25,69.39999999999999,59.65,9.749999999999993,1901.2499999999986,119.8470810035,1781.4029189964986,Reversal,2025-09-16,0,False,False,3007926,71092,78202,0,97856,2.4
2025-09-15 11:50:00,2025-09-15 13:40:00,BULL_PUT,25102.8,25100,24600,48.25,2.4,46.2,2.3,45.85,43.900000000000006,1.9499999999999957,380.24999999999915,112.67033606449999,267.5796639354992,Reversal,2025-09-16,0,False,False,3009707,71125,78237,0,97901,2.4
2025-09-15 13:40:00,2025-09-16 09:15:00,BEAR_CALL,25071.15,25050,25550,88.9,1.4,67.1,1.05,87.5,66.05,21.450000000000003,4182.750000000001,125.33143962349999,4057.418560376501,Reversal,2025-09-16,1,True,False,3009975,71035,78138,0,97777,2.4
2025-09-16 09:15:00,2025-09-16 13:50:00,BULL_PUT,25106.75,25100,24600,113.6,15.7,72.2,11.45,97.89999999999999,60.75,37.14999999999999,7244.249999999998,136.7575919585,7107.4924080414985,Reversal,2025-09-23,0,False,True,3014032,102519,112771,31383,97916,3.4
2025-09-16 13:50:00,2025-09-16 14:20:00,BEAR_CALL,25169.8,25150,25650,179.05,15.05,186.2,15.55,164.0,170.64999999999998,-6.649999999999977,-1296.7499999999955,165.9779282855,-1462.7279282854954,Reversal,2025-09-23,0,False,True,3021140,102777,113054,31462,98162,3.4
2025-09-16 14:20:00,2025-09-17 14:00:00,BULL_PUT,25199.1,25200,24700,102.4,13.75,42.25,6.95,88.65,35.3,53.35000000000001,10403.250000000002,129.60700857049997,10273.642991429502,Reversal,2025-09-23,1,True,True,3019677,102896,113186,31499,98276,3.4
2025-09-17 14:00:00,2025-09-17 14:50:00,BEAR_CALL,25308.7,25300,25800,149.2,8.15,148.0,9.15,141.04999999999998,138.85,2.1999999999999886,428.9999999999978,151.975893635,277.0241063649978,Reversal,2025-09-23,0,False,False,3029951,71708,78879,0,98704,2.4
2025-09-17 14:50:00,2025-09-18 12:30:00,BULL_PUT,25324.5,25300,24800,70.15,8.85,33.1,5.4,61.300000000000004,27.700000000000003,33.6,6552.0,119.010851525,6432.989148475,Reversal,2025-09-23,1,True,False,3030228,71753,78928,0,98766,2.4
2025-09-18 12:30:00,2025-09-18 13:30:00,BEAR_CALL,25398.55,25400,25900,117.1,3.8,96.8,3.4,113.3,93.39999999999999,19.900000000000006,3880.500000000001,136.61281169300003,3743.887188307001,Reversal,2025-09-23,0,False,False,3036661,71963,79159,0,99054,2.4
2025-09-18 13:30:00,2025-09-18 14:05:00,BULL_PUT,25385.8,25400,24900,77.4,6.6,81.3,7.05,70.80000000000001,74.25,-3.4499999999999886,-672.7499999999977,125.51201598050001,-798.2620159804977,Reversal,2025-09-23,0,False,False,3040405,71926,79119,0,99005,2.4
2025-09-18 14:05:00,2025-09-18 14:45:00,BEAR_CALL,25351.7,25350,25850,118.55,3.9,122.95,4.6,114.64999999999999,118.35000000000001,-3.700000000000017,-721.5000000000033,139.65248,-861.1524800000033,Reversal,2025-09-23,0,False,False,3039606,71830,79013,0,98872,2.4
2025-09-18 14:45:00,2025-09-19 09:15:00,BULL_PUT,25387.55,25400,24900,77.15,6.6,67.15,4.15,70.55000000000001,63.00000000000001,7.550000000000004,1472.250000000001,123.3966543815,1348.853345618501,Reversal,2025-09-23,1,True,False,3038745,71931,79125,0,99011,2.4
2025-09-19 09:15:00,2025-09-19 13:00:00,BEAR_CALL,25381.45,25400,25900,79.55,2.2,52.35,2.1,77.35,50.25,27.099999999999994,5284.499999999999,121.80717410600002,5162.692825893999,Reversal,2025-09-23,0,False,False,3040094,71914,79106,0,98988,2.4
2025-09-19 13:00:00,2025-09-19 15:00:00,BULL_PUT,25323.7,25300,24800,56.15,3.2,46.35,3.25,52.949999999999996,43.1,9.849999999999994,1920.7499999999989,115.2050929385,1805.5449070614989,Reversal,2025-09-23,0,False,False,3045257,71750,78926,0,98762,2.4
2025-09-19 15:00:00,2025-09-19 15:25:00,BEAR_CALL,25318.1,25300,25800,102.75,2.9,114.3,2.8,99.85,111.5,-11.650000000000006,-2271.750000000001,133.9299463325,-2405.679946332501,Reversal,2025-09-23,0,False,False,3047062,71735,78908,0,98741,2.4
2025-09-19 15:25:00,2025-09-22 09:15:00,BULL_PUT,25352.5,25350,24850,53.6,3.4,105.2,3.65,50.2,101.55,-51.349999999999994,-10013.249999999998,119.79621088550002,-10133.046210885499,Reversal,2025-09-23,3,True,False,3044657,71832,79015,0,98875,2.4
2025-09-22 09:15:00,2025-09-22 09:20:00,BEAR_CALL,25258.55,25250,25750,76.35,2.15,72.55,1.7,74.19999999999999,70.85,3.3499999999999943,653.2499999999989,122.5798972325,530.6701027674989,Reversal,2025-09-23,0,False,False,3034524,71566,78722,0,98508,2.4
2025-09-22 09:20:00,2025-09-22 11:15:00,BULL_PUT,25276.55,25300,24800,71.15,2.25,45.5,2.6,68.9,42.9,26.000000000000007,5070.000000000002,119.021720045,4950.978279955002,Reversal,2025-09-23,0,False,False,3035054,71617,78779,0,98579,2.4
2025-09-22 11:15:00,2025-09-22 12:40:00,BEAR_CALL,25286.85,25300,25800,69.25,1.5,67.4,1.5,67.75,65.9,1.8499999999999943,360.74999999999886,120.0484685795,240.70153142049887,Reversal,2025-09-23,0,False,False,3040005,71646,78811,0,98619,2.4
2025-09-22 12:40:00,2025-09-22 13:20:00,BULL_PUT,25304.8,25300,24800,41.7,2.4,42.65,2.35,39.300000000000004,40.3,-0.9999999999999929,-194.9999999999986,110.558123033,-305.5581230329986,Reversal,2025-09-23,0,False,False,3040246,71697,78867,0,98689,2.4
2025-09-22 13:20:00,2025-09-22 15:00:00,BEAR_CALL,25277.2,25300,25800,60.85,1.6,28.15,1.85,59.25,26.299999999999997,32.95,6425.250000000001,114.3800165435,6310.869983456501,Reversal,2025-09-23,0,False,False,3039940,71619,78781,0,98581,2.4
2025-09-22 15:00:00,2025-09-23 09:25:00,BULL_PUT,25211.2,25200,24700,37.4,2.0,27.65,1.05,35.4,26.599999999999998,8.8,1716.0000000000002,107.65435580299999,1608.3456441970002,Reversal,2025-09-23,1,True,False,3046251,71432,78575,0,98324,2.3
2025-09-23 09:25:00,2025-09-23 10:05:00,BEAR_CALL,25186.8,25200,25700,165.8,15.7,131.2,14.05,150.10000000000002,117.14999999999999,32.95000000000003,6425.250000000006,157.11859285249997,6268.131407147506,Reversal,2025-09-30,0,False,True,3047860,102846,113131,31484,98229,3.4
2025-09-23 10:05:00,2025-09-23 10:20:00,BULL_PUT,25161.4,25150,24650,112.45,17.65,116.25,18.3,94.80000000000001,97.95,-3.1499999999999915,-614.2499999999983,142.3767973295,-756.6267973294982,Reversal,2025-09-30,0,False,True,3054128,102742,113017,31452,98129,3.4
2025-09-23 10:20:00,2025-09-23 12:05:00,BEAR_CALL,25118.2,25100,25600,185.55,20.9,188.85,20.7,164.65,168.15,-3.5,-682.5,169.95139357999997,-852.45139358,Reversal,2025-09-30,0,False,True,3053371,102566,112823,31398,97961,3.4
2025-09-23 12:05:00,2025-09-23 14:10:00,BULL_PUT,25130.55,25150,24650,109.35,16.6,62.2,10.35,92.75,51.85,40.9,7975.5,134.476429055,7841.023570945,Reversal,2025-09-30,0,False,True,3052519,102616,112878,31413,98009,3.4
2025-09-23 14:10:00,2025-09-24 10:05:00,BEAR_CALL,25206.9,25200,25700,197.9,19.25,85.9,6.3,178.65,79.60000000000001,99.05,19314.75,160.1960727905,19154.5539272095,Reversal,2025-09-30,1,True,True,3060360,102928,113221,31509,98307,3.4
2025-09-24 10:05:00,2025-09-24 11:00:00,BULL_PUT,25104.1,25100,24600,86.35,8.75,100.15,9.4,77.6,90.75,-13.150000000000006,-2564.250000000001,130.4864695295,-2694.736469529501,Reversal,2025-09-30,0,False,False,3079514,71128,78241,0,97906,2.3
2025-09-24 11:00:00,2025-09-24 12:10:00,BEAR_CALL,25051.9,25050,25550,151.45,11.0,153.2,11.0,140.45,142.2,-1.75,-341.25,153.81859938949998,-495.0685993895,Reversal,2025-09-30,0,False,False,3076820,70980,78078,0,97702,2.3
2025-09-24 12:10:00,2025-09-24 14:20:00,BULL_PUT,25092.55,25100,24600,95.25,9.35,80.75,8.6,85.9,72.15,13.75,2681.25,131.07875398849998,2550.1712460115,Reversal,2025-09-30,0,False,False,3076324,71096,78205,0,97861,2.3
2025-09-24 14:20:00,2025-09-25 09:20:00,BEAR_CALL,25085.85,25100,25600,137.0,8.3,99.35,6.2,128.7,93.14999999999999,35.55,6932.249999999999,143.5195969355,6788.730403064499,Reversal,2025-09-30,1,True,False,3078875,71077,78184,0,97835,2.3
2025-09-25 09:20:00,2025-09-25 10:10:00,BULL_PUT,25081.2,25100,24600,99.4,7.75,106.0,7.75,91.65,98.25,-6.599999999999994,-1286.9999999999989,134.07009226699998,-1421.070092266999,Reversal,2025-09-30,0,False,False,3085663,71063,78170,0,97817,2.3
2025-09-25 10:10:00,2025-09-26 09:45:00,BEAR_CALL,25031.7,25050,25550,112.25,7.45,23.2,3.05,104.8,20.15,84.65,16506.75,129.02845924849998,16377.7215407515,Reversal,2025-09-30,1,True,False,3084242,70923,78015,0,97624,2.3
2025-09-26 09:45:00,2025-09-26 11:00:00,BULL_PUT,24813.9,24800,24300,72.3,5.4,75.25,5.1,66.89999999999999,70.15,-3.250000000000014,-633.7500000000027,122.92247327150001,-756.6724732715028,Reversal,2025-09-30,0,False,False,3100620,70306,77337,0,96774,2.3
2025-09-26 11:00:00,2025-09-26 12:50:00,BEAR_CALL,24771.2,24750,25250,131.95,7.65,132.45,7.1,124.29999999999998,125.35,-1.0500000000000114,-204.75000000000222,145.2203444645,-349.9703444645022,Reversal,2025-09-30,0,False,False,3099863,70185,77204,0,96608,2.3
2025-09-26 12:50:00,2025-09-26 13:20:00,BULL_PUT,24790.55,24800,24300,70.45,5.35,86.55,5.3,65.10000000000001,81.25,-16.14999999999999,-3149.249999999998,123.45358821949999,-3272.703588219498,Reversal,2025-09-30,0,False,False,3099513,70240,77264,0,96683,2.3
2025-09-26 13:20:00,2025-09-29 09:20:00,BEAR_CALL,24742.2,24750,25250,106.7,6.6,72.4,3.45,100.10000000000001,68.95,31.150000000000006,6074.250000000001,131.84879276450002,5942.401207235501,Reversal,2025-09-30,3,True,False,3096241,70103,77113,0,96495,2.3
2025-09-29 09:20:00,2025-09-29 10:50:00,BULL_PUT,24702.6,24700,24200,54.7,3.25,34.1,3.25,51.45,30.85,20.6,4017.0000000000005,113.731882739,3903.2681172610005,Reversal,2025-09-30,0,False,False,3102183,69991,76990,0,96340,2.3
2025-09-29 10:50:00,2025-09-29 13:00:00,BEAR_CALL,24735.5,24750,25250,95.6,2.65,34.15,2.85,92.94999999999999,31.299999999999997,61.64999999999999,12021.749999999998,124.9014512075,11896.848548792499,Reversal,2025-09-30,0,False,False,3106086,70084,77092,0,96468,2.3
2025-09-29 13:00:00,2025-09-29 14:40:00,BULL_PUT,24681.35,24700,24200,79.95,3.05,45.25,3.25,76.9,42.0,34.900000000000006,6805.500000000001,121.68753384500002,6683.812466155001,Reversal,2025-09-30,0,False,False,3117983,69930,76924,0,96257,2.2
2025-09-29 14:40:00,2025-09-29 15:25:00,BEAR_CALL,24688.75,24700,25200,83.25,2.65,48.6,3.35,80.6,45.25,35.349999999999994,6893.249999999999,122.8883937455,6770.361606254499,Reversal,2025-09-30,0,False,False,3124667,69951,76947,0,96286,2.2
2025-09-29 15:25:00,2025-09-30 09:35:00,BULL_PUT,24677.55,24700,24200,57.45,2.6,65.9,1.75,54.85,64.15,-9.300000000000004,-1813.500000000001,116.814162251,-1930.3141622510009,Reversal,2025-09-30,1,True,False,3131437,69920,76912,0,96242,2.2
2025-09-30 09:35:00,2025-09-30 11:00:00,BEAR_CALL,24655.25,24650,25150,191.85,24.8,176.65,23.05,167.04999999999998,153.6,13.449999999999989,2622.7499999999977,171.6182832005,2451.1317167994976,Reversal,2025-10-07,0,False,True,3129507,100676,110743,30819,96155,3.2
2025-09-30 11:00:00,2025-09-30 14:05:00,BULL_PUT,24657.9,24650,24150,122.65,23.45,122.2,20.9,99.2,101.30000000000001,-2.1000000000000085,-409.50000000000165,146.95425749600003,-556.4542574960017,Reversal,2025-10-07,0,False,True,3131958,100686,110755,30822,96166,3.2
2025-09-30 14:05:00,2025-10-01 09:25:00,BEAR_CALL,24630.5,24650,25150,162.7,16.95,133.1,9.55,145.75,123.55,22.200000000000003,4329.000000000001,155.290188749,4173.709811251001,Reversal,2025-10-07,1,True,True,3131402,100575,110632,30788,96059,3.2
2025-10-01 09:25:00,2025-10-01 10:00:00,BULL_PUT,24655.3,24650,24150,110.25,12.65,93.75,11.3,97.6,82.45,15.149999999999991,2954.249999999998,137.4130864085,2816.836913591498,Reversal,2025-10-07,0,False,False,3135575,69857,76842,0,96156,2.2
2025-10-01 10:00:00,2025-10-01 10:30:00,BEAR_CALL,24641.4,24650,25150,152.7,11.4,139.35,8.85,141.29999999999998,130.5,10.799999999999983,2105.999999999997,152.38793744900002,1953.6120625509968,Reversal,2025-10-07,0,False,False,3138392,69817,76799,0,96101,2.2
2025-10-01 10:30:00,2025-10-01 12:55:00,BULL_PUT,24687.35,24700,24200,111.45,11.3,66.8,8.3,100.15,58.5,41.650000000000006,8121.750000000001,134.42879404549998,7987.321205954501,Reversal,2025-10-07,0,False,False,3140346,69947,76942,0,96281,2.2
2025-10-01 12:55:00,2025-10-01 14:05:00,BEAR_CALL,24753.5,24750,25250,139.6,6.9,155.25,7.45,132.7,147.8,-15.100000000000023,-2944.5000000000045,149.372975096,-3093.8729750960047,Reversal,2025-10-07,0,False,False,3148333,70135,77148,0,96539,2.2
2025-10-01 14:05:00,2025-10-03 09:15:00,BULL_PUT,24808.8,24800,24300,89.7,10.05,73.6,5.55,79.65,68.05,11.600000000000009,2262.000000000002,128.130152807,2133.869847193002,Reversal,2025-10-07,2,True,False,3145239,70292,77321,0,96754,2.2
2025-10-03 09:15:00,2025-10-03 09:50:00,BEAR_CALL,24785.05,24800,25300,104.25,3.0,101.45,3.05,101.25,98.4,2.8499999999999943,555.7499999999989,133.2947779025,422.4552220974989,Reversal,2025-10-07,0,False,False,3147373,70224,77247,0,96662,2.2
2025-10-03 09:50:00,2025-10-06 14:25:00,BULL_PUT,24821.95,24800,24300,69.3,5.1,7.15,2.6,64.2,4.550000000000001,59.650000000000006,11631.750000000002,115.39116911449999,11516.358830885501,Reversal,2025-10-07,3,True,False,3147796,70329,77362,0,96806,2.2
2025-10-06 14:25:00,2025-10-06 14:55:00,BEAR_CALL,25035.0,25050,25550,78.7,1.35,82.0,1.15,77.35000000000001,80.85,-3.499999999999986,-682.4999999999973,123.83823911600003,-806.3382391159973,Reversal,2025-10-07,0,False,False,3159312,70932,78026,0,97636,2.2
2025-10-06 14:55:00,2025-10-07 11:10:00,BULL_PUT,25083.8,25100,24600,51.9,3.4,15.4,0.9,48.5,14.5,34.0,6630.0,110.676079508,6519.323920492,Reversal,2025-10-07,1,True,False,3158506,71071,78178,0,97827,2.3
2025-10-07 11:10:00,2025-10-07 12:00:00,BEAR_CALL,25152.2,25150,25650,150.45,11.25,142.55,11.05,139.2,131.5,7.699999999999989,1501.4999999999977,152.641983839,1348.8580161609977,Reversal,2025-10-14,0,False,True,3165025,102705,112975,31440,98094,3.2
2025-10-07 12:00:00,2025-10-07 14:25:00,BULL_PUT,25154.25,25150,24650,103.2,13.9,76.8,9.75,89.3,67.05,22.25,4338.75,133.6520148995,4205.0979851005,Reversal,2025-10-14,0,False,True,3166374,102713,112985,31443,98102,3.2
2025-10-07 14:25:00,2025-10-08 09:15:00,BEAR_CALL,25153.25,25150,25650,161.5,10.4,100.7,5.3,151.1,95.4,55.69999999999999,10861.499999999998,150.359463677,10711.140536322999,Reversal,2025-10-14,1,True,True,3170579,102709,112980,31442,98098,3.2
2025-10-08 09:15:00,2025-10-08 10:20:00,BULL_PUT,25146.05,25150,24650,113.45,10.55,99.8,10.55,102.9,89.25,13.650000000000006,2661.750000000001,138.4386455405,2523.3113544595008,Reversal,2025-10-14,0,False,False,3181290,71247,78372,0,98070,2.2
2025-10-08 10:20:00,2025-10-08 12:45:00,BEAR_CALL,25119.45,25100,25600,143.2,8.35,96.55,7.2,134.85,89.35,45.5,8872.5,145.272341039,8727.227658961,Reversal,2025-10-14,0,False,False,3183813,71172,78289,0,97966,2.2
2025-10-08 12:45:00,2025-10-08 14:05:00,BULL_PUT,25063.2,25050,24550,96.1,10.15,64.7,7.8,85.94999999999999,56.900000000000006,29.049999999999983,5664.749999999996,129.75312511250002,5534.996874887496,Reversal,2025-10-14,0,False,False,3192541,71012,78114,0,97746,2.2
2025-10-08 14:05:00,2025-10-09 09:20:00,BEAR_CALL,25062.2,25050,25550,155.5,10.0,129.3,7.7,145.5,121.60000000000001,23.89999999999999,4660.499999999998,151.839255575,4508.6607444249985,Reversal,2025-10-14,1,True,False,3198076,71010,78111,0,97743,2.2
2025-10-09 09:20:00,2025-10-09 09:50:00,BULL_PUT,25105.15,25100,24600,96.0,7.8,111.3,9.3,88.2,102.0,-13.799999999999997,-2690.9999999999995,134.027585972,-2825.0275859719995,Reversal,2025-10-14,0,False,False,3202584,71131,78244,0,97910,2.2
2025-10-09 09:50:00,2025-10-09 10:25:00,BEAR_CALL,25059.9,25050,25550,114.65,6.8,130.7,7.35,107.85000000000001,123.35,-15.499999999999986,-3022.4999999999973,140.26938648499998,-3162.769386484997,Reversal,2025-10-14,0,False,False,3199759,71003,78103,0,97734,2.2
2025-10-09 10:25:00,2025-10-09 14:15:00,BULL_PUT,25078.45,25100,24600,93.9,8.05,53.5,5.3,85.85000000000001,48.2,37.650000000000006,7341.750000000001,127.28309677249999,7214.466903227501,Reversal,2025-10-14,0,False,False,3196596,71056,78161,0,97806,2.2
2025-10-09 14:15:00,2025-10-09 14:55:00,BEAR_CALL,25130.8,25150,25650,110.15,3.9,112.1,3.6,106.25,108.5,-2.25,-438.75,136.0958187425,-574.8458187425,Reversal,2025-10-14,0,False,False,3203811,71204,78324,0,98010,2.2
2025-10-09 14:55:00,2025-10-10 15:00:00,BULL_PUT,25170.05,25150,24650,66.1,5.9,21.4,4.35,60.199999999999996,17.049999999999997,43.15,8414.25,116.31145258250001,8297.9385474175,Reversal,2025-10-14,1,True,False,3203236,71315,78447,0,98163,2.2
2025-10-10 15:00:00,2025-10-13 09:40:00,BEAR_CALL,25279.95,25300,25800,105.05,1.6,39.65,1.5,103.45,38.15,65.30000000000001,12733.500000000002,127.535890814,12605.964109186001,Reversal,2025-10-14,3,True,False,3211534,71627,78789,0,98592,2.2
2025-10-13 09:40:00,2025-10-13 11:15:00,BULL_PUT,25216.25,25200,24700,67.55,4.45,71.15,4.4,63.099999999999994,66.75,-3.6500000000000057,-711.7500000000011,120.9693421565,-832.7193421565012,Reversal,2025-10-14,0,False,False,3224140,71446,78591,0,98343,2.2
2025-10-13 11:15:00,2025-10-13 13:45:00,BEAR_CALL,25178.45,25200,25700,70.65,1.75,69.35,1.9,68.9,67.44999999999999,1.450000000000017,282.7500000000033,120.7402770995,162.00972290050328,Reversal,2025-10-14,0,False,False,3223307,71339,78473,0,98196,2.2
2025-10-13 13:45:00,2025-10-14 09:35:00,BULL_PUT,25214.35,25200,24700,58.5,3.85,14.8,1.3,54.65,13.5,41.15,8024.25,112.6017967235,7911.6482032765,Reversal,2025-10-14,1,True,False,3223469,71441,78585,0,98336,2.2
2025-10-14 09:35:00,2025-10-14 13:30:00,BEAR_CALL,25248.35,25250,25750,181.4,16.75,95.0,9.7,164.65,85.3,79.35000000000001,15473.250000000002,157.1472826955,15316.102717304502,Reversal,2025-10-20,0,False,True,3231381,103097,113407,31560,98469,3.2
2025-10-14 13:30:00,2025-10-14 15:20:00,BULL_PUT,25129.45,25150,24650,153.0,27.2,121.65,16.6,125.8,105.05000000000001,20.749999999999986,4046.2499999999973,154.4507779235,3891.7992220764972,Reversal,2025-10-20,0,False,True,3246697,102612,112873,31412,98005,3.2
2025-10-14 15:20:00,2025-10-15 09:15:00,BEAR_CALL,25126.85,25150,25650,145.6,12.0,208.05,16.3,133.6,191.75,-58.150000000000006,-11339.250000000002,158.5718219285,-11497.821821928503,Reversal,2025-10-20,1,True,True,3250589,102601,112861,31409,97995,3.2
2025-10-15 09:15:00,2025-10-15 14:45:00,BULL_PUT,25239.95,25250,24750,96.7,12.55,53.5,8.4,84.15,45.1,39.050000000000004,7614.750000000001,129.3125619245,7485.437438075501,Reversal,2025-10-20,0,False,False,3239091,71513,78665,0,98436,2.2
2025-10-15 14:45:00,2025-10-16 09:15:00,BEAR_CALL,25298.85,25300,25800,162.9,6.05,213.25,7.85,156.85,205.4,-48.55000000000001,-9467.250000000002,160.9572599315,-9628.207259931502,Reversal,2025-10-20,1,True,False,3246576,71680,78848,0,98666,2.2
2025-10-16 09:15:00,2025-10-16 15:10:00,BULL_PUT,25412.15,25400,24900,67.1,8.8,33.95,6.4,58.3,27.550000000000004,30.749999999999993,5996.249999999998,118.5133007375,5877.736699262498,Reversal,2025-10-20,0,False,False,3236948,72001,79201,0,99107,2.2
2025-10-16 15:10:00,2025-10-17 09:25:00,BEAR_CALL,25568.55,25550,26050,120.6,3.9,103.6,2.6,116.69999999999999,101.0,15.699999999999989,3061.4999999999977,137.966729141,2923.5332708589976,Reversal,2025-10-20,1,True,False,3242826,72444,79689,0,99717,2.2
2025-10-17 09:25:00,2025-10-17 12:50:00,BULL_PUT,25604.4,25600,25100,97.85,7.95,54.8,7.5,89.89999999999999,47.3,42.599999999999994,8306.999999999998,129.091953803,8177.908046196998,Reversal,2025-10-20,0,False,False,3245750,72546,79800,0,99857,2.2
2025-10-17 12:50:00,2025-10-17 14:05:00,BEAR_CALL,25698.45,25700,26200,106.7,3.5,81.85,2.35,103.2,79.5,23.700000000000003,4621.500000000001,132.101859572,4489.398140428001,Reversal,2025-10-20,0,False,False,3253927,72812,80094,0,100224,2.2
2025-10-17 14:05:00,2025-10-20 09:40:00,BULL_PUT,25686.55,25700,25200,93.6,8.0,13.9,1.4,85.6,12.5,73.1,14254.499999999998,122.637118247,14131.862881752999,Reversal,2025-10-20,3,True,False,3258417,72779,80056,0,100178,2.2
2025-10-20 09:40:00,2025-10-20 10:40:00,BEAR_CALL,25840.9,25850,26350,184.8,21.65,185.45,23.1,163.15,162.35,0.8000000000000114,156.00000000000222,170.17565645000002,-14.175656449997803,Reversal,2025-10-28,0,False,True,3272549,105517,116069,32301,100780,3.2
2025-10-20 10:40:00,2025-10-20 14:00:00,BULL_PUT,25862.75,25850,25350,138.45,30.75,123.85,23.15,107.69999999999999,100.69999999999999,7.0,1365.0,152.739950006,1212.260049994,Reversal,2025-10-28,0,False,True,3272535,105606,116167,32328,100865,3.2
2025-10-20 14:00:00,2025-10-21 13:45:00,BEAR_CALL,25849.25,25850,26350,179.5,19.4,200.2,23.45,160.1,176.75,-16.650000000000006,-3246.750000000001,169.90251540650004,-3416.652515406501,Reversal,2025-10-28,1,True,True,3273747,105551,116106,32312,100812,3.2
2025-10-21 13:45:00,2025-10-21 14:35:00,BULL_PUT,25903.25,25900,25400,110.1,15.35,126.5,18.0,94.75,108.5,-13.75,-2681.25,142.3410733685,-2823.5910733685,Reversal,2025-10-28,0,False,False,3270330,73393,80732,0,101023,2.2
2025-10-21 14:35:00,2025-10-23 09:15:00,BEAR_CALL,25841.4,25850,26350,171.1,12.5,293.45,34.7,158.6,258.75,-100.15,-19529.25,178.2764419025,-19707.5264419025,Reversal,2025-10-28,2,True,False,3267507,73217,80539,0,100781,2.2
2025-10-23 09:15:00,2025-10-23 13:30:00,BULL_PUT,26003.75,26000,25500,85.6,12.4,66.25,10.3,73.19999999999999,55.95,17.249999999999986,3363.7499999999973,127.8710196665,3235.878980333497,Reversal,2025-10-28,0,False,False,3247799,73677,81045,0,101415,2.3
2025-10-23 13:30:00,2025-10-24 12:05:00,BEAR_CALL,26021.55,26000,26500,187.3,13.45,51.6,4.65,173.85000000000002,46.95,126.90000000000002,24745.500000000004,153.28084241,24592.219157590003,Reversal,2025-10-28,1,True,False,3251035,73728,81100,0,101484,2.3
2025-10-24 12:05:00,2025-10-24 13:20:00,BULL_PUT,25852.0,25850,25350,83.65,7.9,99.3,7.35,75.75,91.95,-16.200000000000003,-3159.0000000000005,129.021473666,-3288.0214736660005,Reversal,2025-10-28,0,False,False,3275627,73247,80572,0,100823,2.2
2025-10-24 13:20:00,2025-10-24 15:00:00,BEAR_CALL,25792.8,25800,26300,118.75,7.8,85.2,7.25,110.95,77.95,33.0,6435.0,137.46868397,6297.53131603,Reversal,2025-10-28,0,False,False,3272339,73080,80388,0,100592,2.2
2025-10-24 15:00:00,2025-10-27 13:15:00,BULL_PUT,25794.05,25800,25300,106.25,7.1,21.3,4.4,99.15,16.9,82.25,16038.75,127.54285280149999,15911.2071471985,Reversal,2025-10-28,3,True,False,3278637,73083,80391,0,100597,2.2
2025-10-27 13:15:00,2025-10-27 14:15:00,BEAR_CALL,25940.0,25950,26450,113.35,3.15,92.75,2.95,110.19999999999999,89.8,20.39999999999999,3977.999999999998,135.036653486,3842.963346513998,Reversal,2025-10-28,0,False,False,3294548,73497,80846,0,101166,2.2
2025-10-27 14:15:00,2025-10-27 14:45:00,BULL_PUT,25983.15,26000,25500,80.7,5.1,68.45,4.8,75.60000000000001,63.650000000000006,11.950000000000003,2330.2500000000005,124.54242290149999,2205.7075770985007,Reversal,2025-10-28,0,False,False,3298391,73619,80981,0,101334,2.2
2025-10-27 14:45:00,2025-10-28 09:25:00,BEAR_CALL,25929.85,25950,26450,102.6,2.85,93.15,2.0,99.75,91.15,8.599999999999994,1676.9999999999989,131.804716778,1545.1952832219988,Reversal,2025-10-28,1,True,False,3300596,73468,80815,0,101126,2.2
2025-10-28 09:25:00,2025-10-28 09:50:00,BULL_PUT,25988.85,26000,25500,150.25,32.4,141.25,30.3,117.85,110.95,6.8999999999999915,1345.4999999999984,159.662058446,1185.8379415539985,Reversal,2025-11-04,0,False,True,3302142,106121,116733,32486,101357,3.2
2025-10-28 09:50:00,2025-10-28 12:35:00,BEAR_CALL,25971.45,25950,26450,267.25,58.2,187.8,37.7,209.05,150.10000000000002,58.94999999999999,11495.249999999998,200.4737818985,11294.776218101499,Reversal,2025-11-04,0,False,True,3303328,106050,116655,32464,101289,3.2
2025-10-28 12:35:00,2025-10-28 13:40:00,BULL_PUT,25899.7,25900,25400,150.35,30.85,126.5,21.85,119.5,104.65,14.849999999999994,2895.749999999999,155.91753231650003,2739.832467683499,Reversal,2025-11-04,0,False,True,3314622,105757,116333,32375,101009,3.2
2025-10-28 13:40:00,2025-10-28 15:00:00,BEAR_CALL,25879.6,25900,26400,230.8,45.1,199.0,34.0,185.70000000000002,165.0,20.700000000000017,4036.500000000003,189.18596320700001,3847.314036793003,Reversal,2025-11-04,0,False,True,3317362,105675,116243,32349,100930,3.2
2025-10-28 15:00:00,2025-10-29 14:05:00,BULL_PUT,25920.15,25900,25400,132.2,19.8,62.2,10.8,112.39999999999999,51.400000000000006,60.999999999999986,11894.999999999996,141.21124175,11753.788758249997,Reversal,2025-11-04,1,True,True,3321209,105841,116425,32400,101089,3.2
2025-10-29 14:05:00,2025-10-30 10:10:00,BEAR_CALL,26042.05,26050,26550,177.2,19.5,99.15,10.5,157.7,88.65,69.04999999999998,13464.749999999996,156.81159390050004,13307.938406099496,Reversal,2025-11-04,1,True,False,3332963,73786,81164,0,101564,2.2
2025-10-30 10:10:00,2025-10-30 11:50:00,BULL_PUT,25959.45,25950,25450,126.8,15.75,117.85,11.9,111.05,105.94999999999999,5.1000000000000085,994.5000000000017,144.55247474900003,849.9475252510017,Reversal,2025-11-04,0,False,False,3346271,73552,80907,0,101242,2.2
2025-10-30 11:50:00,2025-10-31 09:25:00,BEAR_CALL,25909.35,25900,26400,167.5,17.65,147.85,10.9,149.85,136.95,12.900000000000006,2515.500000000001,158.350689257,2357.149310743001,Reversal,2025-11-04,1,True,False,3347121,73410,80751,0,101046,2.2
2025-10-31 09:25:00,2025-10-31 10:00:00,BULL_PUT,25914.9,25900,25400,88.45,7.35,77.75,6.4,81.10000000000001,71.35,9.750000000000014,1901.2500000000027,128.1467191685,1773.1032808315026,Reversal,2025-11-04,0,False,False,3349478,73426,80768,0,101068,2.2
2025-10-31 10:00:00,2025-10-31 11:55:00,BEAR_CALL,25889.5,25900,26400,151.3,9.05,82.5,6.8,142.25,75.7,66.55,12977.25,146.2325303795,12831.0174696205,Reversal,2025-11-04,0,False,False,3351251,73354,80689,0,100969,2.2
2025-10-31 11:55:00,2025-10-31 13:25:00,BULL_PUT,25819.8,25800,25300,80.6,5.1,92.55,5.55,75.5,87.0,-11.5,-2242.5,126.839277494,-2369.339277494,Reversal,2025-11-04,0,False,False,3364082,73156,80472,0,100697,2.2
2025-10-31 13:25:00,2025-11-03 09:35:00,BEAR_CALL,25777.7,25800,26300,111.3,9.05,56.05,3.85,102.25,52.199999999999996,50.050000000000004,9759.75,132.01281455749998,9627.7371854425,Reversal,2025-11-04,3,True,False,3361713,73037,80340,0,100533,2.2
2025-11-03 09:35:00,2025-11-03 12:05:00,BULL_PUT,25709.7,25700,25200,79.5,3.95,57.8,2.55,75.55,55.25,20.299999999999997,3958.4999999999995,122.55037729400001,3835.9496227059994,Reversal,2025-11-04,0,False,False,3371341,72844,80129,0,100268,2.2
2025-11-03 12:05:00,2025-11-03 12:55:00,BEAR_CALL,25711.8,25700,26200,107.8,4.85,114.25,4.85,102.95,109.4,-6.450000000000003,-1257.7500000000005,136.0634230025,-1393.8134230025005,Reversal,2025-11-04,0,False,False,3375177,72850,80135,0,100276,2.2
2025-11-03 12:55:00,2025-11-03 14:45:00,BULL_PUT,25755.05,25750,25250,70.0,3.05,51.75,2.7,66.95,49.05,17.900000000000006,3490.500000000001,119.350120325,3371.149879675001,Reversal,2025-11-04,0,False,False,3373783,72973,80270,0,100445,2.2
2025-11-03 14:45:00,2025-11-04 13:55:00,BEAR_CALL,25746.25,25750,26250,95.3,3.4,4.35,0.45,91.89999999999999,3.8999999999999995,87.99999999999999,17159.999999999996,121.60199670500002,17038.398003294995,Target,2025-11-04,1,True,False,3377154,72948,80242,0,100410,2.2
2025-11-04 13:55:00,2025-11-06 09:15:00,BEAR_CALL,25657.45,25650,26150,174.9,20.05,156.35,12.35,154.85,144.0,10.849999999999994,2115.749999999999,161.7594006995,1953.990599300499,Reversal,2025-11-11,2,True,True,3394192,104768,115245,32072,100064,3.1
2025-11-06 09:15:00,2025-11-06 09:25:00,BULL_PUT,25666.7,25650,25150,100.3,13.2,116.6,15.05,87.1,101.55,-14.450000000000003,-2817.7500000000005,137.75111204450002,-2955.5011120445006,Reversal,2025-11-11,0,False,False,3396146,72722,79995,0,100100,2.1
2025-11-06 09:25:00,2025-11-06 11:00:00,BEAR_CALL,25626.6,25650,26150,144.45,11.9,93.6,6.95,132.54999999999998,86.64999999999999,45.89999999999999,8950.499999999998,145.602026447,8804.897973552997,Reversal,2025-11-11,0,False,False,3393191,72609,79870,0,99944,2.1
2025-11-06 11:00:00,2025-11-06 13:45:00,BULL_PUT,25572.7,25550,25050,96.25,10.05,95.65,8.5,86.2,87.15,-0.9500000000000028,-185.25000000000057,132.6982603835,-317.9482603835006,Reversal,2025-11-11,0,False,False,3401996,72456,79702,0,99734,2.1
2025-11-06 13:45:00,2025-11-07 09:45:00,BEAR_CALL,25541.55,25550,26050,127.55,9.25,38.75,3.75,118.3,35.0,83.3,16243.5,134.984144159,16108.515855841,Reversal,2025-11-11,1,True,False,3401678,72368,79604,0,99612,2.1
2025-11-07 09:45:00,2025-11-07 13:55:00,BULL_PUT,25389.6,25400,24900,110.0,7.7,42.7,4.35,102.3,38.35,63.949999999999996,12470.25,130.5000577925,12339.7499422075,Reversal,2025-11-11,0,False,False,3417786,71937,79131,0,99019,2.1
2025-11-07 13:55:00,2025-11-07 14:20:00,BEAR_CALL,25493.9,25500,26000,107.75,4.0,91.6,3.95,103.75,87.64999999999999,16.10000000000001,3139.500000000002,133.736173799,3005.763826201002,Reversal,2025-11-11,0,False,False,3430126,72233,79456,0,99426,2.1
2025-11-07 14:20:00,2025-11-07 15:00:00,BULL_PUT,25516.2,25500,25000,85.9,5.45,82.8,5.55,80.45,77.25,3.200000000000003,624.0000000000006,127.48165051100001,496.51834948900057,Reversal,2025-11-11,0,False,False,3433132,72296,79525,0,99513,2.1
2025-11-07 15:00:00,2025-11-10 09:15:00,BEAR_CALL,25481.65,25500,26000,96.75,4.05,141.75,3.6,92.7,138.15,-45.45,-8862.75,135.00169667449998,-8997.7516966745,Reversal,2025-11-11,3,True,False,3433628,72198,79418,0,99378,2.1
2025-11-10 09:15:00,2025-11-10 13:40:00,BULL_PUT,25554.6,25550,25050,51.0,3.1,28.35,2.75,47.9,25.6,22.299999999999997,4348.499999999999,112.050322976,4236.449677023999,Reversal,2025-11-11,0,False,False,3424631,72405,79645,0,99663,2.1
2025-11-10 13:40:00,2025-11-10 14:20:00,BEAR_CALL,25607.55,25600,26100,88.45,1.45,82.0,1.4,87.0,80.6,6.400000000000006,1248.0000000000011,126.616868879,1121.383131121001,Reversal,2025-11-11,0,False,False,3428867,72555,79810,0,99869,2.1
2025-11-10 14:20:00,2025-11-10 14:40:00,BULL_PUT,25642.85,25650,25150,66.45,2.8,62.7,2.9,63.650000000000006,59.800000000000004,3.8500000000000014,750.7500000000002,119.3620523555,631.3879476445002,Reversal,2025-11-11,0,False,False,3429989,72655,79920,0,100007,2.1
2025-11-10 14:40:00,2025-11-11 10:05:00,BEAR_CALL,25602.75,25600,26100,85.15,1.3,20.0,1.15,83.85000000000001,18.85,65.0,12675.0,120.17465118800001,12554.825348812,Reversal,2025-11-11,1,True,False,3430620,72541,79795,0,99851,2.1
2025-11-11 10:05:00,2025-11-11 10:20:00,BULL_PUT,25537.3,25550,25050,148.0,27.2,149.5,27.55,120.8,121.95,-1.1500000000000057,-224.2500000000011,158.54503091750001,-382.7950309175011,Reversal,2025-11-18,0,False,True,3443175,104277,114705,31922,99595,3.0
2025-11-11 10:20:00,2025-11-11 11:40:00,BEAR_CALL,25490.5,25500,26000,205.95,31.8,193.45,28.8,174.14999999999998,164.64999999999998,9.5,1852.5,179.2068923,1673.2931077,Reversal,2025-11-18,0,False,True,3442792,104086,114495,31863,99413,3.0
2025-11-11 11:40:00,2025-11-11 14:35:00,BULL_PUT,25496.6,25500,25000,136.85,24.55,64.2,12.15,112.3,52.050000000000004,60.24999999999999,11748.749999999998,143.4660332825,11605.283966717498,Reversal,2025-11-18,0,False,True,3444465,104111,114522,31871,99437,3.0
2025-11-11 14:35:00,2025-11-11 15:25:00,BEAR_CALL,25655.65,25650,26150,213.55,27.4,227.6,30.25,186.15,197.35,-11.199999999999989,-2183.9999999999977,184.326683444,-2368.326683443998,Reversal,2025-11-18,0,False,True,3456071,104761,115237,32070,100057,3.0
2025-11-11 15:25:00,2025-11-12 09:35:00,BULL_PUT,25705.55,25700,25200,113.55,19.55,79.0,14.0,94.0,65.0,29.0,5655.0,138.385492343,5516.614507657,Reversal,2025-11-18,1,True,True,3453702,104964,115461,32132,100252,3.0
2025-11-12 09:35:00,2025-11-12 09:40:00,BEAR_CALL,25786.0,25800,26300,183.2,19.05,187.25,19.45,164.14999999999998,167.8,-3.650000000000034,-711.7500000000066,168.6512194385,-880.4012194385066,Reversal,2025-11-18,0,False,False,3459219,73060,80366,0,100565,2.1
2025-11-12 09:40:00,2025-11-12 14:05:00,BULL_PUT,25844.75,25850,25350,126.85,20.65,92.8,16.35,106.19999999999999,76.44999999999999,29.75,5801.25,144.02903778950002,5657.2209622105,Reversal,2025-11-18,0,False,False,3458338,73227,80549,0,100795,2.1
2025-11-12 14:05:00,2025-11-13 09:25:00,BEAR_CALL,25884.65,25900,26400,160.95,12.75,130.35,11.35,148.2,119.0,29.19999999999999,5693.999999999998,154.69358730199997,5539.306412697998,Reversal,2025-11-18,1,True,False,3463996,73340,80674,0,100950,2.1
2025-11-13 09:25:00,2025-11-13 12:35:00,BULL_PUT,25875.55,25900,25400,124.7,17.55,85.2,15.55,107.15,69.65,37.5,7312.5,142.27210259,7170.22789741,Reversal,2025-11-18,0,False,False,3469535,73314,80645,0,100915,2.1
2025-11-13 12:35:00,2025-11-13 13:00:00,BEAR_CALL,25949.85,25950,26450,152.45,13.15,157.6,13.35,139.29999999999998,144.25,-4.950000000000017,-965.2500000000033,155.32181472649998,-1120.5718147265034,Reversal,2025-11-18,0,False,False,3476705,73525,80877,0,101204,2.1
2025-11-13 13:00:00,2025-11-13 13:55:00,BULL_PUT,25983.7,26000,25500,120.55,20.5,119.15,20.9,100.05,98.25,1.7999999999999972,350.99999999999943,145.84558199300002,205.1544180069994,Reversal,2025-11-18,0,False,False,3475585,73620,80983,0,101336,2.1
2025-11-13 13:55:00,2025-11-13 14:25:00,BEAR_CALL,25929.15,25950,26450,159.2,13.7,119.25,10.3,145.5,108.95,36.55,7127.249999999999,153.0265088435,6974.223491156499,Reversal,2025-11-18,0,False,False,3475790,73466,80813,0,101124,2.1
2025-11-13 14:25:00,2025-11-13 14:55:00,BULL_PUT,25921.6,25900,25400,112.0,19.2,122.05,19.95,92.8,102.1,-9.299999999999997,-1813.4999999999995,143.354763416,-1956.8547634159995,Reversal,2025-11-18,0,False,False,3482764,73445,80789,0,101094,2.1
2025-11-13 14:55:00,2025-11-14 09:30:00,BEAR_CALL,25878.7,25900,26400,140.0,12.95,117.55,10.25,127.05,107.3,19.75,3851.25,147.4793598725,3703.7706401275,Reversal,2025-11-18,1,True,False,3480807,73323,80655,0,100927,2.1
2025-11-14 09:30:00,2025-11-14 09:50:00,BULL_PUT,25877.1,25900,25400,136.55,15.25,140.6,16.0,121.30000000000001,124.6,-3.299999999999983,-643.4999999999967,150.343032392,-793.8430323919968,Reversal,2025-11-18,0,False,False,3484511,73318,80650,0,100921,2.1
2025-11-14 09:50:00,2025-11-14 10:50:00,BEAR_CALL,25792.35,25800,26300,169.9,16.3,142.95,14.55,153.6,128.39999999999998,25.200000000000017,4914.000000000004,159.477479831,4754.522520169004,Reversal,2025-11-18,0,False,False,3483717,73078,80386,0,100590,2.1
2025-11-14 10:50:00,2025-11-14 11:30:00,BULL_PUT,25837.4,25850,25350,136.8,14.4,107.65,10.05,122.4,97.60000000000001,24.799999999999997,4835.999999999999,145.795409507,4690.204590492999,Reversal,2025-11-18,0,False,False,3488472,73206,80527,0,100766,2.1
2025-11-14 11:30:00,2025-11-14 14:35:00,BEAR_CALL,25808.6,25800,26300,156.35,13.5,127.9,8.7,142.85,119.2,23.64999999999999,4611.749999999998,152.5361298635,4459.213870136498,Reversal,2025-11-18,0,False,False,3493162,73124,80437,0,100654,2.1
2025-11-14 14:35:00,2025-11-17 11:25:00,BULL_PUT,25794.25,25800,25300,92.15,6.3,23.05,2.25,85.85000000000001,20.8,65.05000000000001,12684.750000000002,123.12529546249999,12561.624704537502,Reversal,2025-11-18,3,True,False,3497621,73084,80392,0,100598,2.1
2025-11-17 11:25:00,2025-11-17 12:05:00,BEAR_CALL,25928.0,25950,26450,82.6,1.85,95.7,1.85,80.75,93.85000000000001,-13.100000000000009,-2554.500000000002,126.35962015999998,-2680.8596201600017,Reversal,2025-11-18,0,False,False,3510183,73463,80809,0,101119,2.1
2025-11-17 12:05:00,2025-11-18 09:15:00,BULL_PUT,25969.4,25950,25450,54.45,3.0,65.35,1.6,51.45,63.74999999999999,-12.29999999999999,-2398.499999999998,115.928485472,-2514.428485471998,Reversal,2025-11-18,1,True,False,3507502,73580,80938,0,101281,2.1
2025-11-18 09:15:00,2025-11-18 10:55:00,BEAR_CALL,25947.35,25950,26450,179.8,27.0,174.8,26.25,152.8,148.55,4.25,828.75,169.19771134549998,659.5522886545,Reversal,2025-11-25,0,False,True,3504987,105952,116547,32434,101195,3.0
2025-11-18 10:55:00,2025-11-18 12:45:00,BULL_PUT,25921.9,25900,25400,145.1,27.8,135.2,24.1,117.3,111.1,6.200000000000003,1209.0000000000005,155.582844086,1053.4171559140004,Reversal,2025-11-25,0,False,True,3505647,105848,116433,32402,101095,3.0
2025-11-18 12:45:00,2025-11-18 13:30:00,BEAR_CALL,25932.0,25950,26450,176.65,24.85,191.25,26.4,151.8,164.85,-13.049999999999983,-2544.749999999997,169.62279266450003,-2714.372792664497,Reversal,2025-11-25,0,False,True,3506700,105889,116478,32415,101135,3.0
2025-11-18 13:30:00,2025-11-18 14:45:00,BULL_PUT,25974.65,25950,25450,140.45,24.75,140.15,24.7,115.69999999999999,115.45,0.2499999999999858,48.74999999999723,154.6279421315,-105.87794213150276,Reversal,2025-11-25,0,False,True,3503986,106063,116669,32468,101301,3.0
2025-11-18 14:45:00,2025-11-19 09:55:00,BEAR_CALL,25949.55,25950,26450,187.3,25.75,146.0,13.95,161.55,132.05,29.5,5752.5,165.22875449,5587.27124551,Reversal,2025-11-25,1,True,True,3503880,105961,116557,32437,101203,3.0
2025-11-19 09:55:00,2025-11-19 11:10:00,BULL_PUT,25920.35,25900,25400,120.95,17.1,118.9,15.85,103.85,103.05000000000001,0.799999999999983,155.99999999999667,144.237007064,11.762992935996664,Reversal,2025-11-25,0,False,False,3509467,73441,80785,0,101089,2.1
2025-11-19 11:10:00,2025-11-19 11:40:00,BEAR_CALL,25927.0,25950,26450,139.6,12.3,155.2,13.25,127.3,141.95,-14.649999999999991,-2856.749999999998,151.4494012205,-3008.199401220498,Reversal,2025-11-25,0,False,False,3509479,73460,80806,0,101115,2.1
2025-11-19 11:40:00,2025-11-20 14:25:00,BULL_PUT,25968.9,25950,25450,124.2,17.2,36.5,8.3,107.0,28.2,78.8,15366.0,135.81718310600002,15230.182816894,Reversal,2025-11-25,1,True,False,3506471,73579,80936,0,101279,2.1
2025-11-20 14:25:00,2025-11-21 09:20:00,BEAR_CALL,26200.55,26200,26700,154.75,10.85,94.6,4.45,143.9,90.14999999999999,53.750000000000014,10481.250000000004,147.7581148295,10333.491885170504,Reversal,2025-11-25,1,True,False,3521701,74235,81658,0,102182,2.1
2025-11-21 09:20:00,2025-11-21 09:45:00,BULL_PUT,26159.05,26150,25650,108.95,9.95,123.6,10.25,99.0,113.35,-14.349999999999994,-2798.249999999999,139.1468827325,-2937.396882732499,Reversal,2025-11-25,0,False,False,3532035,74117,81529,0,102020,2.1
2025-11-21 09:45:00,2025-11-21 11:10:00,BEAR_CALL,26121.6,26100,26600,126.05,6.85,112.9,5.75,119.2,107.15,12.049999999999997,2349.7499999999995,141.4247711765,2208.3252288234994,Reversal,2025-11-25,0,False,False,3529097,74011,81412,0,101874,2.1
2025-11-21 11:10:00,2025-11-21 13:10:00,BULL_PUT,26106.7,26100,25600,106.85,8.65,72.25,6.45,98.19999999999999,65.8,32.39999999999999,6317.999999999998,132.888180146,6185.111819853998,Reversal,2025-11-25,0,False,False,3531305,73969,81366,0,101816,2.1
2025-11-21 13:10:00,2025-11-21 14:05:00,BEAR_CALL,26135.55,26150,26650,115.05,4.7,100.35,4.0,110.35,96.35,14.0,2730.0,136.602048083,2593.397951917,Reversal,2025-11-25,0,False,False,3537491,74051,81456,0,101929,2.1
2025-11-21 14:05:00,2025-11-21 14:45:00,BULL_PUT,26142.95,26150,25650,101.45,7.15,107.8,7.9,94.3,99.89999999999999,-5.599999999999994,-1091.9999999999989,134.784860009,-1226.7848600089987,Reversal,2025-11-25,0,False,False,3540084,74072,81479,0,101958,2.1
2025-11-21 14:45:00,2025-11-24 09:15:00,BEAR_CALL,26106.6,26100,26600,125.1,4.85,104.6,2.35,120.25,102.25,18.0,3510.0,139.315191347,3370.684808653,Reversal,2025-11-25,3,True,False,3538857,73969,81366,0,101816,2.1
2025-11-24 09:15:00,2025-11-24 09:40:00,BULL_PUT,26097.25,26100,25600,69.6,3.3,76.5,3.15,66.3,73.35,-7.049999999999997,-1374.7499999999995,121.5598353065,-1496.3098353064995,Reversal,2025-11-25,0,False,False,3542228,73942,81336,0,101779,2.1
2025-11-24 09:40:00,2025-11-24 10:05:00,BEAR_CALL,26074.9,26050,26550,118.0,2.45,128.8,2.3,115.55,126.50000000000001,-10.950000000000017,-2135.250000000003,139.2495461765,-2274.4995461765034,Reversal,2025-11-25,0,False,False,3540732,73879,81267,0,101692,2.1
2025-11-24 10:05:00,2025-11-24 11:05:00,BULL_PUT,26117.45,26100,25600,62.8,2.8,62.0,2.7,60.0,59.3,0.7000000000000028,136.50000000000057,118.23417728900002,18.265822711000553,Reversal,2025-11-25,0,False,False,3538457,73999,81399,0,101858,2.1
2025-11-24 11:05:00,2025-11-25 09:30:00,BEAR_CALL,26099.75,26100,26600,88.25,1.95,12.2,1.5,86.3,10.7,75.6,14741.999999999998,120.50223055700002,14621.497769442998,Reversal,2025-11-25,1,True,False,3538475,73949,81344,0,101789,2.1
2025-11-25 09:30:00,2025-11-25 10:50:00,BULL_PUT,25977.55,26000,25500,164.0,28.55,141.3,22.65,135.45,118.65,16.799999999999983,3275.999999999997,161.01789309499998,3114.9821069049967,Reversal,2025-12-02,0,False,True,3553097,106075,116682,32472,101312,3.0
2025-11-25 10:50:00,2025-11-25 11:50:00,BEAR_CALL,25975.25,26000,26500,180.0,24.2,169.0,22.0,155.8,147.0,8.800000000000011,1716.0000000000023,167.32054577600002,1548.6794542240023,Reversal,2025-12-02,0,False,True,3556212,106066,116672,32469,101303,3.0
2025-11-25 11:50:00,2025-11-25 14:25:00,BULL_PUT,25973.65,25950,25450,128.35,19.4,119.75,15.75,108.94999999999999,104.0,4.949999999999989,965.2499999999977,146.53567394750002,818.7143260524977,Reversal,2025-12-02,0,False,True,3557761,106059,116665,32467,101297,3.0
2025-11-25 14:25:00,2025-11-26 09:15:00,BEAR_CALL,25973.65,25950,26450,190.35,23.95,179.1,15.85,166.4,163.25,3.1500000000000057,614.2500000000011,169.34905232749998,444.90094767250116,Reversal,2025-12-02,1,True,True,3558579,106059,116665,32467,101297,3.0
2025-11-26 09:15:00,2025-11-27 09:40:00,BULL_PUT,25969.65,25950,25450,96.9,11.1,33.3,6.7,85.80000000000001,26.599999999999998,59.20000000000002,11544.000000000004,126.99546523999999,11417.004534760004,Reversal,2025-12-02,1,True,False,3559024,73581,80939,0,101282,2.1
2025-11-27 09:40:00,2025-11-27 09:55:00,BEAR_CALL,26236.6,26250,26750,133.5,9.15,149.6,9.8,124.35,139.79999999999998,-15.449999999999989,-3012.7499999999977,148.0356449915,-3160.7856449914975,Reversal,2025-12-02,0,False,False,3570441,74337,81771,0,102323,2.1
2025-11-27 09:55:00,2025-11-27 11:45:00,BULL_PUT,26283.9,26300,25800,119.35,15.8,118.6,14.85,103.55,103.75,-0.20000000000000284,-39.000000000000554,143.376311618,-182.37631161800056,Reversal,2025-12-02,0,False,False,3567280,74471,81918,0,102507,2.1
2025-11-27 11:45:00,2025-11-27 13:55:00,BEAR_CALL,26238.0,26250,26750,138.8,7.85,95.2,4.8,130.95000000000002,90.4,40.55000000000001,7907.250000000002,143.22635148950002,7764.0236485105015,Reversal,2025-12-02,0,False,False,3567098,74341,81775,0,102328,2.1
2025-11-27 13:55:00,2025-11-28 10:20:00,BULL_PUT,26185.35,26200,25700,103.5,9.35,74.05,5.9,94.15,68.14999999999999,26.000000000000014,5070.000000000003,132.027526664,4937.972473336003,Reversal,2025-12-02,1,True,False,3574862,74192,81611,0,102123,2.1
2025-11-28 10:20:00,2025-11-28 10:35:00,BEAR_CALL,26220.85,26200,26700,130.95,4.05,143.3,4.0,126.89999999999999,139.3,-12.40000000000002,-2418.000000000004,144.721508549,-2562.7215085490043,Reversal,2025-12-02,0,False,False,3579800,74292,81722,0,102261,2.1
2025-11-28 10:35:00,2025-11-28 12:15:00,BULL_PUT,26267.65,26250,25750,82.75,6.4,91.85,6.5,76.35,85.35,-9.0,-1755.0,127.75063062500001,-1882.750630625,Reversal,2025-12-02,0,False,False,3577237,74425,81868,0,102444,2.1
2025-11-28 12:15:00,2025-12-01 09:15:00,BEAR_CALL,26227.85,26250,26750,93.9,2.55,116.05,2.15,91.35000000000001,113.89999999999999,-22.549999999999983,-4397.249999999996,131.4215608295,-4528.671560829496,Reversal,2025-12-02,3,True,False,3575354,74312,81743,0,102289,2.1
2025-12-01 09:15:00,2025-12-01 09:55:00,BULL_PUT,26285.3,26300,25800,68.35,3.1,75.95,3.5,65.25,72.45,-7.200000000000003,-1404.0000000000005,121.24467316699999,-1525.2446731670004,Reversal,2025-12-02,0,False,False,3570826,74475,81923,0,102513,2.1
2025-12-01 09:55:00,2025-12-01 14:00:00,BEAR_CALL,26264.3,26250,26750,101.5,1.75,43.25,1.75,99.75,41.5,58.25,11358.75,126.9512213975,11231.7987786025,Reversal,2025-12-02,0,False,False,3569301,74416,81857,0,102431,2.1
2025-12-01 14:00:00,2025-12-01 14:40:00,BULL_PUT,26221.15,26200,25700,69.6,2.45,68.85,2.2,67.14999999999999,66.64999999999999,0.5,97.5,120.55010555300001,-23.05010555300001,Reversal,2025-12-02,0,False,False,3580532,74293,81723,0,102262,2.1
2025-12-01 14:40:00,2025-12-01 15:00:00,BEAR_CALL,26172.5,26150,26650,89.95,2.0,72.55,1.9,87.95,70.64999999999999,17.30000000000001,3373.5000000000023,126.38910993200001,3247.1108900680024,Reversal,2025-12-02,0,False,False,3580509,74155,81571,0,102073,2.1
2025-12-01 15:00:00,2025-12-02 09:15:00,BULL_PUT,26180.55,26200,25700,84.5,2.2,100.0,1.2,82.3,98.8,-16.5,-3217.5,127.114281977,-3344.614281977,Reversal,2025-12-02,1,True,False,3583756,74178,81596,0,102104,2.1
2025-12-02 09:15:00,2025-12-02 10:55:00,BEAR_CALL,26141.5,26150,26650,163.0,18.05,152.0,16.5,144.95,135.5,9.449999999999989,1842.7499999999977,159.0550199165,1683.6949800834977,Reversal,2025-12-09,0,False,True,3580412,106744,117419,32677,101952,3.0
2025-12-02 10:55:00,2025-12-02 11:50:00,BULL_PUT,26098.2,26100,25600,126.05,16.4,136.2,17.75,109.65,118.44999999999999,-8.799999999999983,-1715.9999999999966,147.633954332,-1863.6339543319966,Reversal,2025-12-09,0,False,True,3582096,106568,117224,32623,101783,3.0
2025-12-02 11:50:00,2025-12-02 15:20:00,BEAR_CALL,26053.25,26050,26550,193.2,23.35,172.4,16.9,169.85,155.5,14.349999999999994,2798.249999999999,169.78809958550002,2628.4619004144993,Reversal,2025-12-09,0,False,True,3580232,106384,117023,32567,101608,3.0
2025-12-02 15:20:00,2025-12-03 09:20:00,BULL_PUT,26050.9,26050,25550,110.25,11.85,126.4,13.8,98.4,112.60000000000001,-14.200000000000003,-2769.0000000000005,140.90308094899999,-2909.9030809490005,Reversal,2025-12-09,1,True,True,3582860,106375,117012,32564,101599,3.0
2025-12-03 09:20:00,2025-12-03 11:35:00,BEAR_CALL,26007.75,26000,26500,167.7,16.0,114.65,9.8,151.7,104.85000000000001,46.84999999999998,9135.749999999996,155.04036623450003,8980.709633765497,Reversal,2025-12-09,0,False,False,3579950,73689,81057,0,101430,2.1
2025-12-03 11:35:00,2025-12-03 12:40:00,BULL_PUT,25943.3,25950,25450,123.8,13.55,116.7,11.4,110.25,105.3,4.950000000000003,965.2500000000006,143.2887825335,821.9612174665006,Reversal,2025-12-09,0,False,False,3588931,73506,80857,0,101179,2.0
2025-12-03 12:40:00,2025-12-03 14:10:00,BEAR_CALL,25922.9,25900,26400,168.0,16.05,165.75,14.6,151.95,151.15,0.799999999999983,155.99999999999667,160.94572917199997,-4.945729172003297,Reversal,2025-12-09,0,False,False,3589753,73448,80793,0,101099,2.0
2025-12-03 14:10:00,2025-12-04 09:15:00,BULL_PUT,25948.35,25950,25450,112.2,10.85,107.55,9.05,101.35000000000001,98.5,2.8500000000000085,555.7500000000017,138.3840065795,417.3659934205017,Reversal,2025-12-09,1,True,False,3589748,73520,80872,0,101199,2.0
2025-12-04 09:15:00,2025-12-04 09:30:00,BEAR_CALL,25949.55,25950,26450,123.05,9.55,158.45,12.85,113.5,145.6,-32.099999999999994,-6259.499999999999,146.798429057,-6406.298429056999,Reversal,2025-12-09,0,False,False,3590166,73524,80876,0,101203,2.0
2025-12-04 09:30:00,2025-12-04 11:35:00,BULL_PUT,26000.8,26000,25500,104.9,8.8,70.7,6.3,96.10000000000001,64.4,31.700000000000003,6181.500000000001,132.183543941,6049.316456059001,Reversal,2025-12-09,0,False,False,3583759,73669,81036,0,101403,2.1
2025-12-04 11:35:00,2025-12-04 14:25:00,BEAR_CALL,26034.75,26050,26550,133.35,8.0,96.35,5.5,125.35,90.85,34.5,6727.5,142.024859516,6585.475140484,Reversal,2025-12-09,0,False,False,3589809,73765,81142,0,101536,2.1
2025-12-04 14:25:00,2025-12-05 10:25:00,BULL_PUT,26014.0,26000,25500,90.7,5.95,38.95,2.8,84.75,36.150000000000006,48.599999999999994,9476.999999999998,124.24183779200001,9352.758162207998,Reversal,2025-12-09,1,True,False,3596394,73706,81077,0,101455,2.0
2025-12-05 10:25:00,2025-12-05 10:40:00,BEAR_CALL,26040.75,26050,26550,144.3,4.1,116.75,3.45,140.20000000000002,113.3,26.90000000000002,5245.500000000004,145.93929411800002,5099.560705882003,Reversal,2025-12-09,0,False,False,3605747,73782,81160,0,101559,2.0
2025-12-05 10:40:00,2025-12-05 14:05:00,BULL_PUT,26096.25,26100,25600,88.5,3.65,49.6,3.65,84.85,45.95,38.89999999999999,7585.499999999998,124.601327702,7460.898672297998,Reversal,2025-12-09,0,False,False,3610846,73939,81333,0,101775,2.0
2025-12-05 14:05:00,2025-12-05 15:00:00,BEAR_CALL,26155.85,26150,26650,101.5,2.4,109.05,2.15,99.1,106.89999999999999,-7.799999999999997,-1520.9999999999995,132.898626413,-1653.8986264129994,Reversal,2025-12-09,0,False,False,3618307,74108,81519,0,102008,2.0
2025-12-05 15:00:00,2025-12-08 09:25:00,BULL_PUT,26186.9,26200,25700,80.3,4.1,80.2,2.7,76.2,77.5,-1.2999999999999972,-253.49999999999943,124.79418359900001,-378.29418359899944,Reversal,2025-12-09,3,True,False,3616653,74196,81616,0,102129,2.1
2025-12-08 09:25:00,2025-12-08 14:50:00,BEAR_CALL,26140.6,26150,26650,89.75,1.7,15.25,2.0,88.05,13.25,74.8,14586.0,121.302136781,14464.697863219,Reversal,2025-12-09,0,False,False,3616275,74065,81472,0,101948,2.0
2025-12-08 14:50:00,2025-12-08 15:25:00,BULL_PUT,25950.5,25950,25450,55.85,1.85,60.95,1.45,54.0,59.5,-5.5,-1072.5,115.787234063,-1188.287234063,Reversal,2025-12-09,0,False,False,3630740,73526,80879,0,101207,2.0
2025-12-08 15:25:00,2025-12-09 10:05:00,BEAR_CALL,25932.8,25950,26450,61.5,3.2,8.9,2.05,58.3,6.8500000000000005,51.449999999999996,10032.75,113.0651722595,9919.6848277405,Reversal,2025-12-09,1,True,False,3629551,73476,80824,0,101138,2.0
2025-12-09 10:05:00,2025-12-09 11:45:00,BULL_PUT,25778.1,25800,25300,141.35,24.7,109.25,15.5,116.64999999999999,93.75,22.89999999999999,4465.499999999998,149.61048790399997,4315.889512095998,Reversal,2025-12-16,0,False,True,3639471,105261,115787,32223,100535,2.9
2025-12-09 11:45:00,2025-12-09 12:00:00,BEAR_CALL,25819.2,25800,26300,185.8,23.35,202.0,25.9,162.45000000000002,176.1,-13.649999999999977,-2661.7499999999955,172.83118004149998,-2834.5811800414954,Reversal,2025-12-16,0,False,True,3643787,105428,115971,32274,100695,2.9
2025-12-09 12:00:00,2025-12-09 12:55:00,BULL_PUT,25873.55,25850,25350,116.75,16.15,112.0,13.55,100.6,98.45,2.1499999999999915,419.24999999999835,141.74710512349998,277.5028948764984,Reversal,2025-12-16,0,False,True,3640952,105650,116215,32342,100907,2.9
2025-12-09 12:55:00,2025-12-10 09:15:00,BEAR_CALL,25863.85,25850,26350,172.3,19.3,137.55,12.05,153.0,125.50000000000001,27.499999999999986,5362.499999999997,159.238978256,5203.261021743997,Reversal,2025-12-16,1,True,True,3641230,105611,116172,32330,100869,2.9
2025-12-10 09:15:00,2025-12-10 10:50:00,BULL_PUT,25880.55,25900,25400,148.85,17.0,120.25,12.05,131.85,108.2,23.64999999999999,4611.749999999998,151.02212993450001,4460.727870065498,Reversal,2025-12-16,0,False,False,3646433,73328,80661,0,100934,2.0
2025-12-10 10:50:00,2025-12-10 13:15:00,BEAR_CALL,25859.4,25850,26350,161.1,13.5,116.55,10.15,147.6,106.39999999999999,41.2,8034.000000000001,153.25651151900001,7880.743488481001,Reversal,2025-12-16,0,False,False,3650894,73268,80595,0,100852,2.0
2025-12-10 13:15:00,2025-12-10 13:55:00,BULL_PUT,25826.95,25850,25350,138.8,15.95,137.45,14.85,122.85000000000001,122.6,0.2500000000000142,48.75000000000277,150.43252064150002,-101.68252064149725,Reversal,2025-12-16,0,False,False,3658775,73176,80494,0,100725,2.0
2025-12-10 13:55:00,2025-12-10 14:30:00,BEAR_CALL,25795.2,25800,26300,141.85,12.25,122.7,11.3,129.6,111.4,18.19999999999999,3548.9999999999977,148.67347940300002,3400.326520596998,Reversal,2025-12-16,0,False,False,3658673,73086,80395,0,100601,2.0
2025-12-10 14:30:00,2025-12-11 09:35:00,BULL_PUT,25786.85,25800,25300,134.3,14.15,115.3,11.6,120.15,103.7,16.450000000000003,3207.7500000000005,146.18225037050001,3061.5677496295,Reversal,2025-12-16,1,True,False,3662073,73063,80369,0,100569,2.0
2025-12-11 09:35:00,2025-12-11 10:05:00,BEAR_CALL,25721.45,25700,26200,186.65,17.5,178.95,16.0,169.15,162.95,6.200000000000017,1209.0000000000034,167.78604833300002,1041.2139516670034,Reversal,2025-12-16,0,False,False,3665135,72877,80165,0,100314,2.0
2025-12-11 10:05:00,2025-12-11 11:00:00,BULL_PUT,25771.55,25750,25250,95.9,9.65,74.25,7.4,86.25,66.85,19.400000000000006,3783.000000000001,130.381837736,3652.618162264001,Reversal,2025-12-16,0,False,False,3666176,73019,80321,0,100509,2.0
2025-12-11 11:00:00,2025-12-11 11:30:00,BEAR_CALL,25765.3,25750,26250,169.75,13.35,184.85,14.0,156.4,170.85,-14.449999999999989,-2817.7499999999977,162.7047494285,-2980.454749428498,Reversal,2025-12-16,0,False,False,3669829,73002,80302,0,100485,2.0
2025-12-11 11:30:00,2025-12-11 13:05:00,BULL_PUT,25823.55,25800,25300,79.4,7.3,65.75,5.65,72.10000000000001,60.1,12.000000000000007,2340.0000000000014,124.37386250299998,2215.6261374970013,Reversal,2025-12-16,0,False,False,3666848,73167,80483,0,100712,2.0
2025-12-11 13:05:00,2025-12-11 14:25:00,BEAR_CALL,25850.4,25850,26350,139.2,8.3,146.4,7.15,130.89999999999998,139.25,-8.350000000000023,-1628.2500000000045,148.52471786150002,-1776.7747178615045,Reversal,2025-12-16,0,False,False,3669064,73243,80567,0,100817,2.0
2025-12-11 14:25:00,2025-12-11 14:45:00,BULL_PUT,25916.5,25900,25400,92.75,6.45,97.85,6.25,86.3,91.6,-5.299999999999997,-1033.4999999999995,130.982630279,-1164.4826302789995,Reversal,2025-12-16,0,False,False,3667287,73430,80773,0,101074,2.0
2025-12-11 14:45:00,2025-12-12 09:15:00,BEAR_CALL,25855.3,25850,26350,137.4,6.4,197.1,7.55,131.0,189.54999999999998,-58.54999999999998,-11417.249999999996,152.4232693235,-11569.673269323497,Reversal,2025-12-16,1,True,False,3666123,73257,80582,0,100836,2.0
2025-12-12 09:15:00,2025-12-12 10:05:00,BULL_PUT,26002.55,26000,25500,90.35,5.85,81.8,5.5,84.5,76.3,8.200000000000003,1599.0000000000005,128.647682105,1470.3523178950004,Reversal,2025-12-16,0,False,False,3654553,73674,81041,0,101410,2.0
2025-12-12 10:05:00,2025-12-12 11:20:00,BEAR_CALL,25980.1,26000,26500,103.2,3.4,99.8,3.2,99.8,96.6,3.200000000000003,624.0000000000006,132.935698448,491.06430155200053,Reversal,2025-12-16,0,False,False,3656023,73610,80971,0,101322,2.0
2025-12-12 11:20:00,2025-12-15 09:15:00,BULL_PUT,26015.65,26000,25500,81.6,5.4,94.5,4.1,76.19999999999999,90.4,-14.200000000000017,-2769.000000000003,126.91226232800001,-2895.912262328003,Reversal,2025-12-16,3,True,False,3656514,73711,81082,0,101461,2.0
2025-12-15 09:15:00,2025-12-15 10:10:00,BEAR_CALL,25953.3,25950,26450,80.45,2.1,70.0,1.8,78.35000000000001,68.2,10.150000000000006,1979.2500000000011,123.51486264049998,1855.735137359501,Reversal,2025-12-16,0,False,False,3653618,73534,80888,0,101218,2.0
2025-12-15 10:10:00,2025-12-16 09:15:00,BULL_PUT,25961.35,25950,25450,73.4,2.65,60.2,1.45,70.75,58.75,12.0,2340.0,120.65270605100001,2219.347293949,Reversal,2025-12-16,1,True,False,3655474,73557,80913,0,101249,2.0
2025-12-16 09:15:00,2025-12-16 13:45:00,BEAR_CALL,25943.3,25950,26450,155.9,13.4,137.0,10.65,142.5,126.35,16.150000000000006,3149.250000000001,153.7421184785,2995.507881521501,Reversal,2025-12-23,0,False,True,3657694,105935,116529,32429,101179,2.9
2025-12-16 13:45:00,2025-12-16 14:05:00,BULL_PUT,25923.7,25900,25400,105.1,12.05,110.9,12.3,93.05,98.60000000000001,-5.550000000000011,-1082.2500000000023,137.7172633205,-1219.9672633205023,Reversal,2025-12-23,0,False,True,3660689,105855,116441,32405,101102,2.9
2025-12-16 14:05:00,2025-12-16 14:50:00,BEAR_CALL,25886.95,25900,26400,154.25,12.9,143.15,11.05,141.35,132.1,9.25,1803.75,153.8921533505,1649.8578466495,Reversal,2025-12-23,0,False,True,3659469,105705,116276,32359,100959,2.9
2025-12-16 14:50:00,2025-12-16 15:10:00,BULL_PUT,25890.2,25900,25400,119.05,13.3,124.35,13.3,105.75,111.05,-5.299999999999997,-1033.4999999999995,143.1493526,-1176.6493525999995,Reversal,2025-12-23,0,False,True,3661119,105718,116290,32363,100972,2.9
2025-12-16 15:10:00,2025-12-17 09:20:00,BEAR_CALL,25856.05,25850,26350,160.75,12.05,165.75,11.65,148.7,154.1,-5.400000000000006,-1053.0000000000011,157.769147426,-1210.7691474260012,Reversal,2025-12-23,1,True,True,3659942,105579,116137,32320,100839,2.9
2025-12-17 09:20:00,2025-12-17 09:40:00,BULL_PUT,25919.7,25900,25400,112.65,12.05,98.45,9.8,100.60000000000001,88.65,11.950000000000003,2330.2500000000005,138.02249455849997,2192.2275054415004,Reversal,2025-12-23,0,False,False,3658732,73439,80783,0,101087,2.0
2025-12-17 09:40:00,2025-12-17 14:15:00,BEAR_CALL,25880.2,25900,26400,151.65,10.0,90.85,6.1,141.65,84.75,56.900000000000006,11095.500000000002,146.952447818,10948.547552182003,Reversal,2025-12-23,0,False,False,3660924,73327,80660,0,100933,2.0
2025-12-17 14:15:00,2025-12-17 14:35:00,BULL_PUT,25827.65,25850,25350,117.55,10.0,122.1,9.95,107.55,112.14999999999999,-4.599999999999994,-896.9999999999989,141.318494948,-1038.318494947999,Reversal,2025-12-23,0,False,False,3671872,73178,80496,0,100728,2.0
2025-12-17 14:35:00,2025-12-17 15:00:00,BEAR_CALL,25776.15,25800,26300,136.6,9.4,148.1,9.85,127.19999999999999,138.25,-11.050000000000011,-2154.7500000000023,148.7983532885,-2303.5483532885023,Reversal,2025-12-23,0,False,False,3670834,73032,80336,0,100527,2.0
2025-12-17 15:00:00,2025-12-18 09:15:00,BULL_PUT,25825.0,25800,25300,90.25,7.5,109.5,7.35,82.75,102.15,-19.400000000000006,-3783.000000000001,131.710351598,-3914.7103515980007,Reversal,2025-12-23,1,True,False,3668530,73171,80488,0,100718,2.0
2025-12-18 09:15:00,2025-12-18 10:05:00,BEAR_CALL,25777.75,25800,26300,108.85,7.55,100.0,6.5,101.3,93.5,7.799999999999997,1520.9999999999995,135.79679152699998,1385.2032084729994,Reversal,2025-12-23,0,False,False,3664616,73037,80341,0,100533,2.0
2025-12-18 10:05:00,2025-12-18 13:30:00,BULL_PUT,25774.55,25750,25250,91.9,6.75,43.45,4.5,85.15,38.95,46.2,9009.0,125.51061675800001,8883.489383242,Reversal,2025-12-23,0,False,False,3666001,73028,80331,0,100521,2.0
2025-12-18 13:30:00,2025-12-18 15:00:00,BEAR_CALL,25848.5,25850,26350,129.9,5.9,89.25,4.7,124.0,84.55,39.45,7692.750000000001,140.0395962425,7552.710403757501,Reversal,2025-12-23,0,False,False,3674884,73237,80561,0,100809,2.0
2025-12-18 15:00:00,2025-12-19 11:25:00,BULL_PUT,25823.65,25800,25300,82.0,5.0,31.15,4.0,77.0,27.15,49.85,9720.75,121.39590005449999,9599.3540999455,Reversal,2025-12-23,1,True,False,3682437,73167,80484,0,100712,2.0
2025-12-19 11:25:00,2025-12-19 12:05:00,BEAR_CALL,25931.55,25950,26450,89.0,2.95,79.95,2.65,86.05,77.3,8.75,1706.25,127.06713216649999,1579.1828678335,Reversal,2025-12-23,0,False,False,3692036,73473,80820,0,101133,2.0
2025-12-19 12:05:00,2025-12-23 09:25:00,BULL_PUT,25951.05,25950,25450,86.05,4.7,4.75,1.25,81.35,3.5,77.85,15180.749999999998,119.41079545250001,15061.339204547498,Target,2025-12-23,4,True,False,3693616,73528,80881,0,101209,2.0
2025-12-23 09:25:00,2025-12-23 09:30:00,BULL_PUT,26149.65,26150,25650,108.5,14.65,110.3,14.2,93.85,96.1,-2.25,-438.75,139.3609511195,-578.1109511195,Reversal,2025-12-30,0,False,True,3708677,106778,117456,32687,101984,2.9
2025-12-23 09:30:00,2025-12-23 09:55:00,BEAR_CALL,26143.25,26150,26650,146.69,9.9,148.69,9.69,136.79,139.0,-2.210000000000008,-430.9500000000015,151.6445504111,-582.5945504111015,Reversal,2025-12-30,0,False,True,3708099,106752,117427,32679,101959,2.9
2025-12-23 09:55:00,2025-12-23 11:45:00,BULL_PUT,26174.0,26150,25650,102.2,12.0,94.0,10.85,90.2,83.15,7.049999999999997,1374.7499999999995,135.0235832015,1239.7264167984995,Reversal,2025-12-30,0,False,True,3707516,106877,117565,32717,102079,2.9
2025-12-23 11:45:00,2025-12-23 13:55:00,BEAR_CALL,26161.65,26150,26650,148.0,9.25,160.3,8.44,138.75,151.86,-13.110000000000014,-2556.4500000000025,152.6238370337,-2709.0738370337026,Reversal,2025-12-30,0,False,True,3708756,106827,117509,32702,102030,2.9
2025-12-23 13:55:00,2025-12-23 14:40:00,BULL_PUT,26197.8,26200,25700,98.45,10.15,96.05,9.85,88.3,86.2,2.0999999999999943,409.49999999999886,133.72547313500002,275.77452686499885,Reversal,2025-12-30,0,False,True,3706047,106974,117672,32747,102171,2.9
2025-12-23 14:40:00,2025-12-24 09:15:00,BEAR_CALL,26167.2,26150,26650,163.15,8.6,115.35,5.65,154.55,109.69999999999999,44.85000000000002,8745.750000000004,152.0421079325,8593.707892067503,Reversal,2025-12-30,1,True,True,3706323,106849,117534,32709,102052,2.9
2025-12-24 09:15:00,2025-12-24 11:40:00,BULL_PUT,26198.25,26200,25700,117.4,10.1,75.15,6.0,107.30000000000001,69.15,38.150000000000006,7439.250000000001,136.0678055495,7303.182194450501,Reversal,2025-12-30,0,False,False,3714916,74228,81651,0,102173,2.0
2025-12-24 11:40:00,2025-12-26 15:05:00,BEAR_CALL,26185.45,26200,26700,111.25,3.7,21.5,1.65,107.55,19.85,87.69999999999999,17101.499999999996,127.884997403,16973.615002596995,Reversal,2025-12-30,2,True,False,3722220,74192,81611,0,102123,2.0
2025-12-26 15:05:00,2025-12-29 09:55:00,BULL_PUT,26046.0,26050,25550,61.1,2.29,45.3,1.65,58.81,43.65,15.160000000000004,2956.2000000000007,115.96083557419999,2840.239164425801,Reversal,2025-12-30,3,True,False,3739193,73797,81177,0,101579,2.0
2025-12-29 09:55:00,2025-12-30 09:35:00,BEAR_CALL,26037.25,26050,26550,58.95,1.55,6.9,1.05,57.400000000000006,5.8500000000000005,51.550000000000004,10052.25,111.76128042349998,9940.4887195765,Reversal,2025-12-30,1,True,False,3742033,73772,81149,0,101545,2.0
2025-12-30 09:35:00,2025-12-30 10:50:00,BULL_PUT,25924.15,25900,25400,91.6,9.05,79.59,8.4,82.55,71.19,11.36,2215.2,129.8841246032,2085.3158753968,Reversal,2026-01-06,0,False,True,3751974,105857,116443,32405,101104,2.8
2025-12-30 10:50:00,2025-12-30 13:35:00,BEAR_CALL,25931.35,25950,26450,146.35,10.4,124.3,8.19,135.95,116.11,19.83999999999999,3868.799999999998,149.03652938119998,3719.763470618798,Reversal,2026-01-06,0,False,True,3754059,105886,116475,32414,101132,2.8
2025-12-30 13:35:00,2025-12-30 14:25:00,BULL_PUT,25918.3,25900,25400,83.25,7.65,79.7,6.6,75.6,73.10000000000001,2.499999999999986,487.4999999999972,126.959423936,360.5405760639972,Reversal,2026-01-06,0,False,True,3757779,105833,116416,32398,101081,2.8
2025-12-30 14:25:00,2025-12-30 15:25:00,BEAR_CALL,25916.6,25900,26400,152.69,9.85,172.6,9.8,142.84,162.79999999999998,-19.95999999999998,-3892.199999999996,155.4326607722,-4047.6326607721962,Reversal,2026-01-06,0,False,True,3758140,105826,116409,32396,101075,2.8
2025-12-30 15:25:00,2025-12-31 09:40:00,BULL_PUT,25970.55,25950,25450,81.4,6.1,64.5,5.55,75.30000000000001,58.95,16.35000000000001,3188.250000000002,124.6849384565,3063.565061543502,Reversal,2026-01-06,1,True,True,3754092,106046,116651,32463,101285,2.8
2025-12-31 09:40:00,2025-12-31 10:25:00,BEAR_CALL,25973.25,25950,26450,164.8,7.8,166.35,7.4,157.0,158.95,-1.9499999999999886,-380.2499999999978,157.39315410050003,-537.6431541004978,Reversal,2026-01-06,0,False,False,3757156,73591,80950,0,101296,2.0
2025-12-31 10:25:00,2025-12-31 15:00:00,BULL_PUT,26018.1,26000,25500,75.15,5.7,38.25,5.05,69.45,33.2,36.25,7068.75,120.47449931450002,6948.2755006854995,Reversal,2026-01-06,0,False,False,3756618,73718,81090,0,101471,2.0
2025-12-31 15:00:00,2026-01-01 09:15:00,BEAR_CALL,26134.25,26150,26650,119.3,4.59,126.7,3.9,114.71,122.8,-8.090000000000003,-1577.5500000000006,140.0563149887,-1717.6063149887007,Reversal,2026-01-06,1,True,False,3763566,74047,81452,0,101924,2.0
2026-01-01 09:15:00,2026-01-01 09:55:00,BULL_PUT,26167.8,26150,25650,65.75,4.9,64.25,4.9,60.85,59.35,1.5,292.5,120.04272877399998,172.45727122600002,Reversal,2026-01-06,0,False,False,3761849,74142,81556,0,102054,2.0
2026-01-01 09:55:00,2026-01-01 10:30:00,BEAR_CALL,26157.2,26150,26650,117.2,3.45,97.0,3.05,113.75,93.95,19.799999999999997,3860.9999999999995,136.53039034100001,3724.4696096589996,Reversal,2026-01-06,0,False,False,3762021,74112,81523,0,102013,2.0
2026-01-01 10:30:00,2026-01-01 11:40:00,BULL_PUT,26166.0,26150,25650,76.5,4.59,68.05,4.25,71.91,63.8,8.11,1581.4499999999998,123.14681639569999,1458.3031836042999,Reversal,2026-01-06,0,False,False,3765745,74137,81551,0,102047,2.0
2026-01-01 11:40:00,2026-01-01 13:15:00,BEAR_CALL,26144.85,26150,26650,99.25,2.75,96.35,2.54,96.5,93.80999999999999,2.690000000000012,524.5500000000023,131.2986773207,393.25132267930235,Reversal,2026-01-06,0,False,False,3767204,74077,81485,0,101965,2.0
2026-01-01 13:15:00,2026-01-02 14:35:00,BULL_PUT,26165.45,26150,25650,66.4,4.05,21.75,2.95,62.35000000000001,18.8,43.55000000000001,8492.250000000002,115.8750175445,8376.374982455502,Reversal,2026-01-06,1,True,False,3767597,74135,81549,0,102045,2.0
2026-01-02 14:35:00,2026-01-02 15:00:00,BEAR_CALL,26273.65,26250,26750,97.15,1.4,107.85,1.5,95.75,106.35,-10.599999999999994,-2066.999999999999,131.32046707700002,-2198.320467076999,Reversal,2026-01-06,0,False,False,3775973,74442,81886,0,102467,2.0
2026-01-02 15:00:00,2026-01-05 09:20:00,BULL_PUT,26313.1,26300,25800,57.25,3.6,53.35,2.75,53.65,50.6,3.049999999999997,594.7499999999994,116.02125997850001,478.72874002149945,Reversal,2026-01-06,3,True,False,3773775,74554,82009,0,102621,2.0
2026-01-05 09:20:00,2026-01-05 09:50:00,BEAR_CALL,26297.55,26300,26800,75.25,1.2,66.2,1.1,74.05,65.10000000000001,8.949999999999989,1745.2499999999977,121.4678305625,1623.7821694374977,Reversal,2026-01-06,0,False,False,3774254,74510,81961,0,102560,2.0
2026-01-05 09:50:00,2026-01-05 11:20:00,BULL_PUT,26305.0,26300,25800,53.25,2.6,36.5,2.8,50.65,33.7,16.949999999999996,3305.249999999999,113.35932254449999,3191.890677455499,Reversal,2026-01-06,0,False,False,3775878,74531,81984,0,102590,2.0
2026-01-05 11:20:00,2026-01-05 14:40:00,BEAR_CALL,26320.75,26300,26800,87.45,1.14,21.7,1.14,86.31,20.56,65.75,12821.25,120.9442113209,12700.3057886791,Reversal,2026-01-06,0,False,False,3779069,74575,82033,0,102651,2.0
2026-01-05 14:40:00,2026-01-05 15:20:00,BULL_PUT,26257.15,26250,25750,63.2,1.6,65.09,1.95,61.6,63.14,-1.5399999999999991,-300.29999999999984,118.3032401192,-418.6032401191998,Reversal,2026-01-06,0,False,False,3791770,74395,81835,0,102403,2.0
2026-01-05 15:20:00,2026-01-06 09:45:00,BEAR_CALL,26238.45,26250,26750,35.4,1.1,23.4,0.8,34.3,22.599999999999998,11.7,2281.5,106.578792041,2174.921207959,Reversal,2026-01-06,1,True,False,3791351,74342,81777,0,102330,2.0
2026-01-06 09:45:00,2026-01-06 10:20:00,BULL_PUT,26227.1,26250,25750,121.75,13.95,108.4,11.4,107.8,97.0,10.799999999999997,2105.9999999999995,142.02707046499998,1963.9729295349996,Reversal,2026-01-13,0,False,True,3793526,107094,117803,32784,102286,2.8
2026-01-06 10:20:00,2026-01-06 11:40:00,BEAR_CALL,26220.85,26200,26700,168.5,12.05,132.5,8.5,156.45,124.0,32.44999999999999,6327.749999999998,156.12277527650002,6171.627224723498,Reversal,2026-01-13,0,False,True,3795490,107068,117775,32776,102261,2.8
2026-01-06 11:40:00,2026-01-06 12:20:00,BULL_PUT,26193.6,26200,25700,107.35,10.1,111.05,10.55,97.25,100.5,-3.25,-633.75,137.69765330150003,-771.4476533015,Reversal,2026-01-13,0,False,True,3801662,106957,117653,32742,102155,2.8
2026-01-06 12:20:00,2026-01-06 15:00:00,BEAR_CALL,26152.7,26150,26650,154.55,10.4,147.0,8.85,144.15,138.15,6.0,1170.0,153.484459304,1016.515540696,Reversal,2026-01-13,0,False,True,3800890,106790,117469,32691,101996,2.8
2026-01-06 15:00:00,2026-01-07 09:15:00,BULL_PUT,26178.5,26200,25700,104.85,7.6,139.85,9.25,97.25,130.6,-33.349999999999994,-6503.249999999999,138.9551624765,-6642.205162476499,Reversal,2026-01-13,1,True,True,3801907,106896,117585,32723,102096,2.8
2026-01-07 09:15:00,2026-01-07 10:00:00,BEAR_CALL,26125.65,26150,26650,97.25,5.55,112.45,5.7,91.7,106.75,-15.049999999999997,-2934.7499999999995,133.2800539985,-3068.0300539984996,Reversal,2026-01-13,0,False,False,3795265,74023,81425,0,101890,2.0
2026-01-07 10:00:00,2026-01-07 10:25:00,BULL_PUT,26146.15,26150,25650,96.25,6.8,88.45,6.55,89.45,81.9,7.549999999999997,1472.2499999999995,131.24026847149997,1341.0097315284995,Reversal,2026-01-13,0,False,False,3792197,74081,81489,0,101970,2.0
2026-01-07 10:25:00,2026-01-07 11:00:00,BEAR_CALL,26134.0,26150,26650,124.25,6.35,125.2,5.95,117.9,119.25,-1.3499999999999943,-263.24999999999886,142.01804440249998,-405.26804440249884,Reversal,2026-01-13,0,False,False,3793538,74046,81451,0,101923,2.0
2026-01-07 11:00:00,2026-01-07 11:20:00,BULL_PUT,26179.05,26200,25700,104.8,6.95,108.2,6.85,97.85,101.35000000000001,-3.500000000000014,-682.5000000000027,135.439491584,-817.9394915840028,Reversal,2026-01-13,0,False,False,3793132,74174,81591,0,102098,2.0
2026-01-07 11:20:00,2026-01-07 14:40:00,BEAR_CALL,26138.85,26150,26650,118.85,5.5,87.65,4.2,113.35,83.45,29.89999999999999,5830.499999999998,136.66475450599998,5693.835245493999,Reversal,2026-01-13,0,False,False,3792314,74060,81466,0,101942,2.0
2026-01-07 14:40:00,2026-01-08 09:20:00,BULL_PUT,26109.0,26100,25600,80.4,5.25,79.45,4.25,75.15,75.2,-0.04999999999999716,-9.749999999999446,125.2863420905,-135.03634209049943,Reversal,2026-01-13,1,True,False,3798008,73976,81373,0,101825,1.9
2026-01-08 09:20:00,2026-01-08 09:50:00,BEAR_CALL,26096.75,26100,26600,102.85,4.5,86.8,3.8,98.35,83.0,15.349999999999994,2993.249999999999,131.95971250850002,2861.290287491499,Reversal,2026-01-13,0,False,False,3797873,73941,81335,0,101777,1.9
2026-01-08 09:50:00,2026-01-08 10:05:00,BULL_PUT,26096.75,26100,25600,94.65,5.15,94.25,5.0,89.5,89.25,0.25,48.75,130.73228060149998,-81.98228060149998,Reversal,2026-01-13,0,False,False,3800734,73941,81335,0,101777,1.9
2026-01-08 10:05:00,2026-01-08 14:15:00,BEAR_CALL,26055.4,26050,26550,111.35,4.3,64.0,4.4,107.05,59.6,47.449999999999996,9252.75,132.46007615149998,9120.2899238485,Reversal,2026-01-13,0,False,False,3800652,73824,81206,0,101616,1.9
2026-01-08 14:15:00,2026-01-08 15:00:00,BULL_PUT,25935.7,25950,25450,91.15,9.8,101.35,8.25,81.35000000000001,93.1,-11.749999999999986,-2291.2499999999973,131.6950913465,-2422.945091346497,Reversal,2026-01-13,0,False,False,3809773,73484,80833,0,101149,1.9
2026-01-08 15:00:00,2026-01-09 09:15:00,BEAR_CALL,25868.45,25850,26350,146.3,6.95,139.85,5.75,139.35000000000002,134.1,5.250000000000028,1023.7500000000056,149.40963667550002,874.3403633245056,Reversal,2026-01-13,1,True,False,3807350,73294,80623,0,100887,1.9
2026-01-09 09:15:00,2026-01-09 09:25:00,BULL_PUT,25938.8,25950,25450,100.95,7.25,114.45,8.05,93.7,106.4,-12.700000000000003,-2476.5000000000005,135.280799141,-2611.7807991410004,Reversal,2026-01-13,0,False,False,3808224,73493,80843,0,101161,1.9
2026-01-09 09:25:00,2026-01-09 09:40:00,BEAR_CALL,25840.9,25850,26350,123.0,4.84,103.7,4.55,118.16,99.15,19.00999999999999,3706.949999999998,139.26296029670002,3567.687039703298,Reversal,2026-01-13,0,False,False,3805612,73216,80537,0,100780,1.9
2026-01-09 09:40:00,2026-01-09 10:50:00,BULL_PUT,25876.7,25900,25400,108.15,8.69,91.2,6.9,99.46000000000001,84.3,15.16000000000001,2956.200000000002,135.04088287220003,2821.159117127802,Reversal,2026-01-13,0,False,False,3809180,73317,80649,0,100919,1.9
2026-01-09 10:50:00,2026-01-09 15:05:00,BEAR_CALL,25831.65,25850,26350,113.65,4.65,36.6,4.95,109.0,31.650000000000002,77.35,15083.249999999998,130.8735556055,14952.376444394498,Reversal,2026-01-13,0,False,False,3812001,73190,80509,0,100743,1.9
2026-01-09 15:05:00,2026-01-12 09:15:00,BULL_PUT,25688.75,25700,25200,90.2,9.05,99.5,6.45,81.15,93.05,-11.899999999999991,-2320.499999999998,130.705013576,-2451.2050135759982,Reversal,2026-01-13,3,True,False,3826954,72785,80063,0,100186,1.9
2026-01-12 09:15:00,2026-01-12 09:45:00,BEAR_CALL,25611.05,25600,26100,118.75,5.05,74.2,4.3,113.7,69.9,43.8,8541.0,135.443853149,8405.556146851,Reversal,2026-01-13,0,False,False,3824502,72565,79821,0,99883,1.9
2026-01-12 09:45:00,2026-01-12 11:05:00,BULL_PUT,25595.45,25600,25100,89.0,6.4,98.75,5.5,82.6,93.25,-10.650000000000006,-2076.750000000001,129.81085887950002,-2206.5608588795008,Reversal,2026-01-13,0,False,False,3832908,72520,79772,0,99822,1.9
2026-01-12 11:05:00,2026-01-12 12:10:00,BEAR_CALL,25541.4,25550,26050,76.75,4.05,64.84,4.0,72.7,60.84,11.86,2312.7,122.81743653320001,2189.8825634667996,Reversal,2026-01-13,0,False,False,3830701,72367,79604,0,99611,1.9
2026-01-12 12:10:00,2026-01-13 09:25:00,BULL_PUT,25578.3,25600,25100,115.15,5.4,7.25,1.14,109.75,6.11,103.64,20209.8,127.7216506922,20082.078349307798,Reversal,2026-01-13,1,True,False,3832891,72472,79719,0,99755,1.9
2026-01-13 09:25:00,2026-01-13 10:25:00,BEAR_CALL,25762.85,25750,26250,212.9,31.95,184.8,29.4,180.95000000000002,155.4,25.55000000000001,4982.250000000002,180.5515319015,4801.6984680985015,Reversal,2026-01-20,0,False,True,3852973,105198,115718,32204,100475,2.7
2026-01-13 10:25:00,2026-01-13 11:55:00,BULL_PUT,25799.45,25800,25300,158.94,31.1,155.1,27.85,127.84,127.25,0.5900000000000034,115.05000000000067,162.4927671437,-47.44276714369934,Reversal,2026-01-20,0,False,True,3857775,105348,115883,32249,100618,2.7
2026-01-13 11:55:00,2026-01-13 14:40:00,BEAR_CALL,25754.2,25750,26250,175.35,23.45,120.05,15.45,151.9,104.6,47.30000000000001,9223.500000000002,159.852936809,9063.647063191002,Reversal,2026-01-20,0,False,True,3857728,105163,115679,32193,100441,2.7
2026-01-13 14:40:00,2026-01-14 09:15:00,BULL_PUT,25692.65,25700,25200,145.55,23.05,138.35,22.25,122.50000000000001,116.1,6.40000000000002,1248.0000000000039,155.05453019599997,1092.945469804004,Reversal,2026-01-20,1,True,True,3866791,104912,115403,32116,100201,2.7
2026-01-14 09:15:00,2026-01-14 09:25:00,BEAR_CALL,25683.25,25700,26200,130.44,13.8,164.0,17.85,116.64,146.15,-29.510000000000005,-5754.450000000001,151.0910479967,-5905.5410479967,Reversal,2026-01-20,0,False,False,3867884,72769,80046,0,100165,1.9
2026-01-14 09:25:00,2026-01-14 10:15:00,BULL_PUT,25737.5,25750,25250,135.75,21.2,144.65,21.35,114.55,123.30000000000001,-8.750000000000014,-1706.2500000000027,152.4816587585,-1858.7316587585028,Reversal,2026-01-20,0,False,False,3861979,72923,80215,0,100376,1.9
2026-01-14 10:15:00,2026-01-14 11:00:00,BEAR_CALL,25680.05,25700,26200,141.35,14.1,149.3,14.6,127.25,134.70000000000002,-7.450000000000017,-1452.7500000000034,151.94793159050002,-1604.6979315905035,Reversal,2026-01-20,0,False,False,3860120,72760,80036,0,100152,1.9
2026-01-14 11:00:00,2026-01-14 13:20:00,BULL_PUT,25733.15,25750,25250,134.05,19.35,119.4,15.75,114.70000000000002,103.65,11.050000000000011,2154.7500000000023,148.07935248650003,2006.6706475135022,Reversal,2026-01-20,0,False,False,3858515,72911,80202,0,100359,1.9
2026-01-14 13:20:00,2026-01-14 14:40:00,BEAR_CALL,25717.15,25700,26200,147.65,12.25,112.1,11.0,135.4,101.1,34.30000000000001,6688.500000000002,149.26584779,6539.234152210001,Reversal,2026-01-20,0,False,False,3860522,72865,80152,0,100297,1.9
2026-01-14 14:40:00,2026-01-16 11:15:00,BULL_PUT,25676.65,25700,25200,135.6,18.1,50.45,6.4,117.5,44.050000000000004,73.44999999999999,14322.749999999998,139.75288134649998,14182.997118653499,Reversal,2026-01-20,2,True,False,3867061,72751,80026,0,100139,1.9
2026-01-16 11:15:00,2026-01-19 13:35:00,BEAR_CALL,25806.6,25800,26300,137.65,6.2,10.5,1.8,131.45000000000002,8.7,122.75000000000001,23936.250000000004,134.49234497449999,23801.757655025503,Reversal,2026-01-20,3,True,False,3881244,73119,80431,0,100646,1.9
2026-01-19 13:35:00,2026-01-19 15:15:00,BULL_PUT,25560.3,25550,25050,66.75,3.1,50.5,2.25,63.65,48.25,15.399999999999999,3002.9999999999995,118.21987563799998,2884.7801243619997,Reversal,2026-01-20,0,False,False,3905046,72421,79663,0,99685,1.9
2026-01-19 15:15:00,2026-01-20 13:10:00,BEAR_CALL,25571.7,25550,26050,83.6,2.25,4.65,0.95,81.35,3.7,77.64999999999999,15141.749999999998,118.4251094135,15023.324890586498,Target,2026-01-20,1,True,False,3907931,72453,79698,0,99730,1.9
2026-01-20 13:10:00,2026-01-21 09:15:00,BEAR_CALL,25415.95,25400,25900,182.6,25.4,79.55,10.75,157.2,68.8,88.39999999999999,17238.0,157.17322262899998,17080.826777371,Reversal,2026-01-27,1,True,True,3922954,103782,114160,31770,99122,2.6
2026-01-21 09:15:00,2026-01-21 09:55:00,BULL_PUT,25242.4,25250,24750,166.85,36.25,159.5,33.85,130.6,125.65,4.949999999999989,965.2499999999977,167.18444406350002,798.0655559364977,Reversal,2026-01-27,0,False,False,3940035,71520,78672,0,98445,1.8
2026-01-21 09:55:00,2026-01-21 11:10:00,BEAR_CALL,25158.7,25150,25650,191.2,25.0,125.85,22.1,166.2,103.75,62.44999999999999,12177.749999999998,166.7306755145,12011.019324485498,Reversal,2026-01-27,0,False,False,3940833,71283,78411,0,98119,1.8
2026-01-21 11:10:00,2026-01-21 13:15:00,BULL_PUT,25054.75,25050,24550,158.15,39.25,90.35,28.75,118.9,61.599999999999994,57.30000000000001,11173.500000000002,157.551795395,11015.948204605002,Reversal,2026-01-27,0,False,False,3952844,70988,78087,0,97714,1.8
2026-01-21 13:15:00,2026-01-22 09:15:00,BEAR_CALL,25214.4,25200,25700,203.45,28.1,225.95,27.9,175.35,198.04999999999998,-22.69999999999999,-4426.499999999998,180.79478190199998,-4607.294781901998,Reversal,2026-01-27,1,True,False,3963860,71441,78585,0,98336,1.8
2026-01-22 09:15:00,2026-01-22 10:15:00,BULL_PUT,25318.0,25300,24800,114.3,19.25,86.2,19.25,95.05,66.95,28.099999999999994,5479.499999999999,140.65345907,5338.846540929999,Reversal,2026-01-27,0,False,False,3959253,71734,78908,0,98740,1.8
2026-01-22 10:15:00,2026-01-22 12:30:00,BEAR_CALL,25341.3,25350,25850,177.45,20.3,107.7,13.15,157.14999999999998,94.55,62.59999999999998,12206.999999999996,158.43610311799998,12048.563896881997,Reversal,2026-01-27,0,False,False,3964591,71800,78980,0,98831,1.8
2026-01-22 12:30:00,2026-01-22 13:10:00,BULL_PUT,25264.55,25250,24750,126.75,21.3,142.25,21.95,105.45,120.3,-14.849999999999994,-2895.749999999999,149.95296821750003,-3045.702968217499,Reversal,2026-01-27,0,False,False,3976640,71583,78741,0,98532,1.8
2026-01-22 13:10:00,2026-01-22 14:30:00,BEAR_CALL,25191.95,25200,25700,159.6,19.45,172.75,17.75,140.15,155.0,-14.849999999999994,-2895.749999999999,160.40504001649995,-3056.1550400164992,Reversal,2026-01-27,0,False,False,3973594,71377,78515,0,98249,1.8
2026-01-22 14:30:00,2026-01-23 10:15:00,BULL_PUT,25276.2,25300,24800,133.3,17.3,106.1,11.65,116.00000000000001,94.44999999999999,21.550000000000026,4202.250000000005,145.3877154605,4056.8622845395043,Reversal,2026-01-27,1,True,False,3970538,71616,78777,0,98577,1.8
2026-01-23 10:15:00,2026-01-27 09:35:00,BEAR_CALL,25261.35,25250,25750,146.7,7.6,24.45,2.05,139.1,22.4,116.69999999999999,22756.499999999996,138.416563604,22618.083436395995,Reversal,2026-01-27,4,True,False,3974595,71574,78731,0,98519,1.8
2026-01-27 09:35:00,2026-01-27 10:40:00,BULL_PUT,25091.5,25100,24600,296.7,122.25,246.7,98.9,174.45,147.79999999999998,26.650000000000006,5196.750000000001,236.38170636650003,4960.368293633501,Reversal,2026-02-03,0,False,True,3997213,102457,112703,31364,97857,2.6
2026-01-27 10:40:00,2026-01-27 11:35:00,BEAR_CALL,25030.0,25050,25550,351.25,124.0,335.65,120.3,227.25,215.34999999999997,11.900000000000034,2320.500000000007,265.385289956,2055.1147100440066,Reversal,2026-02-03,0,False,True,4002173,102206,112426,31288,97617,2.6
2026-01-27 11:35:00,2026-01-27 12:45:00,BULL_PUT,25090.5,25100,24600,260.4,102.8,253.3,101.0,157.59999999999997,152.3,5.2999999999999545,1033.4999999999911,225.78015702500002,807.7198429749911,Reversal,2026-02-03,0,False,True,4004229,102453,112698,31363,97853,2.6
2026-01-27 12:45:00,2026-01-27 14:35:00,BEAR_CALL,25058.5,25050,25550,345.25,121.9,315.5,107.95,223.35,207.55,15.799999999999983,3080.999999999997,258.348301478,2822.651698521997,Reversal,2026-02-03,0,False,True,4005036,102322,112554,31323,97728,2.6
2026-01-27 14:35:00,2026-01-28 10:05:00,BULL_PUT,25092.4,25100,24600,253.9,92.2,142.75,48.55,161.7,94.2,67.49999999999999,13162.499999999996,198.810747662,12963.689252337996,Reversal,2026-02-03,1,True,True,4007859,102461,112707,31366,97860,2.6
2026-01-28 10:05:00,2026-01-28 11:00:00,BEAR_CALL,25252.1,25250,25750,271.75,76.0,269.8,73.65,195.75,196.15,-0.4000000000000057,-78.00000000000111,220.443706256,-298.4437062560011,Reversal,2026-02-03,0,False,False,4020823,71548,78702,0,98483,1.8
2026-01-28 11:00:00,2026-01-28 12:25:00,BULL_PUT,25321.1,25300,24800,216.5,71.9,208.5,68.1,144.6,140.4,4.199999999999989,818.9999999999977,197.85865595,621.1413440499978,Reversal,2026-02-03,0,False,False,4020524,71743,78917,0,98752,1.8
2026-01-28 12:25:00,2026-01-28 14:45:00,BEAR_CALL,25271.8,25250,25750,252.1,61.1,234.15,58.45,191.0,175.7,15.300000000000011,2983.5000000000023,206.35075135400004,2777.1492486460024,Reversal,2026-02-03,0,False,False,4021145,71603,78764,0,98560,1.8
2026-01-28 14:45:00,2026-01-29 09:15:00,BULL_PUT,25280.5,25300,24800,213.85,62.2,211.8,59.85,151.64999999999998,151.95000000000002,-0.3000000000000398,-58.50000000000776,194.27738185099997,-252.77738185100773,Reversal,2026-02-03,1,True,False,4023922,71628,78791,0,98594,1.8
2026-01-29 09:15:00,2026-01-29 11:00:00,BEAR_CALL,25280.55,25300,25800,199.8,44.95,184.9,43.25,154.85000000000002,141.65,13.200000000000017,2574.000000000003,181.90990402700004,2392.0900959730034,Reversal,2026-02-03,0,False,False,4023670,71628,78791,0,98594,1.8
2026-01-29 11:00:00,2026-01-30 09:15:00,BULL_PUT,25238.4,25250,24750,196.7,52.1,177.7,46.0,144.6,131.7,12.900000000000006,2515.500000000001,181.80856767500003,2333.6914323250007,Reversal,2026-02-03,1,True,False,4026062,71509,78660,0,98430,1.8
2026-01-30 09:15:00,2026-01-30 09:45:00,BEAR_CALL,25259.3,25250,25750,208.0,42.05,222.1,51.7,165.95,170.39999999999998,-4.449999999999989,-867.7499999999977,189.53442592550002,-1057.2844259254978,Reversal,2026-02-03,0,False,False,4028395,71568,78725,0,98511,1.8
2026-01-30 09:45:00,2026-01-30 11:30:00,BULL_PUT,25305.55,25300,24800,198.15,50.0,218.75,56.85,148.15,161.9,-13.75,-2681.25,188.63663746250003,-2869.8866374625,Reversal,2026-02-03,0,False,False,4027338,71699,78869,0,98692,1.8
2026-01-30 11:30:00,2026-01-30 12:20:00,BEAR_CALL,25245.85,25250,25750,211.8,51.0,223.3,53.7,160.8,169.60000000000002,-8.800000000000011,-1716.0000000000023,192.03245827400005,-1908.0324582740022,Reversal,2026-02-03,0,False,False,4024468,71530,78683,0,98459,1.8
2026-01-30 12:20:00,2026-01-30 13:05:00,BULL_PUT,25306.95,25300,24800,204.1,52.0,208.8,53.05,152.1,155.75,-3.6500000000000057,-711.7500000000011,188.5338691085,-900.2838691085011,Reversal,2026-02-03,0,False,False,4022560,71703,78873,0,98697,1.8
2026-01-30 13:05:00,2026-01-30 13:40:00,BEAR_CALL,25243.75,25250,25750,219.5,52.6,222.05,55.1,166.9,166.95000000000002,-0.05000000000001137,-9.750000000002217,194.5837605275,-204.33376052750222,Reversal,2026-02-03,0,False,False,4021660,71524,78676,0,98451,1.8
2026-01-30 13:40:00,2026-02-01 09:15:00,BULL_PUT,25301.2,25300,24800,213.9,55.95,191.85,51.15,157.95,140.7,17.25,3363.75,189.58019749550002,3174.1698025045,Reversal,2026-02-03,2,True,False,4021456,71687,78855,0,98675,1.8
2026-02-01 09:15:00,2026-02-01 10:10:00,BEAR_CALL,25282.8,25300,25800,201.05,47.3,217.0,56.2,153.75,160.8,-7.050000000000011,-1374.7500000000023,188.8689887765,-1563.6189887765022,Reversal,2026-02-03,0,False,False,4024630,71635,78798,0,98603,1.8
2026-02-01 10:10:00,2026-02-01 11:40:00,BULL_PUT,25351.0,25350,24850,200.05,48.2,188.55,44.0,151.85000000000002,144.55,7.300000000000011,1423.5000000000023,182.792947604,1240.7070523960024,Reversal,2026-02-03,0,False,False,4023066,71828,79011,0,98869,1.8
2026-02-01 11:40:00,2026-02-01 12:05:00,BEAR_CALL,25311.55,25300,25800,234.75,55.05,181.1,43.25,179.7,137.85,41.849999999999994,8160.749999999999,192.1438750145,7968.606124985499,Reversal,2026-02-03,0,False,False,4024307,71716,78888,0,98715,1.8
2026-02-01 12:05:00,2026-02-01 12:10:00,BULL_PUT,25349.65,25350,24850,221.8,46.9,158.15,28.15,174.9,130.0,44.900000000000006,8755.500000000002,181.64279915,8573.857200850001,Reversal,2026-02-03,0,False,False,4032275,71824,79006,0,98864,1.8
2026-02-01 12:10:00,2026-02-01 12:30:00,BEAR_CALL,25223.55,25200,25700,283.95,69.15,80.95,19.45,214.79999999999998,61.5,153.29999999999998,29893.499999999996,191.621114705,29701.878885294995,Reversal,2026-02-03,0,False,False,4040849,71467,78613,0,98372,1.8
2026-02-01 12:30:00,2026-02-01 13:50:00,BULL_PUT,24834.45,24850,24350,239.5,71.7,101.2,24.3,167.8,76.9,90.9,17725.5,182.65515292100002,17542.844847079,Reversal,2026-02-03,0,False,False,4070551,70364,77401,0,96854,1.7
2026-02-01 13:50:00,2026-02-02 09:20:00,BEAR_CALL,24996.2,25000,25500,190.35,28.75,92.6,13.4,161.6,79.19999999999999,82.4,16068.000000000002,161.494350713,15906.505649287003,Reversal,2026-02-03,1,True,False,4088094,70823,77905,0,97485,1.7
2026-02-02 09:20:00,2026-02-02 10:00:00,BULL_PUT,24875.8,24900,24400,214.9,46.0,175.9,31.9,168.9,144.0,24.900000000000006,4855.500000000001,182.250311081,4673.249688919001,Reversal,2026-02-03,0,False,False,4104001,70481,77530,0,97016,1.7
2026-02-02 10:00:00,2026-02-02 11:30:00,BEAR_CALL,24816.65,24800,25300,164.3,16.05,99.05,7.15,148.25,91.89999999999999,56.35000000000001,10988.250000000002,151.9987807265,10836.251219273501,Reversal,2026-02-03,0,False,False,4108674,70314,77345,0,96785,1.7
2026-02-02 11:30:00,2026-02-03 09:15:00,BULL_PUT,24826.75,24850,24350,180.45,21.1,11.55,3.7,159.35,7.8500000000000005,151.5,29542.5,148.274520284,29394.225479716,Reversal,2026-02-03,1,True,False,4119510,70342,77377,0,96824,1.7
2026-02-03 09:15:00,2026-02-03 10:20:00,BEAR_CALL,25809.75,25800,26300,246.95,115.65,233.9,68.75,131.29999999999998,165.15,-33.85000000000002,-6600.750000000005,212.54664260750002,-6813.2966426075045,Reversal,2026-02-10,0,False,True,4148904,105390,115929,32262,100658,2.5
2026-02-03 10:20:00,2026-02-03 14:40:00,BULL_PUT,25781.25,25800,25300,251.8,83.8,196.8,44.45,168.0,152.35000000000002,15.649999999999977,3051.7499999999955,201.10309381550005,2850.6469061844955,Reversal,2026-02-10,0,False,True,4142091,105273,115801,32227,100547,2.5
2026-02-03 14:40:00,2026-02-04 09:20:00,BEAR_CALL,25746.6,25750,26250,214.05,45.4,175.45,35.05,168.65,140.39999999999998,28.25000000000003,5508.7500000000055,182.7951493685,5325.954850631506,Reversal,2026-02-10,1,True,True,4144942,105132,115645,32183,100412,2.5
2026-02-04 09:20:00,2026-02-04 11:20:00,BULL_PUT,25754.15,25750,25250,189.85,45.55,176.25,35.45,144.3,140.8,3.5,682.5,176.286358073,506.213641927,Reversal,2026-02-10,0,False,False,4150268,72970,80267,0,100441,1.8
2026-02-04 11:20:00,2026-02-04 13:50:00,BEAR_CALL,25698.05,25700,26200,180.65,30.0,200.8,29.9,150.65,170.9,-20.25,-3948.75,172.9913464505,-4121.7413464505,Reversal,2026-02-10,0,False,False,4150774,72811,80092,0,100222,1.8
2026-02-04 13:50:00,2026-02-04 15:25:00,BULL_PUT,25786.25,25800,25300,162.2,31.1,172.7,36.8,131.1,135.89999999999998,-4.799999999999983,-935.9999999999967,167.42063896399998,-1103.4206389639967,Reversal,2026-02-10,0,False,False,4146652,73061,80367,0,100566,1.8
2026-02-04 15:25:00,2026-02-05 10:20:00,BEAR_CALL,25737.5,25750,26250,173.9,28.55,118.45,16.55,145.35,101.9,43.44999999999999,8472.749999999998,160.06341339349999,8312.686586606498,Reversal,2026-02-10,1,True,False,4145549,72923,80215,0,100376,1.8
2026-02-05 10:20:00,2026-02-05 12:15:00,BULL_PUT,25694.6,25700,25200,144.05,22.8,166.2,24.7,121.25000000000001,141.5,-20.249999999999986,-3948.7499999999973,157.7419013825,-4106.491901382497,Reversal,2026-02-10,0,False,False,4153861,72801,80082,0,100209,1.8
2026-02-05 12:15:00,2026-02-05 14:55:00,BEAR_CALL,25615.05,25600,26100,166.5,21.05,166.9,20.35,145.45,146.55,-1.1000000000000227,-214.50000000000443,162.66309682399998,-377.1630968240044,Reversal,2026-02-10,0,False,False,4149755,72576,79834,0,99899,1.7
2026-02-05 14:55:00,2026-02-06 09:15:00,BULL_PUT,25645.2,25650,25150,129.3,19.95,159.55,19.55,109.35000000000001,140.0,-30.64999999999999,-5976.749999999998,151.39547826050003,-6128.145478260498,Reversal,2026-02-10,1,True,False,4149378,72661,79928,0,100016,1.8
2026-02-06 09:15:00,2026-02-06 11:05:00,BEAR_CALL,25603.5,25600,26100,124.85,15.05,86.95,9.65,109.8,77.3,32.5,6337.5,140.613564995,6196.886435005,Reversal,2026-02-10,0,False,False,4143250,72543,79798,0,99854,1.8
2026-02-06 11:05:00,2026-02-06 12:20:00,BULL_PUT,25559.1,25550,25050,111.0,11.6,85.1,11.0,99.4,74.1,25.30000000000001,4933.500000000002,136.685733581,4796.814266419002,Reversal,2026-02-10,0,False,False,4149446,72417,79659,0,99680,1.7
2026-02-06 12:20:00,2026-02-06 13:50:00,BEAR_CALL,25570.3,25550,26050,134.05,11.75,131.9,12.0,122.30000000000001,119.9,2.4000000000000057,468.00000000000114,147.471049811,320.52895018900114,Reversal,2026-02-10,0,False,False,4154243,72449,79694,0,99724,1.7
2026-02-06 13:50:00,2026-02-09 09:30:00,BULL_PUT,25618.6,25600,25100,100.0,10.8,19.2,4.95,89.2,14.25,74.95,14615.25,126.1045758185,14489.1454241815,Reversal,2026-02-10,3,True,False,4154564,72586,79845,0,99913,1.7
2026-02-09 09:30:00,2026-02-09 10:40:00,BEAR_CALL,25802.2,25800,26300,105.9,4.95,114.1,4.55,100.95,109.55,-8.599999999999994,-1676.9999999999989,135.449665085,-1812.4496650849987,Reversal,2026-02-10,0,False,False,4169053,73106,80417,0,100629,1.8
2026-02-09 10:40:00,2026-02-10 12:40:00,BULL_PUT,25852.35,25850,25350,73.1,7.3,3.95,0.95,65.8,3.0,62.8,12246.0,115.89885143900001,12130.101148561,Target,2026-02-10,1,True,False,4167240,73248,80573,0,100824,1.8
2026-02-10 12:40:00,2026-02-10 13:20:00,BULL_PUT,25964.7,25950,25450,130.4,24.5,129.45,23.0,105.9,106.44999999999999,-0.549999999999983,-107.24999999999667,150.4115835305,-257.66158353049667,Reversal,2026-02-17,0,False,True,4179371,106023,116625,32456,101262,2.5
2026-02-10 13:20:00,2026-02-10 14:15:00,BEAR_CALL,25931.85,25950,26450,160.6,18.15,141.2,15.25,142.45,125.94999999999999,16.5,3217.5,157.104195476,3060.395804524,Reversal,2026-02-17,0,False,True,4179113,105888,116477,32415,101134,2.5
2026-02-10 14:15:00,2026-02-10 15:20:00,BULL_PUT,25943.0,25950,25450,143.3,24.45,140.2,24.3,118.85000000000001,115.89999999999999,2.950000000000017,575.2500000000033,155.2845958175,419.96540418250333,Reversal,2026-02-17,0,False,True,4182173,105934,116527,32429,101178,2.5
2026-02-10 15:20:00,2026-02-11 09:15:00,BEAR_CALL,25911.55,25900,26400,165.8,17.9,198.0,18.7,147.9,179.3,-31.400000000000006,-6123.000000000001,164.46716085199998,-6287.467160852001,Reversal,2026-02-17,1,True,True,4182593,105805,116386,32389,101055,2.5
2026-02-11 09:15:00,2026-02-11 09:35:00,BULL_PUT,25985.0,26000,25500,116.3,16.9,124.35,18.35,99.4,106.0,-6.599999999999994,-1286.9999999999989,144.102621917,-1431.102621916999,Reversal,2026-02-17,0,False,False,4176306,73624,80987,0,101342,1.8
2026-02-11 09:35:00,2026-02-11 10:20:00,BEAR_CALL,25933.6,25950,26450,151.6,13.7,145.7,12.45,137.9,133.25,4.650000000000006,906.7500000000011,153.8401685735,752.9098314265011,Reversal,2026-02-17,0,False,False,4174875,73479,80826,0,101141,1.8
2026-02-11 10:20:00,2026-02-11 12:30:00,BULL_PUT,25961.65,25950,25450,109.05,17.5,108.3,16.75,91.55,91.55,0.0,0.0,140.294262908,-140.294262908,Reversal,2026-02-17,0,False,False,4175628,73558,80914,0,101250,1.8
2026-02-11 12:30:00,2026-02-11 13:30:00,BEAR_CALL,25926.25,25950,26450,129.95,10.55,129.5,11.2,119.39999999999999,118.3,1.0999999999999943,214.4999999999989,145.79762045599998,68.70237954399892,Reversal,2026-02-17,0,False,False,4175487,73458,80803,0,101112,1.8
2026-02-11 13:30:00,2026-02-12 09:15:00,BULL_PUT,25949.2,25950,25450,106.55,15.95,129.0,16.3,90.6,112.7,-22.10000000000001,-4309.500000000002,141.15919141400002,-4450.659191414002,Reversal,2026-02-17,1,True,False,4175556,73523,80875,0,101202,1.8
2026-02-12 09:15:00,2026-02-12 10:00:00,BEAR_CALL,25855.25,25850,26350,152.65,11.5,134.75,10.95,141.15,123.8,17.35000000000001,3383.250000000002,152.56050010549998,3230.6894998945018,Reversal,2026-02-17,0,False,False,4171105,73257,80582,0,100835,1.8
2026-02-12 10:00:00,2026-02-12 11:20:00,BULL_PUT,25871.1,25850,25350,92.85,13.55,99.0,13.2,79.3,85.8,-6.5,-1267.5,133.660007618,-1401.160007618,Reversal,2026-02-17,0,False,False,4174336,73301,80632,0,100897,1.8
2026-02-12 11:20:00,2026-02-12 12:50:00,BEAR_CALL,25833.5,25850,26350,118.6,9.95,120.3,10.4,108.64999999999999,109.89999999999999,-1.25,-243.75,141.5714778275,-385.32147782749996,Reversal,2026-02-17,0,False,False,4172935,73195,80514,0,100751,1.8
2026-02-12 12:50:00,2026-02-12 13:45:00,BULL_PUT,25853.5,25850,25350,95.5,12.3,92.4,12.05,83.2,80.35000000000001,2.8499999999999943,555.7499999999989,133.38598271749999,422.3640172824989,Reversal,2026-02-17,0,False,False,4172550,73252,80577,0,100829,1.8
2026-02-12 13:45:00,2026-02-12 15:00:00,BEAR_CALL,25817.5,25800,26300,146.6,11.0,121.9,11.15,135.6,110.75,24.849999999999994,4845.749999999999,149.7675477095,4695.982452290499,Reversal,2026-02-17,0,False,False,4172972,73150,80465,0,100688,1.8
2026-02-12 15:00:00,2026-02-13 09:15:00,BULL_PUT,25823.95,25800,25300,99.9,13.35,214.2,24.75,86.55000000000001,189.45,-102.89999999999998,-20065.499999999996,148.912904186,-20214.412904185996,Reversal,2026-02-17,1,True,False,4177668,73168,80485,0,100713,1.8
2026-02-13 09:15:00,2026-02-13 10:30:00,BEAR_CALL,25596.4,25600,26100,127.1,10.85,95.4,11.15,116.25,84.25,32.0,6240.0,142.02555453500003,6097.974445465,Reversal,2026-02-17,0,False,False,4157453,72523,79775,0,99826,1.7
2026-02-13 10:30:00,2026-02-13 11:15:00,BULL_PUT,25567.3,25550,25050,91.25,12.05,89.25,11.5,79.2,77.75,1.4500000000000028,282.75000000000057,131.7578187515,150.99218124850057,Reversal,2026-02-17,0,False,False,4163551,72441,79685,0,99712,1.7
2026-02-13 11:15:00,2026-02-13 12:10:00,BEAR_CALL,25532.2,25550,26050,114.1,11.3,117.7,11.4,102.8,106.3,-3.5,-682.5,140.492238335,-822.992238335,Reversal,2026-02-17,0,False,False,4163702,72341,79575,0,99576,1.7
2026-02-13 12:10:00,2026-02-13 12:55:00,BULL_PUT,25573.4,25550,25050,85.25,10.7,87.3,10.65,74.55,76.64999999999999,-2.0999999999999943,-409.49999999999886,129.570619757,-539.0706197569989,Reversal,2026-02-17,0,False,False,4162879,72458,79704,0,99736,1.7
2026-02-13 12:55:00,2026-02-13 13:15:00,BEAR_CALL,25542.05,25550,26050,111.9,11.0,120.7,11.4,100.9,109.3,-8.399999999999991,-1637.9999999999984,140.12002564999997,-1778.1200256499983,Reversal,2026-02-17,0,False,False,4162340,72369,79606,0,99614,1.7
2026-02-13 13:15:00,2026-02-13 13:45:00,BULL_PUT,25585.15,25600,25100,100.9,11.0,117.75,12.45,89.9,105.3,-15.399999999999991,-3002.999999999998,137.104916423,-3140.104916422998,Reversal,2026-02-17,0,False,False,4160562,72491,79740,0,99782,1.7
2026-02-13 13:45:00,2026-02-16 09:15:00,BEAR_CALL,25510.3,25500,26000,135.65,13.05,61.95,7.2,122.60000000000001,54.75,67.85000000000001,13230.750000000002,140.5548516455,13090.195148354502,Reversal,2026-02-17,3,True,False,4157422,72279,79507,0,99490,1.7
2026-02-16 09:15:00,2026-02-16 09:40:00,BULL_PUT,25472.2,25450,24950,110.2,7.7,68.65,8.05,102.5,60.60000000000001,41.89999999999999,8170.499999999998,133.85960649800003,8036.640393501998,Reversal,2026-02-17,0,False,False,4170512,72171,79388,0,99342,1.7
2026-02-16 09:40:00,2026-02-16 09:55:00,BEAR_CALL,25460.75,25450,25950,107.4,6.65,100.2,6.8,100.75,93.4,7.349999999999994,1433.2499999999989,135.41677496149998,1297.8332250384988,Reversal,2026-02-17,0,False,False,4178549,72139,79353,0,99297,1.7
2026-02-16 09:55:00,2026-02-17 09:15:00,BULL_PUT,25496.65,25500,25000,93.3,8.15,17.9,1.95,85.14999999999999,15.95,69.19999999999999,13493.999999999998,123.070878119,13370.929121880998,Reversal,2026-02-17,1,True,False,4179847,72241,79465,0,99437,1.7
2026-02-17 09:15:00,2026-02-17 09:40:00,BEAR_CALL,25612.45,25600,26100,179.2,28.7,172.7,25.85,150.5,146.85,3.6500000000000057,711.7500000000011,168.88559286350002,542.8644071365011,Reversal,2026-02-24,0,False,True,4193218,104584,115043,32016,99889,2.5
2026-02-17 09:40:00,2026-02-17 10:40:00,BULL_PUT,25642.95,25650,25150,177.8,41.2,140.8,32.85,136.60000000000002,107.95000000000002,28.650000000000006,5586.750000000001,168.7327149695,5418.017285030501,Reversal,2026-02-24,0,False,True,4193761,104709,115180,32054,100008,2.5
2026-02-17 10:40:00,2026-02-17 11:30:00,BEAR_CALL,25661.3,25650,26150,197.55,30.15,191.9,27.9,167.4,164.0,3.4000000000000057,663.0000000000011,176.34986442500002,486.6501355750011,Reversal,2026-02-24,0,False,True,4199179,104784,115262,32077,100079,2.5
2026-02-17 11:30:00,2026-02-17 13:55:00,BULL_PUT,25721.45,25700,25200,162.55,36.45,141.05,31.85,126.10000000000001,109.20000000000002,16.89999999999999,3295.499999999998,163.836458897,3131.6635411029984,Reversal,2026-02-24,0,False,True,4199665,105029,115532,32152,100314,2.5
2026-02-17 13:55:00,2026-02-17 15:05:00,BEAR_CALL,25698.85,25700,26200,180.0,24.0,176.75,20.2,156.0,156.55,-0.5500000000000114,-107.25000000000222,167.48512489849998,-274.7351248985022,Reversal,2026-02-24,0,False,True,4202797,104937,115431,32124,100226,2.5
2026-02-17 15:05:00,2026-02-18 09:55:00,BULL_PUT,25741.85,25750,25250,159.3,33.4,170.7,30.25,125.9,140.45,-14.549999999999983,-2837.249999999997,164.8294845995,-3002.079484599497,Reversal,2026-02-24,1,True,True,4202522,105113,115624,32177,100393,2.5
2026-02-18 09:55:00,2026-02-18 11:00:00,BEAR_CALL,25665.45,25650,26150,163.5,18.75,176.25,19.7,144.75,156.55,-11.800000000000011,-2301.0000000000023,162.271337066,-2463.271337066002,Reversal,2026-02-24,0,False,False,4199520,72719,79991,0,100095,1.7
2026-02-18 11:00:00,2026-02-18 13:50:00,BULL_PUT,25706.15,25700,25200,124.45,21.55,101.45,19.8,102.9,81.65,21.25,4143.75,145.15869236749998,3998.5913076325,Reversal,2026-02-24,0,False,False,4197057,72834,80118,0,100254,1.7
2026-02-18 13:50:00,2026-02-18 14:10:00,BEAR_CALL,25700.0,25700,26200,161.55,14.15,159.85,14.0,147.4,145.85,1.5500000000000114,302.2500000000022,158.3078774165,143.94212258350223,Reversal,2026-02-24,0,False,False,4201055,72817,80098,0,100230,1.7
2026-02-18 14:10:00,2026-02-19 09:25:00,BULL_PUT,25756.8,25750,25250,122.45,22.0,78.15,13.95,100.45,64.2,36.25,7068.75,140.97734172650001,6927.7726582735,Reversal,2026-02-24,1,True,False,4201199,72978,80275,0,100452,1.7
2026-02-19 09:25:00,2026-02-19 13:05:00,BEAR_CALL,25817.65,25800,26300,141.35,9.55,70.8,10.55,131.79999999999998,60.25,71.54999999999998,13952.249999999996,143.5314778175,13808.718522182497,Reversal,2026-02-24,0,False,False,4208127,73150,80465,0,100689,1.7
2026-02-19 13:05:00,2026-02-19 13:50:00,BULL_PUT,25628.0,25650,25150,155.1,28.5,164.1,28.45,126.6,135.65,-9.050000000000011,-1764.7500000000023,162.1574785745,-1926.9074785745022,Reversal,2026-02-24,0,False,False,4221936,72613,79874,0,99949,1.7
2026-02-19 13:50:00,2026-02-20 09:15:00,BEAR_CALL,25579.95,25600,26100,137.8,15.55,74.45,9.85,122.25000000000001,64.60000000000001,57.650000000000006,11241.750000000002,143.2018973195,11098.548102680501,Reversal,2026-02-24,1,True,False,4220009,72477,79724,0,99762,1.7
2026-02-20 09:15:00,2026-02-20 09:25:00,BULL_PUT,25452.9,25450,24950,109.55,16.9,140.7,26.55,92.65,114.14999999999999,-21.499999999999986,-4192.499999999997,145.940345831,-4338.440345830997,Reversal,2026-02-24,0,False,False,4231108,72117,79328,0,99266,1.7
2026-02-20 09:25:00,2026-02-20 09:30:00,BEAR_CALL,25382.1,25400,25900,143.95,16.45,152.6,16.55,127.49999999999999,136.04999999999998,-8.549999999999997,-1667.2499999999995,153.7044773165,-1820.9544773164996,Reversal,2026-02-24,0,False,False,4226769,71916,79108,0,98990,1.7
2026-02-20 09:30:00,2026-02-20 12:55:00,BULL_PUT,25466.35,25450,24950,133.8,26.55,69.2,20.4,107.25000000000001,48.800000000000004,58.45000000000001,11397.750000000002,145.52119576849998,11252.228804231501,Reversal,2026-02-24,0,False,False,4224948,72155,79370,0,99319,1.7
2026-02-20 12:55:00,2026-02-20 13:30:00,BEAR_CALL,25594.6,25600,26100,146.05,14.15,124.4,12.9,131.9,111.5,20.400000000000006,3978.000000000001,150.596194925,3827.403805075001,Reversal,2026-02-24,0,False,False,4236200,72518,79770,0,99819,1.7
2026-02-20 13:30:00,2026-02-20 15:05:00,BULL_PUT,25593.5,25600,25100,140.25,30.05,128.5,30.45,110.2,98.05,12.150000000000006,2369.250000000001,155.60745692749998,2213.6425430725008,Reversal,2026-02-24,0,False,False,4240028,72515,79766,0,99815,1.7
2026-02-20 15:05:00,2026-02-23 09:15:00,BEAR_CALL,25574.2,25550,26050,153.25,13.8,157.1,9.2,139.45,147.9,-8.450000000000017,-1647.7500000000034,154.4070914105,-1802.1570914105034,Reversal,2026-02-24,3,True,False,4242241,72460,79706,0,99739,1.7
2026-02-23 09:15:00,2026-02-23 10:35:00,BULL_PUT,25697.4,25700,25200,134.75,16.1,90.05,11.9,118.65,78.14999999999999,40.500000000000014,7897.500000000003,144.34344196400002,7753.156558036003,Reversal,2026-02-24,0,False,False,4240439,72809,80090,0,100220,1.7
2026-02-23 10:35:00,2026-02-23 14:25:00,BEAR_CALL,25689.6,25700,26200,105.75,4.8,62.0,3.65,100.95,58.35,42.6,8307.0,130.569471806,8176.430528194,Reversal,2026-02-24,0,False,False,4248192,72787,80066,0,100189,1.7
2026-02-23 14:25:00,2026-02-24 09:15:00,BULL_PUT,25673.65,25650,25150,89.35,10.5,101.35,2.55,78.85,98.8,-19.950000000000003,-3890.2500000000005,129.6791908625,-4019.9291908625005,Reversal,2026-02-24,1,True,False,4256369,72742,80016,0,100127,1.7
2026-02-24 09:15:00,2026-02-24 11:35:00,BEAR_CALL,25571.45,25550,26050,226.0,38.1,177.7,25.55,187.9,152.14999999999998,35.75000000000003,6971.2500000000055,183.03019683050002,6788.219803169505,Reversal,2026-03-02,0,False,True,4252349,104417,114858,31964,99729,2.5
2026-02-24 11:35:00,2026-02-24 12:00:00,BULL_PUT,25522.2,25500,25000,166.1,41.5,182.75,45.4,124.6,137.35,-12.75,-2486.25,172.6791650225,-2658.9291650225,Reversal,2026-03-02,0,False,True,4259137,104216,114637,31903,99537,2.4
2026-02-24 12:00:00,2026-02-24 13:55:00,BEAR_CALL,25462.9,25450,25950,211.6,35.25,185.6,30.7,176.35,154.9,21.44999999999999,4182.749999999998,180.91165388450003,4001.838346115498,Reversal,2026-03-02,0,False,True,4256478,103974,114371,31829,99305,2.4
2026-02-24 13:55:00,2026-02-24 14:40:00,BULL_PUT,25411.95,25400,24900,169.6,46.0,161.6,41.7,123.6,119.89999999999999,3.700000000000003,721.5000000000006,171.16132150699997,550.3386784930005,Reversal,2026-03-02,0,False,True,4260480,103765,114142,31765,99107,2.4
2026-02-24 14:40:00,2026-02-24 15:15:00,BEAR_CALL,25381.25,25400,25900,218.85,38.55,212.5,36.35,180.3,176.15,4.150000000000006,809.2500000000011,187.1373614375,622.1126385625012,Reversal,2026-03-02,0,False,True,4261030,103640,114004,31727,98987,2.4
2026-02-24 15:15:00,2026-02-25 11:40:00,BULL_PUT,25435.55,25450,24950,176.45,43.05,71.09,17.3,133.39999999999998,53.790000000000006,79.60999999999997,15523.949999999993,158.0912167307,15365.858783269294,Reversal,2026-03-02,1,True,True,4261653,103862,114248,31794,99199,2.4
2026-02-25 11:40:00,2026-02-25 14:15:00,BEAR_CALL,25588.0,25600,26100,154.35,14.7,94.15,10.6,139.65,83.55000000000001,56.099999999999994,10939.499999999998,149.649414194,10789.850585805998,Reversal,2026-03-02,0,False,False,4277018,72499,79749,0,99793,1.7
2026-02-25 14:15:00,2026-02-26 10:55:00,BULL_PUT,25493.8,25500,25000,154.15,32.95,110.25,21.0,121.2,89.25,31.950000000000003,6230.250000000001,155.4917769605,6074.758223039501,Reversal,2026-03-02,1,True,False,4287808,72232,79456,0,99426,1.7
2026-02-26 10:55:00,2026-02-26 14:35:00,BEAR_CALL,25509.95,25500,26000,144.0,12.75,107.85,9.85,131.25,98.0,33.25,6483.75,147.60694170349998,6336.1430582965,Reversal,2026-03-02,0,False,False,4293883,72278,79506,0,99489,1.7
2026-02-26 14:35:00,2026-02-27 09:15:00,BULL_PUT,25471.25,25450,24950,106.0,16.35,130.65,14.5,89.65,116.15,-26.5,-5167.5,140.688338525,-5308.188338525,Reversal,2026-03-02,1,True,False,4300219,72169,79385,0,99338,1.7
2026-02-27 09:15:00,2026-02-27 13:45:00,BEAR_CALL,25395.4,25400,25900,111.3,7.5,64.8,6.5,103.8,58.3,45.5,8872.5,133.379233163,8739.120766837,Reversal,2026-03-02,0,False,False,4294911,71954,79149,0,99042,1.7
2026-02-27 13:45:00,2026-02-27 15:00:00,BULL_PUT,25327.65,25350,24850,126.5,13.35,158.8,17.3,113.15,141.5,-28.349999999999994,-5528.249999999999,149.3511213485,-5677.601121348499,Reversal,2026-03-02,0,False,False,4303650,71762,78938,0,98778,1.7
2026-02-27 15:00:00,2026-03-02 09:15:00,BEAR_CALL,25183.5,25200,25700,127.45,9.8,11.0,2.4,117.65,8.6,109.05000000000001,21264.750000000004,132.1934145095,21132.556585490503,Reversal,2026-03-02,3,True,False,4297972,71353,78489,0,98216,1.7
2026-03-02 09:15:00,2026-03-02 09:50:00,BULL_PUT,24892.95,24900,24400,241.95,104.4,223.6,96.95,137.54999999999998,126.64999999999999,10.899999999999991,2125.499999999998,217.079849747,1908.4201502529982,Reversal,2026-03-10,0,False,True,4319105,101646,111811,31116,97083,2.4
2026-03-02 09:50:00,2026-03-02 14:00:00,BEAR_CALL,24884.15,24900,25400,324.9,93.85,162.85,38.15,231.04999999999998,124.69999999999999,106.35,20738.25,217.50641944250003,20520.7435805575,Reversal,2026-03-10,0,False,True,4321013,101610,111771,31105,97048,2.4
2026-03-02 14:00:00,2026-03-04 09:15:00,BULL_PUT,24687.3,24700,24200,311.65,143.65,443.7,207.15,167.99999999999997,236.54999999999998,-68.55000000000001,-13367.250000000002,289.6892959745,-13656.939295974502,Reversal,2026-03-10,2,True,True,4341534,100806,110887,30859,96280,2.3
2026-03-04 09:15:00,2026-03-04 10:10:00,BEAR_CALL,24385.1,24400,24900,286.15,88.75,299.4,92.55,197.39999999999998,206.84999999999997,-9.449999999999989,-1842.7499999999977,233.3870910155,-2076.137091015498,Reversal,2026-03-10,0,False,False,4327877,69091,76000,0,95102,1.6
2026-03-04 10:10:00,2026-03-04 11:25:00,BULL_PUT,24413.65,24400,23900,320.65,168.0,298.45,155.0,152.64999999999998,143.45,9.199999999999989,1793.9999999999977,267.11820242299996,1526.8817975769978,Reversal,2026-03-10,0,False,False,4325801,69172,76089,0,95213,1.6
2026-03-04 11:25:00,2026-03-04 13:10:00,BEAR_CALL,24365.55,24350,24850,351.75,117.25,365.75,123.3,234.5,242.45,-7.949999999999989,-1550.2499999999977,268.40567477150006,-1818.6556747714978,Reversal,2026-03-10,0,False,False,4327328,69036,75939,0,95026,1.6
2026-03-04 13:10:00,2026-03-04 15:00:00,BULL_PUT,24461.0,24450,23950,300.1,154.2,289.8,153.6,145.90000000000003,136.20000000000002,9.700000000000017,1891.5000000000034,259.066502351,1632.4334976490034,Reversal,2026-03-10,0,False,False,4325509,69306,76237,0,95398,1.6
2026-03-04 15:00:00,2026-03-05 09:15:00,BEAR_CALL,24509.0,24500,25000,347.1,118.55,306.85,88.25,228.55,218.60000000000002,9.949999999999989,1940.2499999999977,252.35011027249996,1687.8998897274978,Reversal,2026-03-10,1,True,False,4327142,69442,76386,0,95585,1.6
2026-03-05 09:15:00,2026-03-05 10:25:00,BULL_PUT,24584.85,24600,24100,286.7,128.1,244.65,100.0,158.6,144.65,13.949999999999989,2720.2499999999977,234.2503147535,2485.999685246498,Reversal,2026-03-10,0,False,False,4328830,69657,76623,0,95881,1.6
2026-03-05 10:25:00,2026-03-05 10:40:00,BEAR_CALL,24564.55,24550,25050,246.65,55.65,274.4,61.75,191.0,212.64999999999998,-21.649999999999977,-4221.749999999995,208.81187952349998,-4430.561879523495,Reversal,2026-03-10,0,False,False,4331316,69600,76560,0,95802,1.6
2026-03-05 10:40:00,2026-03-05 11:45:00,BULL_PUT,24650.95,24650,24150,237.7,97.25,257.0,102.2,140.45,154.8,-14.350000000000023,-2798.2500000000045,219.66249341450003,-3017.9124934145048,Reversal,2026-03-10,0,False,False,4326885,69844,76829,0,96139,1.6
2026-03-05 11:45:00,2026-03-05 12:25:00,BEAR_CALL,24569.7,24550,25050,251.9,54.55,269.5,57.0,197.35000000000002,212.5,-15.149999999999977,-2954.2499999999955,208.4233640585,-3162.6733640584953,Reversal,2026-03-10,0,False,False,4323867,69614,76576,0,95822,1.6
2026-03-05 12:25:00,2026-03-05 13:55:00,BULL_PUT,24648.85,24650,24150,231.45,91.55,250.0,100.55,139.89999999999998,149.45,-9.550000000000011,-1862.2500000000023,216.3588150365,-2078.608815036502,Reversal,2026-03-10,0,False,False,4320704,69838,76822,0,96131,1.6
2026-03-05 13:55:00,2026-03-05 14:35:00,BEAR_CALL,24573.7,24550,25050,241.35,45.5,243.45,44.75,195.85,198.7,-2.8499999999999943,-555.7499999999989,199.0251189815,-754.7751189814988,Reversal,2026-03-10,0,False,False,4318626,69625,76588,0,95837,1.6
2026-03-05 14:35:00,2026-03-05 15:10:00,BULL_PUT,24672.5,24650,24150,234.4,90.15,164.6,59.3,144.25,105.3,38.95,7595.250000000001,198.1262578235,7397.123742176501,Reversal,2026-03-10,0,False,False,4317871,69905,76896,0,96223,1.6
2026-03-05 15:10:00,2026-03-09 09:25:00,BEAR_CALL,24714.8,24700,25200,262.1,53.8,15.8,5.75,208.3,10.05,198.25,38658.75,174.7036233935,38484.0463766065,Target,2026-03-10,4,True,False,4325268,70025,77028,0,96388,1.6
2026-03-09 09:25:00,2026-03-09 10:05:00,BEAR_CALL,23736.75,23750,24250,234.65,58.95,238.45,55.1,175.7,183.35,-7.650000000000006,-1491.7500000000011,200.7783155045,-1692.528315504501,Reversal,2026-03-10,0,False,False,4363752,67254,73980,0,92573,1.5
2026-03-09 10:05:00,2026-03-10 09:30:00,BULL_PUT,23808.7,23800,23300,232.65,80.15,11.35,1.65,152.5,9.7,142.8,27846.000000000004,167.33436745400004,27678.665632546003,Reversal,2026-03-10,1,True,False,4362060,67458,74204,0,92854,1.5
2026-03-10 09:30:00,2026-03-10 10:15:00,BEAR_CALL,24124.45,24100,24600,352.9,125.9,384.2,139.45,226.99999999999997,244.75,-17.75000000000003,-3461.2500000000055,275.5778273435,-3736.8278273435053,Reversal,2026-03-17,0,False,True,4389738,98508,108359,30156,94085,2.2
2026-03-10 10:15:00,2026-03-10 12:10:00,BULL_PUT,24204.55,24200,23700,300.65,144.25,278.95,126.4,156.39999999999998,152.54999999999998,3.8499999999999943,750.7499999999989,249.85790165749995,500.8920983424989,Reversal,2026-03-17,0,False,True,4386002,98835,108719,30256,94398,2.3
2026-03-10 12:10:00,2026-03-10 13:30:00,BEAR_CALL,24172.5,24150,24650,352.85,120.0,364.35,120.6,232.85000000000002,243.75000000000003,-10.900000000000006,-2125.500000000001,268.081076114,-2393.581076114001,Reversal,2026-03-17,0,False,True,4386502,98704,108575,30216,94273,2.3
2026-03-10 13:30:00,2026-03-11 09:35:00,BULL_PUT,24231.8,24250,23750,276.8,124.8,258.3,106.05,152.0,152.25,-0.25,-48.75,234.09301234850005,-282.84301234850005,Reversal,2026-03-17,1,True,True,4384109,98947,108841,30290,94504,2.3
2026-03-11 09:35:00,2026-03-12 09:50:00,BEAR_CALL,24192.45,24200,24700,273.25,72.9,76.85,20.35,200.35,56.49999999999999,143.85,28050.75,188.87592321050002,27861.8740767895,Reversal,2026-03-17,1,True,False,4383826,68545,75400,0,94351,1.6
2026-03-12 09:50:00,2026-03-12 10:10:00,BULL_PUT,23656.75,23650,23150,284.2,127.65,274.25,117.8,156.54999999999998,156.45,0.09999999999999432,19.49999999999889,241.04855905699995,-221.54855905700106,Reversal,2026-03-17,0,False,False,4411688,67027,73730,0,92261,1.5
2026-03-12 10:10:00,2026-03-12 10:30:00,BEAR_CALL,23610.15,23600,24100,319.4,105.45,315.0,103.2,213.95,211.8,2.1499999999999773,419.24999999999557,248.3837748215,170.86622517849557,Reversal,2026-03-17,0,False,False,4411466,66895,73585,0,92080,1.5
2026-03-12 10:30:00,2026-03-12 13:05:00,BULL_PUT,23685.45,23700,23200,291.45,124.95,254.15,99.9,166.5,154.25,12.25,2388.75,236.09604318349997,2152.6539568165,Reversal,2026-03-17,0,False,False,4411637,67109,73820,0,92373,1.5
2026-03-12 13:05:00,2026-03-12 13:25:00,BEAR_CALL,23682.55,23700,24200,240.0,64.5,286.45,80.1,175.5,206.35,-30.849999999999994,-6015.749999999999,213.8883434615,-6229.638343461499,Reversal,2026-03-17,0,False,False,4413790,67101,73811,0,92362,1.5
2026-03-12 13:25:00,2026-03-12 14:05:00,BULL_PUT,23764.3,23750,23250,228.9,85.4,224.25,84.75,143.5,139.5,4.0,780.0,208.474222379,571.525777621,Reversal,2026-03-17,0,False,False,4407560,67332,74065,0,92681,1.5
2026-03-12 14:05:00,2026-03-13 11:35:00,BEAR_CALL,23721.5,23700,24200,294.55,84.15,117.05,27.2,210.4,89.85,120.55000000000001,23507.250000000004,201.19213225850004,23306.057867741503,Reversal,2026-03-17,1,True,False,4408132,67211,73932,0,92514,1.5
2026-03-13 11:35:00,2026-03-13 12:05:00,BULL_PUT,23405.15,23400,22900,228.2,81.05,254.05,88.0,147.14999999999998,166.05,-18.900000000000034,-3685.500000000007,211.41592451899996,-3896.9159245190067,Reversal,2026-03-17,0,False,False,4431438,66315,72946,0,91280,1.5
2026-03-13 12:05:00,2026-03-13 14:10:00,BEAR_CALL,23331.6,23350,23850,239.6,63.3,175.75,48.9,176.3,126.85,49.45000000000002,9642.750000000004,195.30693405649998,9447.443065943504,Reversal,2026-03-17,0,False,False,4427541,66106,72717,0,90993,1.5
2026-03-16 09:35:00,2026-03-16 09:55:00,BULL_PUT,23242.75,23250,22750,174.25,42.05,179.35,40.8,132.2,138.55,-6.350000000000023,-1238.2500000000045,173.4121317635,-1411.6621317635045,Reversal,2026-03-17,0,False,False,4436988,65854,72440,0,90647,1.5
2026-03-16 10:00:00,2026-03-16 11:05:00,BEAR_CALL,23196.95,23200,23700,175.45,25.95,109.35,16.05,149.5,93.3,56.2,10959.0,159.326582084,10799.673417916,Reversal,2026-03-17,0,False,False,4435577,65725,72297,0,90468,1.5
2026-03-16 12:45:00,2026-03-16 14:15:00,BEAR_CALL,23102.65,23100,23600,194.75,27.55,190.5,27.1,167.2,163.4,3.799999999999983,740.9999999999967,175.001381237,565.9986187629967,Reversal,2026-03-17,0,False,False,4446376,65458,72003,0,90100,1.5
2026-03-16 14:15:00,2026-03-16 15:15:00,BULL_PUT,23225.6,23250,22750,213.05,45.2,97.45,21.1,167.85000000000002,76.35,91.50000000000003,17842.500000000007,171.785561084,17670.714438916006,Reversal,2026-03-17,0,False,False,4446942,65806,72386,0,90580,1.5
2026-03-16 15:15:00,2026-03-17 09:35:00,BEAR_CALL,23376.0,23400,23900,150.45,16.75,91.2,1.75,133.7,89.45,44.249999999999986,8628.749999999996,146.03880899450002,8482.711191005495,Reversal,2026-03-17,1,True,False,4464613,66232,72855,0,91166,1.5
